gene,log2FC,pvalue,padj
RPL36AL,-0.5968162456695847,4.568139297010894e-43,6.616492957790579e-39
MRPL51,-0.4192611092091916,7.724301496622353e-40,5.593939143853908e-36
NDUFA1,-0.8038394676032841,7.102418204997284e-38,3.429047509372689e-34
CETN2,-0.2579554279494616,1.8254533616998735e-35,6.609966622715241e-32
RPS25,-0.5943915812358576,1.337651039818842e-34,3.8749075321472214e-31
NDUFS5,-0.6655535653948164,3.426541306590294e-33,8.27167071410897e-30
COX17,-0.39085702413431633,8.199448684789453e-32,1.6965830678641492e-28
RPA3,-0.3405903737626357,1.2103778997188401e-30,2.19138918744096e-27
RPS27A,-0.4851937087190592,2.7292500782390948e-30,4.392273125912783e-27
ATP6V1E1,-0.32656187336737297,1.0877888196636746e-29,1.575553326400866e-26
UFC1,-0.3000588792817247,2.4714491331256697e-29,3.254224476744745e-26
UQCRH,-0.3326160184748934,4.5768584553201435e-29,5.524268155571414e-26
ATP5O,-0.5436405349308693,3.3950757596157027e-28,3.782636715559526e-25
MRPL33,-0.2577726731563956,4.968049861449963e-28,5.139802442374375e-25
SHFM1,-0.3627453669617786,8.704794649858322e-28,8.405349713903196e-25
ATP5EP2,-0.4953835867122418,3.8841852663921596e-26,3.5161587124015025e-23
MRPS17,-0.15032968176168637,9.976290549157687e-26,8.499799547882349e-23
PRDX1,-0.28776338796286005,1.9676646697523627e-25,1.5833141709274013e-22
SNRPB2,-0.23261024087584659,2.3668053142891377e-25,1.8042530616928353e-22
RPF2,-0.2693964258913386,2.5357198718951485e-25,1.8363683312264665e-22
CWC15,-0.2702944035509649,3.519190944927192e-25,2.4272362688726403e-22
PPIAL4A,-0.3448537470289512,3.915947260369703e-25,2.578117278145217e-22
ATP5I,-0.2829149796572885,5.590376950547096e-25,3.5204791196401803e-22
AIF1,-0.47524044049366054,6.077310689310082e-25,3.6676570009986344e-22
ATP6V1D,-0.3284945254270468,2.0149700019630324e-23,1.1224932887858678e-20
DNAJA1,-0.47695944973294147,1.997530377425085e-23,1.1224932887858678e-20
ENY2,-0.48014531216235223,3.1664354196518477e-23,1.6986166895643467e-20
GTF2H5,-0.2777592477720052,3.53512804461227e-23,1.7656136068332454e-20
ARPC3,-0.378317253852158,3.470297528104673e-23,1.7656136068332454e-20
TOMM7,-0.780605540782835,7.532484504179752e-23,3.611953745606481e-20
ATP5J,-0.4279361298429567,7.730638367426187e-23,3.611953745606481e-20
SNTB2,0.14258254705026996,1.1930139178306583e-22,5.3998792455810173e-20
TBCA,-0.43302761724879524,1.6564047076056895e-22,7.270110843927518e-20
GTF2B,-0.28820206847564744,1.9878335712080305e-22,8.260150735061086e-20
HSPE1,-0.2995531378985943,1.9960320058487847e-22,8.260150735061086e-20
GIMAP7,-0.2815611639346507,2.507010610505623e-22,1.0086539356267623e-19
UQCRHL,-0.4310025407389535,7.084053811023525e-22,2.7731198756449927e-19
NSA2,-0.3826287644848563,9.312973760712845e-22,3.549713472372759e-19
UCHL3,-0.186666614038983,9.580986581073247e-22,3.558231016417049e-19
TCIRG1,0.13255226888369975,1.1711200787074546e-21,4.240625804999693e-19
RPL6,-0.2814400753603117,1.229953930686748e-21,4.345037251723624e-19
LDHB,-0.3938751725348162,1.2939954211475131e-21,4.462435638071567e-19
RPS24,-0.5095813047461082,1.350552993080858e-21,4.549165012042593e-19
OARD1,-0.180117010487721,1.6248692713438398e-21,5.229912561365372e-19
LSM5,-0.1835250901628207,1.5986861003294739e-21,5.229912561365372e-19
SRP19,-0.23876821484704092,1.8104677432600316e-21,5.700611911603978e-19
CCDC53,-0.2808993531833712,1.8862167451470875e-21,5.812758156746896e-19
SSB,-0.24216521236736455,2.318666591028112e-21,6.996576438427328e-19
NGDN,-0.13986710779855382,2.688164822871842e-21,7.945995774382808e-19
PSMA3,-0.24786856392340884,3.674182241200342e-21,1.0643371116309152e-18
MYL12B,-0.3146190381394707,3.9956038697645155e-21,1.1129293548013317e-18
ZMAT2,-0.39130259501126474,3.94182982788527e-21,1.1129293548013317e-18
GNL2,-0.1937197650108713,6.120602267629851e-21,1.6726566649877502e-18
SOD1,-0.31776297881081916,1.0711749521877476e-20,2.873129260645803e-18
CREBRF,0.24311294406743755,1.1983019149163823e-20,3.1556736246634326e-18
DRG1,-0.1417335052893911,1.3236389223374243e-20,3.423497526988438e-18
RPL11,-0.43041628595660164,1.4353744693759434e-20,3.6473620727089765e-18
EIF3E,-0.506365454113034,1.4831809733950692e-20,3.703860899767962e-18
DNAJC8,-0.2672941244419196,1.891244871378575e-20,4.642845884245302e-18
BTF3,-0.2058504443558089,2.239137203999566e-20,5.405277210454953e-18
MRPS33,-0.14963599942629902,2.3349693596783028e-20,5.544212492718121e-18
IGBP1,-0.2442053454152262,2.4198083390995547e-20,5.652984513470638e-18
SSBP1,-0.22160153792337134,3.1253140120675796e-20,7.127564355922532e-18
ATP5F1,-0.27746994535871394,3.1494346781209756e-20,7.127564355922532e-18
UQCRBP1,-0.6479183064708316,4.789779952823672e-20,1.0673103513338163e-17
TCEAL8,-0.13894707135604367,6.754448509216012e-20,1.4822944273861323e-17
GTF2A2,-0.1607775066666619,7.014000608620507e-20,1.5162803703770064e-17
NBEAL2,0.2595499746999774,7.959729875378105e-20,1.6954224634555364e-17
NME1,-0.09278371473126334,9.803090972486692e-20,2.0577966615289456e-17
EEF1B2,-0.2323469554647728,1.0062175643612732e-19,2.0820078860298116e-17
PTRH2,-0.12413014611755013,1.0660488041353773e-19,2.1747395604361697e-17
MRPL22,-0.25891588945239974,1.1026726783330702e-19,2.2182098712466927e-17
MRPL39,-0.08833715378409757,1.620522157544378e-19,3.215293552037366e-17
DBI,-0.39854164661341773,1.9939608698557677e-19,3.902774221485262e-17
UQCRB,-0.12339471501534227,2.8925006392851813e-19,5.585997234587543e-17
TYK2,0.22545698624390909,3.577346209649578e-19,6.817668750074275e-17
MRPS18C,-0.2968079031200759,3.6296599119116072e-19,6.827531709626977e-17
HSP90AA1,-0.3089917454829134,3.774946410258035e-19,6.921053646351567e-17
LARP7,-0.22472475249209722,3.76367224092544e-19,6.921053646351567e-17
C11orf1,-0.21535399603611616,5.022358396133397e-19,9.092979876199515e-17
RPAIN,-0.22531662529546104,6.67935843581941e-19,1.194368241782819e-16
TRAPPC4,-0.1738304344865096,6.85988855006515e-19,1.2116905580383368e-16
POMP,-0.16206572907473493,7.0234319392548375e-19,1.2256311832309285e-16
PSMC2,-0.29274020185395244,7.585616875774581e-19,1.307977081294274e-16
TXN,-0.524710289048743,7.715516166300268e-19,1.3147239547375659e-16
RPL26,-0.8106731587032572,7.85114187120727e-19,1.3222783588670475e-16
METTL5,-0.2415826184706571,8.050197576615434e-19,1.340219099996528e-16
SRP14,-0.3427155377723796,8.44840766824322e-19,1.390531098486759e-16
RPL24,-0.3863594453225563,9.32859201025296e-19,1.518149737938246e-16
LSM3,-0.5205256450061349,9.501455210178118e-19,1.5291008584913317e-16
CWC27,-0.15740620221883184,1.0075287108370636e-18,1.603631411842201e-16
TMSB10,-0.2108415529589518,1.148456756952801e-18,1.8080703986635186e-16
TMA7,-0.6043670843215629,1.1798816842430296e-18,1.8375705714597894e-16
ING3,-0.083598497809251,1.5465566343301639e-18,2.3830134352806483e-16
CDC26,-0.19399273609887757,1.5858608152622823e-18,2.4178534787640945e-16
HELZ,0.1421470456030196,1.6112914413753455e-18,2.431035962175053e-16
SARNP,-0.441527680228341,1.6466796609705907e-18,2.4588152793296945e-16
BRIX1,-0.1430782988608179,1.823156233246777e-18,2.694550498198604e-16
RPL12,-0.24309335421338218,1.9386352000786863e-18,2.8079192237939695e-16
BOLA3,-0.11495514179854638,1.9234681834469038e-18,2.8079192237939695e-16
SLIRP,-0.456768880020741,2.1914415092702877e-18,3.142657308937708e-16
ERH,-0.3158556614552026,2.217234991255487e-18,3.1484736875827915e-16
RPL21,-0.5922267101397107,2.7858598318431494e-18,3.9175139615938034e-16
MRPS21,-0.18143431011644395,3.522947136776483e-18,4.869558691570208e-16
AK2,-0.07256731906966163,3.530127469033912e-18,4.869558691570208e-16
ANKRD13D,0.06464875583209473,3.65378725715215e-18,4.992590059678466e-16
MRPL17,-0.16778060054512878,3.742278457958085e-18,5.065715998604197e-16
TMEM258,-0.20692499008716148,3.8080655853866076e-18,5.107039068401817e-16
MRPL35,-0.10393402062498325,4.082676508664942e-18,5.425090509312203e-16
MYL6,-0.38418639234140706,4.15351185547151e-18,5.469042337695395e-16
TIMM23,-0.1107986670971206,4.8928933111708956e-18,6.384564569279212e-16
PFDN5,-0.5234593718360703,5.524832689866211e-18,7.144792560716268e-16
NDUFB3,-0.5628000095045929,5.85291352337187e-18,7.502088448895414e-16
C7orf43,0.18255426477716252,6.284085851032463e-18,7.984096444417034e-16
H2AFZ,-0.27637299205116683,7.452583622137494e-18,9.386367059394736e-16
RPL17,-0.6930095889928456,8.033335354143929e-18,1.003058873012247e-15
LPP,0.13239397636385064,9.006446161074631e-18,1.1149518478376492e-15
RPS12,-0.20671992243961057,9.256967714967985e-18,1.1362535625728501e-15
SNRPG,-0.5923691361588705,9.437214259487446e-18,1.1486437927261861e-15
TCEAL4,-0.08054764226631939,1.0345739258036883e-17,1.2487307284450518e-15
POLR3GL,-0.26535822036293233,1.1186563424218418e-17,1.3286091853369651e-15
CD3D,-0.29744658795205225,1.119099148102111e-17,1.3286091853369651e-15
MTIF3,-0.1959799203911805,1.1282853269118382e-17,1.3286247703244768e-15
BEX2,-0.20005081487980192,1.2544993504449687e-17,1.4653361767616877e-15
MDH1,-0.30787462331459814,1.3164644943987587e-17,1.5254137389497297e-15
METAP2,-0.2805008680458254,1.3674062477067056e-17,1.5718660390304702e-15
SF3B6,-0.2713475986677256,1.4101081102439066e-17,1.6081894384860425e-15
PPIG,-0.18113159342336882,1.4805961632292007e-17,1.6753870959540424e-15
NDUFS4,-0.3885028426726542,1.5447669055972704e-17,1.734449911679912e-15
HSPB11,-0.2401823225743671,1.6754587178957747e-17,1.866718774615569e-15
ZSWIM8,0.1820982343278068,1.69121551148985e-17,1.8698904937724417e-15
FABP5,-0.04274590331199679,2.423143828498385e-17,2.658849637270501e-15
BUD31,-0.15021665739377,2.4551827333981622e-17,2.673749376732254e-15
ENSA,-0.11178763944652559,2.733724791029499e-17,2.95487088606502e-15
SEC11A,-0.2915807270458295,2.955914908633996e-17,3.1713682619744293e-15
PSMB1,-0.29228774570826666,3.0049354267774533e-17,3.2002562295179878e-15
COPS5,-0.28356355770690556,3.600258713483275e-17,3.806288117232975e-15
ADAM8,0.22456951571322392,3.673034688050499e-17,3.855089450849524e-15
PSMA4,-0.40641013904248346,3.715517652952254e-17,3.8716228550619026e-15
CKS1B,-0.1202842260372341,4.173284632653266e-17,4.317561044239279e-15
ATP5L,-0.21696910304475026,5.269788140101986e-17,5.4133057745558275e-15
PLRG1,-0.18730216817783063,5.596215358283814e-17,5.668222604851942e-15
STX8,-0.17250302444273835,5.560321505931161e-17,5.668222604851942e-15
ATP5J2,-0.19704124085788166,7.499649125548222e-17,7.543397078780586e-15
CETN3,-0.1300494598773625,7.657326227787503e-17,7.648876764363738e-15
DPM1,-0.34073546088481343,7.867814751412725e-17,7.805303346538486e-15
VPS9D1,0.19656940927765554,8.324909590102552e-17,8.147161520476038e-15
RIOK2,-0.1754542118215605,8.301290284652215e-17,8.147161520476038e-15
ITGAM,0.2551459764797386,9.269003256360587e-17,9.010217662089042e-15
SNRPD2,-0.33829937680977196,9.822632627176352e-17,9.484734064801485e-15
CMTM2,-0.4286431881205903,1.0944259316504637e-16,1.0497791519222064e-14
NOP10,-0.27239352484795454,1.2017621077323234e-16,1.145152787394406e-14
DCTN6,-0.08895668008300905,1.320523386521652e-16,1.2498592250041896e-14
DPY30,-0.1849635374912344,1.3289030699436979e-16,1.2498592250041896e-14
KLF6,0.18256276416465766,1.6768279591886167e-16,1.5669145910250273e-14
RPL35A,-0.33889103828216705,1.7383912362019973e-16,1.614029401612162e-14
RPS17,-0.6068998037381181,1.842134705358338e-16,1.6994572657586094e-14
TMEM60,-0.15813290606930508,1.8814190293426402e-16,1.7247134949999242e-14
ZNF622,-0.12755273610296847,1.9366375261195893e-16,1.7641671653029013e-14
MRPS22,-0.24213698169006914,2.1612612861547807e-16,1.956481779291615e-14
TMEM126A,-0.24901960928962907,2.198218456451704e-16,1.9775773989594088e-14
COX6A1,-0.18819686217792686,2.3036842841682314e-16,2.059664393326708e-14
RPS20,-0.357105956302437,2.3415820099262316e-16,2.0807039160596033e-14
MAGOH,-0.19382987253839712,2.530183339661237e-16,2.2345838714422778e-14
RSL1D1,-0.2003140019677847,2.847586375808696e-16,2.499663094982615e-14
NIFK,-0.20013809626866852,2.960486472878023e-16,2.5831136188653785e-14
NDUFAF2,-0.15265126358417103,3.552892442550188e-16,3.081442762748319e-14
FXR1,-0.1122916641559506,3.588510815102848e-16,3.0938089670208124e-14
LINC01451,0.11784494316732896,3.8856107469744507e-16,3.33012935261408e-14
NDUFB2,-0.37598916318107456,3.9653688035796585e-16,3.3784942206498695e-14
UPF3B,-0.10509934612660832,4.006151828116226e-16,3.393280881779849e-14
PRIM1,-0.08731657012644245,4.58660442074067e-16,3.862347583139992e-14
RPS27,-0.5823097839175571,4.997927842607457e-16,4.184392304758752e-14
ANAPC13,-0.24080244452032495,5.249788199743671e-16,4.369996108338352e-14
RPL23,-0.5829500230487534,5.604417457026315e-16,4.638536139861094e-14
LINC00493,-0.16136631824110026,6.016471263744816e-16,4.951282374095449e-14
LLPH,-0.12194036233226324,6.519310539196563e-16,5.334784963261187e-14
PBDC1,-0.1769813940728575,6.707670267934255e-16,5.456956586707697e-14
MRPL21,-0.16241814992929537,6.743960432343813e-16,5.456956586707697e-14
MPHOSPH10,-0.09255574465879324,7.928560008650662e-16,6.379847953627566e-14
MBD6,0.2492400579114893,8.980650191958395e-16,7.186504827642287e-14
SNX2,-0.23364411738140944,9.5019805797645e-16,7.561905863588407e-14
COPS4,-0.18323846368874452,1.048622915843662e-15,8.299592520808524e-14
COX16,-0.25503405484573793,1.1142921813418086e-15,8.771417366605846e-14
ZCCHC17,-0.1540979343422979,1.2140359274342574e-15,9.504916958355559e-14
MTIF2,-0.12043105174266433,1.2661704766080294e-15,9.859792033973494e-14
TXNDC17,-0.3321635580384754,1.4211321871277285e-15,1.1007314758480224e-13
RPL26L1,-0.18841107421325098,1.5123395729219494e-15,1.165145019904336e-13
POFUT2,0.07780329817153842,1.6299651679044577e-15,1.249122512800432e-13
MRPL50,-0.18258172946670825,1.674513321028207e-15,1.2765079443038185e-13
SLU7,-0.24639660892222803,1.6955885162371925e-15,1.28580649576856e-13
EMG1,-0.17634532992869545,1.849233632570875e-15,1.3950156215706538e-13
C10orf54,0.21093454248968158,1.97442756304995e-15,1.4817413898039107e-13
SCFD1,-0.11463254688277846,2.0821880229466877e-15,1.5545572847608158e-13
RARS,-0.151320534026258,2.2432948207304747e-15,1.666250368382574e-13
TCTEX1D2,-0.08110544813802356,2.2751357721854994e-15,1.6812789043027945e-13
LYPLAL1,-0.11930975588978043,2.349118354812453e-15,1.7271385914265773e-13
COX7B,-0.32897245895849103,2.481855144090834e-15,1.8155146417682645e-13
FRG1,-0.19190117406265195,2.540960725306284e-15,1.849410811323428e-13
GNL3,-0.16402550186484088,2.5720353753159604e-15,1.8626680188038186e-13
PWP1,-0.1330538115243023,2.6981532209620467e-15,1.9442811568365314e-13
MITD1,-0.17073335830761316,2.7404550052578578e-15,1.9649876384235057e-13
UBE2V2,-0.15881890749265803,2.9094011470885508e-15,2.0758505524350035e-13
SS18L2,-0.3307860016858051,3.6603115833158595e-15,2.5923761833101697e-13
UQCRQ,-0.46139865261792323,3.669132267181612e-15,2.5923761833101697e-13
RPL7,-0.3786838011748106,3.890245751201103e-15,2.735258226232853e-13
NDUFB6,-0.17061015369987942,3.920992505356501e-15,2.7435582341827806e-13
AKAP17A,0.15533570019941223,4.3068127235464754e-15,2.999032475377267e-13
PPHLN1,-0.06608765721955212,4.489623000247929e-15,3.1113731835211e-13
ABCA2,0.052082526545844665,4.954222967294975e-15,3.416998355157163e-13
RPL4,-0.30836931114179933,5.045688981166011e-15,3.4635904835643843e-13
FAM160A2,0.13497383370654514,5.441332365661691e-15,3.717559338879431e-13
CCDC34,-0.06704191165653128,5.8991390203955215e-15,4.011414533868955e-13
RPL31,-0.7035112420594771,6.0040356276182495e-15,4.047666755829254e-13
RPL41,-0.25794899478652944,6.062135470393781e-15,4.047666755829254e-13
RPL32,-0.07121863617630098,6.064234230978653e-15,4.047666755829254e-13
SLX1A,0.10497675419716668,6.0408670588505614e-15,4.047666755829254e-13
ZC3H15,-0.1855008279382444,6.548518206239463e-15,4.3508595274849717e-13
NXF1,0.14031860252143247,7.186820993322105e-15,4.731541603058062e-13
CNPY2,-0.12297109425710318,7.154361111588656e-15,4.731541603058062e-13
ZNHIT3,-0.20943293808051866,7.40718000669311e-15,4.854551819771177e-13
GLRX3,-0.09115815725818077,7.589572757549923e-15,4.95168341533122e-13
KMT2E,0.0645536992095952,8.009644868406218e-15,5.202318218564828e-13
OCIAD2,-0.14399229171894934,9.723352486395848e-15,6.287189170221315e-13
MRPL36,-0.16997213967175018,1.2374504568252006e-14,7.965881074069424e-13
SYF2,-0.17018845126635362,1.451119554764353e-14,9.300006916463227e-13
PSMA2,-0.14399958987748018,1.4729283480661063e-14,9.398191274620916e-13
RPL5,-0.3431932672073046,1.6154897688913123e-14,1.0262611321325336e-12
GMFG,-0.36276806218146973,1.7350272571106298e-14,1.0973857987768717e-12
EBNA1BP2,-0.13233975731919756,1.850384342425022e-14,1.1652594267688705e-12
NACA,-0.20699236429565104,1.9249868127910945e-14,1.2069917314487539e-12
RBM34,-0.14828446983861987,1.9625023293878844e-14,1.2252105059850912e-12
DPH5,-0.11145026934329927,2.0610023569923124e-14,1.2811827527329035e-12
ACAT1,-0.20483086175514575,2.0956619764817087e-14,1.2971610285197037e-12
NUP37,-0.14670881071782738,2.1255361634646655e-14,1.3100538634732859e-12
WDR61,-0.15667072882777155,2.3451204911062813e-14,1.4392680166603128e-12
ANKS1A,0.11945946999370971,2.3757173087577904e-14,1.4518940717319763e-12
RPL30,-0.3399687409739123,2.499048657665935e-14,1.520849611665269e-12
PDCD10,-0.11356850864107049,2.614271469933477e-14,1.584314141025794e-12
C14orf166,-0.2139649156800303,2.637550586729107e-14,1.591761779091016e-12
RPL39,-0.5633514935194928,2.7095588814916768e-14,1.6217045801456798e-12
PPA1,-0.2811779630303324,2.7071702320657955e-14,1.6217045801456798e-12
RWDD1,-0.3019973190492262,2.7410363278250752e-14,1.6337930112024028e-12
CCDC90B,-0.10587714552147709,2.752370257634313e-14,1.6338250332612863e-12
VDAC3,-0.169452386453262,2.7966949372506522e-14,1.6529329144188334e-12
CALML4,-0.05952675674764851,2.8073839888638015e-14,1.6529329144188334e-12
CWF19L2,-0.14819709949772175,3.4336487367844935e-14,2.0134804981209154e-12
COMMD1,-0.12812593488581392,3.530438351754631e-14,2.061889882532826e-12
ESD,-0.09475267184559755,3.784666188300822e-14,2.201490163507996e-12
PSMD14,-0.12475288808588214,3.923981839676345e-14,2.273398118634887e-12
MRPS28,-0.11620390904342326,3.9419302088758985e-14,2.274697894237391e-12
CMSS1,-0.06110312205330537,3.97915093026714e-14,2.2870643680154467e-12
NUCB2,-0.15490775522828226,4.105684693850826e-14,2.3504639172227416e-12
DNAJC9,-0.13060077498211253,4.195797297497007e-14,2.392595592793175e-12
ABHD16A,0.11334077592966096,4.261997777630694e-14,2.420814737694234e-12
NEDD8,-0.09698295049389216,4.354473874414523e-14,2.463679671758592e-12
RGL2,0.13604623860397602,4.561443077925048e-14,2.5707370249286536e-12
PUM3,-0.13211554007465853,4.7327357032124285e-14,2.6569358110592567e-12
C14orf159,0.16989356252778087,4.8605708253503794e-14,2.7181663256515407e-12
HPF1,-0.08963689450744194,5.4508668070846954e-14,3.0365521089928738e-12
DPH3,-0.10451606822896586,5.824090829652607e-14,3.232035692593424e-12
NPEPL1,0.1684841946666893,6.475405664237681e-14,3.579762429038877e-12
COX7C,-0.6199343115959994,7.484410029991599e-14,4.1218325047299745e-12
RAD51C,-0.05832191905470818,7.77993968241795e-14,4.26835781667203e-12
THYN1,-0.06865190470444471,7.90076213279182e-14,4.318288254013461e-12
ILF2,-0.14328666745819518,8.022768890444617e-14,4.368488143203001e-12
NAE1,-0.09197776686236114,9.043926073304956e-14,4.906075851900711e-12
DDX1,-0.17809744545786543,9.177860694085185e-14,4.960154264669023e-12
APBB3,0.12303972190896495,1.1200461176817296e-13,6.030761326580733e-12
GNS,0.18582800570487912,1.1665655000523491e-13,6.257975815836379e-12
BRICD5,0.08359667664185277,1.2124713044523556e-13,6.480234086231704e-12
RPF1,-0.12456106135324951,1.224272301047566e-13,6.519250003078289e-12
KLRB1,-0.5144875377450813,1.320152205165278e-13,7.004060270920838e-12
DNAJC7,-0.13067741962256552,1.3634915262118754e-13,7.207595352428031e-12
MRFAP1L1,-0.14145273931967228,1.392927029347927e-13,7.336420033845593e-12
ZCCHC7,-0.17631341805778256,1.4798757749712102e-13,7.766130697348915e-12
COX14,-0.0972816721647467,1.59117706293619e-13,8.320075299482952e-12
MICAL1,0.1764324219810991,1.6993738434414356e-13,8.853859981440918e-12
ITGAX,0.16167957738914573,1.7329998738774953e-13,8.99669181836618e-12
LPAR2,0.22527410969629358,1.7527890883596964e-13,9.066927555643515e-12
NDUFA8,-0.1412608153989261,1.7960772513786585e-13,9.25778751208843e-12
ACADM,-0.16302243630187174,1.8242714018845006e-13,9.336659711977069e-12
TAF12,-0.12485565926083808,1.8200241490493454e-13,9.336659711977069e-12
ATP6V1G1,-0.3739231123562501,2.0812674914513783e-13,1.0614464206402029e-11
TCEB1,-0.1015348047513207,2.317480938659426e-13,1.1777682075629169e-11
FGD3,0.18777049491763798,2.35558809040842e-13,1.1929488776739705e-11
EIF3M,-0.12827360581169245,2.4932124034261526e-13,1.2582469843632192e-11
ATP5H,-0.16234993445819157,2.7035619172673066e-13,1.3596663475590162e-11
OSCAR,0.21043052485402391,2.7305162347991417e-13,1.368470489440511e-11
TRIP4,-0.12236105662583174,3.019672744911292e-13,1.508170346113626e-11
NDUFAF4,-0.05095950984657538,3.170769086265719e-13,1.576498150096204e-11
CASP1,-0.22876065222403952,3.178248134687183e-13,1.576498150096204e-11
PDCL3,-0.08796314294194651,3.24322726471036e-13,1.6032390342001655e-11
SPAG7,-0.12328191542070588,3.3233331117781066e-13,1.6372502309861936e-11
SEC61G,-0.1490003778024498,3.4670568172284325e-13,1.702266133584292e-11
COX7A2,-0.40179207778168546,3.6562486268538417e-13,1.7890913888969947e-11
CNBP,-0.17734140311114466,3.6876835730114483e-13,1.798397605100937e-11
CEBPZ,-0.2455498202504378,3.7409365441233165e-13,1.8182458021839635e-11
THOC7,-0.18263074414941016,3.816079267662237e-13,1.848564953606015e-11
EXOSC7,-0.1059899596688405,3.8373400115242426e-13,1.8526677575639044e-11
ATP6AP1,0.17389007921361355,4.1177541401199146e-13,1.9814468759301278e-11
BCCIP,-0.059420080816433796,4.223747864767974e-13,2.0257206646787862e-11
SMC3,-0.08377236657358633,4.398106916012456e-13,2.1023821970800135e-11
LMF2,0.12931250452944276,4.67355070589831e-13,2.2267009350076025e-11
S100A8,-0.5570656693557723,4.807423606842091e-13,2.282974541688552e-11
PTPRE,0.09470626711939367,5.26971907516224e-13,2.4943336955767936e-11
GPN1,-0.15051281331911603,5.433596314651315e-13,2.5635247238244186e-11
APIP,-0.09778933452881144,5.483758517032575e-13,2.5787908558668774e-11
PRPF18,-0.07789935661877312,5.571323624583166e-13,2.611490335872575e-11
LSM1,-0.26720873249888655,5.653544516344047e-13,2.6414818959589412e-11
PSMC6,-0.1619992226977116,5.676046694264157e-13,2.6434681774830242e-11
SAR1B,-0.07797801954170236,6.194800830783995e-13,2.8695581923594504e-11
UBE2E1,-0.1506010089037595,6.201130310746395e-13,2.8695581923594504e-11
CHMP5,-0.26561816138718797,6.671185108105254e-13,3.077243474706895e-11
INTS12,-0.08038636169724445,6.810137111713446e-13,3.131365902414525e-11
CFDP1,-0.11211537013220774,7.284223646252623e-13,3.3387561801368036e-11
CUTC,-0.14614522941727692,7.335288428345386e-13,3.351555760131059e-11
FHOD1,0.113556175678581,7.380829798067925e-13,3.355028069018446e-11
CLC,-0.546873001840904,7.389215368799256e-13,3.355028069018446e-11
RPS27L,-0.3636670472466621,7.577745689953266e-13,3.429877142915097e-11
PPP1R14B,0.11441060692687266,7.957401960845191e-13,3.5904987539215496e-11
GEMIN6,-0.10935252991029465,8.317439816278032e-13,3.741298083818976e-11
ANXA1,-0.49138074467043324,8.376989785972775e-13,3.756418577709897e-11
HK3,0.20472627260394383,8.784026595597125e-13,3.9267852225502707e-11
ELF4,0.15645572283238351,9.092887612435677e-13,4.052350282415949e-11
RAB24,0.11760829805705875,9.66841968910862e-13,4.295625483958566e-11
OBFC1,-0.0711761395729793,1.0553128821046895e-12,4.674358343854533e-11
KIAA0556,0.11674510907742164,1.094313424458214e-12,4.832327938979504e-11
MED7,-0.09325162773504125,1.1750455212250861e-12,5.173057546937431e-11
COX6C,-0.3054515553715973,1.198491482985556e-12,5.244395963614136e-11
SLC26A6,0.0429776258925747,1.1964161039673487e-12,5.244395963614136e-11
MRPL48,-0.09760833328976304,1.236981204159305e-12,5.396516795494992e-11
TATDN1,-0.06036942578456994,1.2655256750083908e-12,5.504466629676136e-11
ACADVL,0.09395630614960027,1.2933516169034734e-12,5.608654137493985e-11
SMIM19,-0.1276682709710979,1.300017546129798e-12,5.620732578550446e-11
COMMD3,-0.2633830787928346,1.3782361778214523e-12,5.941182380823189e-11
LTV1,-0.10937170519223915,1.425387019380854e-12,6.126203438787029e-11
MRPL32,-0.1681020433833451,1.4418689060056422e-12,6.178706874137788e-11
MIOS,-0.09331876447917331,1.5497886915956653e-12,6.62157504692378e-11
NDUFA4,-0.4684855590502668,1.596752231627513e-12,6.802164506733205e-11
MYBPC3,0.14255884004865838,1.6827886001944712e-12,7.147656916485841e-11
MRPL3,-0.14173391487730935,1.880369649434842e-12,7.963530410062646e-11
DDX50,-0.12835791584585987,1.89756857242127e-12,8.012939709314774e-11
ZNF816,-0.15013380677344035,1.907036890953327e-12,8.029512304816275e-11
CISD1,-0.1726818174596989,1.9681211756057694e-12,8.262686118108396e-11
SELK,-0.16172738917143192,1.99455141036449e-12,8.34944584616164e-11
RBX1,-0.32338261540188995,2.174686272648561e-12,9.077278378398201e-11
RPS4X,-0.2513339747465686,2.2107239859117163e-12,9.201185693087729e-11
NUP88,-0.15648504137101238,2.2208561576872456e-12,9.216871228636695e-11
PSD4,0.15839132648046927,2.33033460692895e-12,9.618035788063273e-11
SEC11C,-0.20498413060461118,2.3307998906449937e-12,9.618035788063273e-11
TAX1BP1,-0.30149793045779383,2.375001564176927e-12,9.772591663505286e-11
RPAP3,-0.10708834667376088,2.4135321075319005e-12,9.903002562462335e-11
MAN2A2,0.12894688919300812,2.453942571557356e-12,1.0040368419897385e-10
RPL35,-0.3345291242254813,2.5209664403872346e-12,1.0285543076779917e-10
RHBDF2,0.12214824043051031,2.567776057437801e-12,1.0447097869643008e-10
HDDC2,-0.20003779709277758,2.5981093463553737e-12,1.0540900776641802e-10
SNORD33,-0.09324840445579952,2.777254409139006e-12,1.1236243816192558e-10
FES,0.18949624950898603,2.9638363049833216e-12,1.195771728172101e-10
LATS2,0.0746048401710615,3.0768776709261193e-12,1.2379304496026086e-10
VAMP8,-0.25261031637792186,3.094350102883634e-12,1.2415115482040596e-10
PCM1,-0.11813071331957481,3.170974016703508e-12,1.2687399905506524e-10
SUB1,-0.19763437418989493,3.3828426644188632e-12,1.3497821804805183e-10
GPBP1,-0.15001634230174687,3.4480192063807675e-12,1.3720085215719516e-10
HAT1,-0.12574452619561516,3.4759482800847674e-12,1.3793324627054184e-10
MRPL24,-0.08192648296086613,3.6193858801145535e-12,1.4323274614092676e-10
DPRXP4,0.09134449439910153,3.680335851008005e-12,1.4524791407629414e-10
ALG5,-0.12075360244996336,3.713881189539998e-12,1.4617351942743841e-10
ATG16L2,0.19720059476255258,3.765049658671717e-12,1.4778585164282155e-10
MRPL58,-0.10167663682921368,3.7766552081140814e-12,1.4784074063330906e-10
ASAP1,0.149431189609059,3.806170075164751e-12,1.4859452120939691e-10
RGS14,0.10793419800928827,3.9000199664287845e-12,1.518491644993401e-10
ARHGEF2,0.12991496734681007,3.920293310336915e-12,1.5222929840997286e-10
ABTB1,0.18952142044168774,3.961371098486906e-12,1.5341309890503835e-10
ABCA7,0.10839581685806543,4.22869556127189e-12,1.6332913735856548e-10
SELPLG,0.19629310068210692,4.328942367044083e-12,1.667563862879428e-10
MRPS31,-0.15920039460851587,4.423516010277332e-12,1.699474957370209e-10
TAF1C,0.07485969234554535,4.644509419694352e-12,1.7796580538320898e-10
PDHB,-0.14605585833083445,5.220119616310133e-12,1.9949396443967275e-10
LRCH4,0.15629182011979204,5.556341944600926e-12,2.1178435980421005e-10
SKIV2L,0.13536217138885398,5.66488475571853e-12,2.1535483150085875e-10
CCDC25,-0.08017885015536752,5.851163525750885e-12,2.2185406415438696e-10
UBA7,0.16626600979178008,5.910109388397494e-12,2.2350398010848383e-10
UBL5,-0.12173246440941288,6.1773413220799046e-12,2.330015929922014e-10
EBAG9,-0.05997769976659573,6.528505573662326e-12,2.4560746682837694e-10
PRKCD,0.0915636921760914,6.9111948895947555e-12,2.593309502095607e-10
DEF8,0.0737214592958999,6.95216460950866e-12,2.60194191741921e-10
NDUFV2,-0.14310818657549973,7.2313844132760694e-12,2.699468346440479e-10
SNRNP70,0.10825050518965895,7.253197900770434e-12,2.7006508584770943e-10
MKNK1,0.08836308615017785,7.68008723406863e-12,2.852266243544873e-10
RAN,-0.10817961402180476,8.064135282434256e-12,2.987236200275646e-10
COQ5,-0.16348330030292324,8.104114567535725e-12,2.991466221042307e-10
ANAPC10,-0.09102694015245572,8.116861535968149e-12,2.991466221042307e-10
PSMB7,-0.13187870602167173,8.165400484917834e-12,3.001717274709388e-10
WDR12,-0.06894188641920085,8.466520913332451e-12,3.1045338964229676e-10
LYRM2,-0.14281694309114012,8.48966712724828e-12,3.1051600674511133e-10
CCDC59,-0.18998577701553643,8.52846875698452e-12,3.1114947475104226e-10
AGTRAP,0.13550436889017625,8.66419693731901e-12,3.1530710663348877e-10
BTBD10,-0.12105575005330138,8.717466287520749e-12,3.1645058072293365e-10
WDR33,-0.04127203187773887,8.921259166365994e-12,3.230387944141127e-10
SH2D1A,-0.22353231037353538,9.174572587596682e-12,3.313828163559859e-10
IAH1,-0.15798598207512615,9.900207179540878e-12,3.567029870359952e-10
LBHD1,-0.12272545988378347,1.03789050692819e-11,3.7302248392922837e-10
HSPA8,-0.20680336232621954,1.0577523569498234e-11,3.7921992915993177e-10
GTF2F2,-0.160959102334437,1.065348798261027e-11,3.810002961484621e-10
UNC13D,0.1283599825659234,1.1496489845626829e-11,4.101358594188645e-10
MRPL42,-0.049812048239533446,1.1708370752803035e-11,4.166684078221109e-10
GGPS1,-0.1329251901081383,1.2204640758881943e-11,4.33264746940309e-10
CMC2,-0.21292922316494511,1.3217107292901065e-11,4.679392593528094e-10
ZNF350,-0.08304834081434809,1.324600223243937e-11,4.679392593528094e-10
PRPF38A,-0.04426668082506602,1.3411853013624547e-11,4.721534373652243e-10
SUCLG1,-0.10131048997411618,1.3430489933338333e-11,4.721534373652243e-10
COMMD6,-0.4361707119706555,1.4052399287488436e-11,4.92820705278408e-10
HINT1,-0.483457419649314,1.4946410370516643e-11,5.216477296543689e-10
DYNLT3,-0.11910478101300459,1.4939077613469547e-11,5.216477296543689e-10
CALM2,-0.23458239461177044,1.515972778860668e-11,5.27820906947546e-10
HELZ2,0.22768223746085603,1.5273417017464928e-11,5.305040097864797e-10
TMEM184B,0.13504019939879708,1.607996534161846e-11,5.571823397320616e-10
CDK5RAP3,0.14598387412175207,1.6414730816342587e-11,5.674247282670788e-10
HACL1,-0.11037080259403442,1.661719191280471e-11,5.730557325358654e-10
SNRNP27,-0.13061902878432097,1.726593448044016e-11,5.940137648805113e-10
SET,-0.17863835092159697,1.7338937592047065e-11,5.951117821877007e-10
ISY1,-0.08973242485652122,1.747534719152468e-11,5.983757180190153e-10
HAUS1,-0.07489645440078707,1.8454205463996133e-11,6.304026225012264e-10
RDH14,-0.13319644894780236,1.968266193643899e-11,6.707851187938408e-10
MIGA2,0.08401457738002893,2.0780945892928596e-11,7.065521603595723e-10
LRP3,0.13290073453345297,2.108898567013943e-11,7.153462961271652e-10
LILRB3,0.14120847721381757,2.206428526403693e-11,7.466801583278293e-10
NFU1,-0.1131078764323572,2.2288019176486656e-11,7.524934026858571e-10
PPIL3,-0.07902629572271724,2.2443340046973724e-11,7.559752028845754e-10
HCG27,0.20907054195693853,2.2715923417362798e-11,7.633815192043684e-10
NRBP2,0.0892794568250963,2.289980751888308e-11,7.677796576469967e-10
DNAJA2,-0.17509764479099488,2.500643002296378e-11,8.345463881396484e-10
VPS29,-0.25120724270828276,2.495406817811988e-11,8.345463881396484e-10
TOMM5,-0.12818716146471587,2.5580198787409667e-11,8.517324120387164e-10
IFFO1,0.13592101032792137,2.5772602178939828e-11,8.56170573302212e-10
ACTR10,-0.15345927471337983,2.6146382571148716e-11,8.666000118089657e-10
CCDC58,-0.07870115860196414,2.6334790252682975e-11,8.708518310955713e-10
NFAT5,0.10182110587738791,2.654762775995302e-11,8.758902972099305e-10
EIF3D,-0.14328550492538739,2.6727574202845175e-11,8.798231471682034e-10
PSMA6,-0.32917593690305935,2.7143953075924043e-11,8.894864623341263e-10
FANCG,0.08920532666966174,2.7115875486760845e-11,8.894864623341263e-10
PRICKLE4,-0.17464692859043218,2.7891778609309142e-11,9.119289421607982e-10
ATP5C1,-0.26551989093526807,2.8000019051892046e-11,9.134060269090189e-10
REM2,0.1569102224014971,2.834223115916292e-11,9.20903435176791e-10
LINC00999,0.16473303165614972,2.8357009948139245e-11,9.20903435176791e-10
RPL34,-0.11522064542470378,2.928568694979743e-11,9.489348764672617e-10
UTP6,-0.13656965785472153,2.94031241021072e-11,9.506135033368765e-10
NDUFA9,-0.10423246752640214,2.955951549687981e-11,9.535412526877666e-10
PARL,-0.09741466267404064,3.04420665249876e-11,9.776560788202227e-10
MRPL13,-0.13872369361244807,3.040789203414663e-11,9.776560788202227e-10
U2SURP,-0.07944556445740858,3.1227566928736894e-11,1.0006638924686398e-09
EEF1E1,-0.14425959460658522,3.140972271025636e-11,1.0042790810934945e-09
HMGB2,-0.19166357124380973,3.1959880172718544e-11,1.0196187322062894e-09
VRK1,-0.07463504286607581,3.321070175079155e-11,1.0525903734417693e-09
CAPN15,0.1591056763629135,3.314818392838899e-11,1.0525903734417693e-09
TMCO1,-0.33780590416163037,3.32113919264629e-11,1.0525903734417693e-09
STK11IP,0.09892333058022373,3.371164109831768e-11,1.0661122481834787e-09
AHSA1,-0.09398636829860862,3.538853390273661e-11,1.1167048475974663e-09
PLGRKT,-0.13489250528876973,3.6053878738595964e-11,1.135226912282226e-09
SBF1,0.14041817095472098,3.7996058270826665e-11,1.1937850498799423e-09
TMEM175,0.13108401893272337,3.830300355722484e-11,1.2008240335992307e-09
CCT2,-0.17688184762486703,4.038940904607853e-11,1.2634993533982753e-09
TM9SF3,-0.10702619363377597,4.0817645682092014e-11,1.2741439225418549e-09
LINC00936,0.17841466301959485,4.330676990317851e-11,1.3489360328551344e-09
CD163,0.12777984383520558,4.430702906185017e-11,1.3771309204545876e-09
PHAX,-0.060332661757864336,4.443094869850439e-11,1.3780253981780247e-09
ZZEF1,0.10083665026720201,4.519058149945985e-11,1.3985905607653342e-09
DGKQ,0.16465862020806732,4.587854910076594e-11,1.4168548084765327e-09
MAPK7,0.04264175839617934,4.984752319505322e-11,1.536152182887555e-09
RYBP,0.20739779199158548,5.094360974193826e-11,1.5632780582674444e-09
OPLAH,0.1350891693278582,5.085725351443689e-11,1.5632780582674444e-09
STAB1,0.10030007826407861,5.384458848901007e-11,1.6488055384245708e-09
ASNSD1,-0.23327078316728667,5.562252209797635e-11,1.6996552955001888e-09
RPS3A,-0.5453951492252056,5.758710227700446e-11,1.7559822934318578e-09
EXOSC9,-0.07193331647214496,6.014832757073976e-11,1.830227681795367e-09
SIGLEC16,0.07250723300717343,6.060079966662305e-11,1.8401299420783402e-09
TMEM259,0.06446093822805832,6.135387855926982e-11,1.8590995335825607e-09
ASB6,0.05281981722589446,6.291138357217741e-11,1.9023141537774897e-09
BEST1,0.18217869023974487,6.405053863657308e-11,1.9327250033585926e-09
SLC15A4,0.14293764424082056,6.467558164088409e-11,1.947528325335894e-09
WDFY2,0.08239261993908098,6.659004431322906e-11,1.996874123877453e-09
ARHGAP9,0.1618001401321223,6.648058047557392e-11,1.996874123877453e-09
PPP2R3C,-0.17762180309309628,6.78301862281189e-11,2.029860366380319e-09
C11orf74,-0.04450398926192367,6.89521146028933e-11,2.0591802637284672e-09
RINL,0.12278028874181945,7.005088628997323e-11,2.083402540090292e-09
RAB40C,0.14153041439014657,7.004417367076092e-11,2.083402540090292e-09
TBC1D10C,0.13695222685369934,7.062308441610109e-11,2.096116300579525e-09
DENND1C,0.14077050006607372,7.184855286917743e-11,2.119798263105843e-09
CKS2,-0.08319597412077862,7.18140733400058e-11,2.119798263105843e-09
TTF1,-0.03426706579204719,7.186004882525331e-11,2.119798263105843e-09
KIAA1143,-0.059412395571220245,7.598950296109694e-11,2.237056831074244e-09
SMIM11A,-0.04292748897020271,7.650503607341642e-11,2.247665197743131e-09
C2orf68,0.11152404725234799,7.70376298584446e-11,2.258730831720064e-09
UVSSA,0.14369362048226275,7.772090510904725e-11,2.2741607870695765e-09
TMUB2,0.08584589444301649,8.325023610455453e-11,2.431041168827355e-09
TRAPPC2B,-0.06682737122461102,8.405733747268325e-11,2.44967097777534e-09
REC8,0.11780799875600234,8.509139013257648e-11,2.460286105694082e-09
PGGHG,0.28378188465960896,8.51010314107108e-11,2.460286105694082e-09
KCTD12,0.11500720252779217,8.504465872831507e-11,2.460286105694082e-09
ATG3,-0.10729230281805169,8.470391899603637e-11,2.460286105694082e-09
LSM14A,-0.16696959294630176,8.877958762559278e-11,2.5615210102969837e-09
POLE4,-0.19659658206956898,9.394303534212435e-11,2.7051111807064195e-09
LOC401357,0.2734658888019421,9.414389389410479e-11,2.7055161888139162e-09
PPM1M,0.11067785468340219,9.60455755559595e-11,2.7547012205000345e-09
ADAP1,0.13098475251976538,9.65027333567484e-11,2.762343063120838e-09
ITPRIP,0.17154010515961993,9.743254139178153e-11,2.7834574546717236e-09
USP16,-0.09214113201580165,9.870455853474882e-11,2.8142457201127987e-09
STAT6,0.17595965820048143,1.0080616988014995e-10,2.868519773171104e-09
ITGB2,0.15461793161480664,1.0426132252942598e-10,2.9610215598356976e-09
SETMAR,-0.06854879540804948,1.0711546139280615e-10,3.0361232761071852e-09
DVL3,0.10062266464977743,1.0732498739069863e-10,3.0361232761071852e-09
TOP2B,-0.1549986639634504,1.0980333887778947e-10,3.1001784801284655e-09
DENND3,0.1632044367936718,1.1039385818732437e-10,3.1107872412163545e-09
CLECL1,-0.08073859094089642,1.1117828488070986e-10,3.1268083072081587e-09
CSF3R,0.1942512781182426,1.1219576082023932e-10,3.1493089141867177e-09
PIGF,-0.05738276872442416,1.1552765774796623e-10,3.2336763086781206e-09
HMGN1,-0.1762564363607062,1.1570277619762318e-10,3.2336763086781206e-09
APLP2,0.08561859741880795,1.1587116847583159e-10,3.2336763086781206e-09
ETFA,-0.14804737954958647,1.1763922825514343e-10,3.2767049654759566e-09
GPR18,-0.13886404242951667,1.203241772204869e-10,3.3450583164328837e-09
HSPA1L,0.11210433403982911,1.2171216580140162e-10,3.377162853386017e-09
ACSS2,0.08710149421454716,1.2315208793122314e-10,3.410582871120145e-09
EFHD2,0.1392419718074187,1.2371964471033883e-10,3.4197620877567703e-09
CHKB,0.10367578944416778,1.2885628633897254e-10,3.554960859683197e-09
LSM7,-0.165870537025814,1.3282535983067e-10,3.657495269557841e-09
TBC1D2,0.11211393608910303,1.3791004701990282e-10,3.790301937450232e-09
ARHGAP4,0.1491798041501884,1.3819455707380424e-10,3.790927963365494e-09
CLEC4A,-0.19905745548727793,1.4083389376023255e-10,3.856026686622322e-09
C2orf49,-0.06299964103334599,1.431373510842203e-10,3.9117007417053714e-09
CUX1,0.049847880816667356,1.441899187393571e-10,3.9256518477835494e-09
ICAM3,0.17315600599517467,1.4395820132158288e-10,3.9256518477835494e-09
BLCAP,-0.07399807921568158,1.4467328358858064e-10,3.931421837705444e-09
COMMD8,-0.11653638335674454,1.486869952404187e-10,4.032925915846862e-09
THOC3,-0.083905013060809,1.500805913483186e-10,4.057102768265494e-09
MRPL40,-0.05753381434893612,1.5013857247930853e-10,4.057102768265494e-09
GTF2E2,-0.1291790009155065,1.5096721935710243e-10,4.07189796120721e-09
ATP6V0B,0.11067545347547991,1.6536663651021386e-10,4.451989522702486e-09
MMADHC,-0.144456980499017,1.7018995598057936e-10,4.573341971099651e-09
CCT8,-0.14359400736291406,1.7570017185433108e-10,4.712669053959502e-09
CFLAR,0.2152921836214805,1.7638421837144401e-10,4.7222717539593254e-09
C14orf2,-0.16636158329998008,1.7693744134520212e-10,4.7283429897489065e-09
SERTAD1,0.1323926865547822,1.7772636649639938e-10,4.7406789914067195e-09
SLC9A8,0.1271197905504069,1.8291008465309569e-10,4.8675954945055655e-09
PMPCB,-0.1201502695949408,1.8315655513018042e-10,4.8675954945055655e-09
NDUFS3,-0.13078204166359164,1.8363036126586866e-10,4.871249363690186e-09
EML4,-0.16534979244666026,1.87416875078457e-10,4.962606981053695e-09
ABRACL,-0.13259152657265716,1.9843926701184676e-10,5.244880188685381e-09
SSH3,0.11686929342977859,2.0080707684115523e-10,5.297795448027855e-09
RGS19,0.13320214719626655,2.0702363183454077e-10,5.4518732427117976e-09
KRCC1,-0.12876883999873723,2.1099390063810314e-10,5.546344204795437e-09
PSMD10,-0.08091523141055035,2.123853388791707e-10,5.572806609286066e-09
AKAP13,0.10964074589437267,2.2229063337512593e-10,5.822165522251942e-09
ITPRIPL2,0.09921175718234476,2.4238453741679415e-10,6.33699935008095e-09
PSMC1,-0.08650678133721179,2.4366607336111185e-10,6.359025957769989e-09
PLOD1,0.16173943016789316,2.446092076722752e-10,6.372157848786392e-09
ZNF302,-0.13914692611778623,2.4597200224433414e-10,6.396155261233278e-09
SLC26A8,0.0770627167153064,2.5173127103145777e-10,6.534185895375689e-09
HIGD1A,-0.1598250826694514,2.521960516979193e-10,6.534539557768629e-09
ULK1,0.14375150534674574,2.534692279870204e-10,6.555800532435721e-09
NDST2,0.09984852290148982,2.551266765279526e-10,6.586906921267141e-09
PAK1IP1,-0.05902883387429281,2.5604646510678253e-10,6.59889146015416e-09
DCAF15,0.05450228475926444,2.57987785610155e-10,6.63711383086587e-09
RPL13AP6,-0.2397026897260197,2.612424145832533e-10,6.708927540467802e-09
BLOC1S5,-0.07832644501452535,2.6348545295892574e-10,6.75455451443731e-09
TBC1D20,0.06712251431744942,2.7656707889642167e-10,7.077380867024331e-09
SLCO3A1,0.0770658218234237,2.869277693359262e-10,7.329562277004507e-09
ACOT13,-0.09230804635840784,2.936747507431938e-10,7.488706143951442e-09
EHD1,0.1408543222936629,2.9695483379094543e-10,7.559040092492186e-09
GPR132,0.07868210084971938,3.033780950196588e-10,7.70899706713112e-09
ACTR6,-0.18197226116343845,3.11570721040441e-10,7.903310549123902e-09
PRMT1,-0.0941103690393632,3.187961329047987e-10,8.072453127610323e-09
PPWD1,-0.12143116034568546,3.2341390033627454e-10,8.175090632583944e-09
PFKFB4,0.1826529520675937,3.3230222350492353e-10,8.385131368023192e-09
ANKRD11,0.05813657630400826,3.3320265055850776e-10,8.393229896851176e-09
KIAA1147,-0.1524812303244456,3.396303506933471e-10,8.540288193476457e-09
XPO6,0.183816776060711,3.4434990290248074e-10,8.643958394522583e-09
RABL3,-0.05701325334462126,3.4564067946609564e-10,8.661348791326867e-09
TMEM126B,-0.1953348428110413,3.4705748620024714e-10,8.681831830957478e-09
C17orf62,0.14530553789779432,3.527098466408886e-10,8.808016239218329e-09
ABR,0.05544431008542716,3.658740230106953e-10,9.121031582249417e-09
MANF,-0.1433510024666944,3.7548104191011493e-10,9.344445723412552e-09
ARHGAP27,0.08224430399832894,3.9027453243560457e-10,9.695945673751796e-09
UQCRC2,-0.12401369993702183,4.010982693279928e-10,9.947786529018233e-09
SNX27,0.14417843146112475,4.233780452635685e-10,1.0482406166833377e-08
RPL22,-0.17410848199690676,4.3243522131398066e-10,1.0688381818279344e-08
NACC2,0.08424633006212723,4.4184836715127244e-10,1.0902439096795621e-08
ACAT2,-0.08208499569116601,4.5557500372926666e-10,1.1222021010229079e-08
ZC3H3,0.12384038618886528,4.6199387472358185e-10,1.1360813720706892e-08
FGL2,-0.20769382748402698,4.674690407883305e-10,1.1475968791149457e-08
EEF1A1,-0.20297994679144082,4.686372260346334e-10,1.148518034160005e-08
TBXAS1,0.15760633107220734,4.907626160613147e-10,1.2007104275392032e-08
NSMCE2,-0.06728666389549964,5.063372078799557e-10,1.236726495604263e-08
RNA28S5,0.676441260671826,5.136910261997151e-10,1.2525758962081943e-08
ADCY4,0.10442341785645581,5.158776283909673e-10,1.2557935411117261e-08
MAST3,0.17699700302971166,5.195817084226884e-10,1.2626881652339292e-08
VBP1,-0.2195644491846549,5.405733420567782e-10,1.311022305558756e-08
PCMT1,-0.2115067832411217,5.412809574179344e-10,1.311022305558756e-08
EXOC7,0.06380944218574047,5.519777778127943e-10,1.3346988537296348e-08
MYB,-0.09272360802086865,5.600240135505605e-10,1.351897968711053e-08
CSAD,0.08517801962171223,5.799380570714117e-10,1.3976410679904038e-08
LRR1,-0.03972790914404989,5.982328942006215e-10,1.4393364185385054e-08
SYTL3,0.13896800860543834,6.155490024206567e-10,1.4785425789487217e-08
CLNS1A,-0.17743275837333528,6.207063672161286e-10,1.4884620898606635e-08
KATNA1,-0.0921837116178299,6.222413981236739e-10,1.489676762053437e-08
POLR3C,-0.07696463923768171,6.644154070624434e-10,1.588018606582909e-08
USP32,0.07363696883394866,6.869147443812228e-10,1.6390894823093295e-08
TMEM8A,0.17061471116014637,6.959802732685536e-10,1.6579898483588372e-08
CCNH,-0.05632715315802628,7.468527235547212e-10,1.7762585957252185e-08
RPS29,-0.24009239701925011,7.831804406033208e-10,1.859604180606311e-08
ATP2A2,0.05611004073777259,8.13654274382922e-10,1.9288000834962755e-08
NME7,-0.03499774212328077,8.184143049705654e-10,1.9369138550970048e-08
ZNF613,-0.04944970035408769,8.292134122288091e-10,1.9592703201830458e-08
KAT14,-0.07671307799212457,8.333042831006293e-10,1.9657295173337974e-08
CBX3,-0.09132177990536405,8.408346856940115e-10,1.9742622567331947e-08
FICD,0.09306562117223649,8.402173359983436e-10,1.9742622567331947e-08
HSPH1,-0.167696673468404,8.410106409861787e-10,1.9742622567331947e-08
SLC9A1,0.15453451450495237,8.451646245542716e-10,1.9808033045378753e-08
ABCE1,-0.12891050751459954,8.749260004703724e-10,2.04394003077627e-08
FRAT1,0.14542986805883107,8.737107261509684e-10,2.04394003077627e-08
MNT,0.12898296654135244,9.005451779680944e-10,2.1004019899661642e-08
NUDT3,-0.09407729048348301,9.066052701711865e-10,2.11113677381985e-08
POLR1E,-0.07663649101045156,9.085146804915014e-10,2.1121872603914776e-08
CKLF,-0.24853014289338482,9.478540861575444e-10,2.2001151576772234e-08
LOC728554,-0.06559560259272601,9.637017866736663e-10,2.2333210685090213e-08
MCTS1,-0.07816602359581015,9.793836135581742e-10,2.259614740938118e-08
ZNF23,-0.05855238071909685,9.797280152645252e-10,2.259614740938118e-08
SWAP70,-0.11438158406704968,9.78781417480665e-10,2.259614740938118e-08
PNRC2,-0.1251098421538881,9.83779891875889e-10,2.263083408531401e-08
IKBKB,0.04783696005651983,9.843569092617942e-10,2.263083408531401e-08
C18orf21,-0.08102606960261394,9.956756156291327e-10,2.285477910740469e-08
HSPD1,-0.06901936130560049,1.0112011698933169e-09,2.3174426811289242e-08
NET1,-0.041787368773579914,1.0469529335505824e-09,2.395587091555551e-08
EEF1D,-0.0794523916307206,1.0574884450820098e-09,2.415877387786724e-08
SDAD1,-0.13283150155067958,1.0766272091365035e-09,2.455727322383168e-08
RPP40,-0.06051151863817772,1.0866833511514237e-09,2.4701032304364773e-08
PADI4,0.25474732728248917,1.0880460239011823e-09,2.4701032304364773e-08
ARPC2,-0.05446374844954782,1.0874498168699879e-09,2.4701032304364773e-08
SLC44A2,0.16237864140000902,1.0905174516759799e-09,2.4718395571322208e-08
APBB1IP,0.1845841284995764,1.134809155917005e-09,2.5682149709846716e-08
SIPA1,0.11365327825002502,1.160882327552417e-09,2.623123187561499e-08
C8orf59,-0.17629456899058304,1.1688228857163358e-09,2.636951818803023e-08
DHX34,0.1441988499139173,1.1740410402722403e-09,2.6446050431264585e-08
ZCCHC9,-0.09569813039054509,1.204269247807979e-09,2.708483817585523e-08
SLC11A1,0.13665845518560182,1.2062923690372647e-09,2.7088277012613554e-08
BRPF1,0.09013245083108323,1.2366579110147915e-09,2.7727172110121115e-08
ITGA5,0.16363950877716782,1.2584296833814018e-09,2.817170870803126e-08
RDH5,0.09024794186190732,1.2951775768841041e-09,2.894961732035396e-08
ASUN,-0.046443453568011606,1.3458943005962309e-09,3.003687681022466e-08
ARV1,-0.08796305816991978,1.3561942055692345e-09,3.022017980533045e-08
NOL12,0.0996977127526133,1.40473109906196e-09,3.125364860032784e-08
ZNF319,0.09415175105425355,1.4107358182274707e-09,3.1339106734979575e-08
CD226,-0.09972735280226974,1.4299709545941686e-09,3.171776310312701e-08
TRMT10C,-0.07231268752163533,1.4387137518118256e-09,3.186288987957566e-08
ZNF770,-0.09973616820360842,1.4542288836469626e-09,3.2157330001133754e-08
EAF2,-0.060633547721539394,1.470380711084248e-09,3.2464930212415016e-08
CHD2,-0.0699275951077647,1.5041045474122209e-09,3.315898061601006e-08
DCUN1D5,-0.060427794525995004,1.5162609111646955e-09,3.3376174828737767e-08
LTB4R,0.12130789853495827,1.5415020405799108e-09,3.388029674622068e-08
FCER1A,-0.3764126842518625,1.5510121168120045e-09,3.403766590894708e-08
CDK5R1,0.08028479145242429,1.5654032784709623e-09,3.4301514501321356e-08
MED6,-0.09428008490097284,1.6326302041305767e-09,3.5720567789467176e-08
OSER1,-0.13709424780270396,1.644766825292351e-09,3.5931829106386745e-08
CBWD5,-0.08075189417499562,1.686760100753752e-09,3.679372484836949e-08
ACVR1B,0.033712419054299225,1.7146618945915329e-09,3.7346109595885356e-08
UBE3A,-0.08672360313509042,1.7553967183169557e-09,3.811868975727554e-08
TXNDC12,-0.20652282928066157,1.7533229167304721e-09,3.811868975727554e-08
ITGAL,0.1664350770267191,1.7638455946251054e-09,3.813065610828362e-08
INPP4B,-0.07951167600009423,1.7615680009527488e-09,3.813065610828362e-08
CCDC12,-0.10114724539435827,1.7633561274290454e-09,3.813065610828362e-08
RABGGTB,-0.08132879515622271,1.8083544527782969e-09,3.903458404477027e-08
KATNB1,0.09676784730832289,1.930906637385839e-09,4.1617934130798346e-08
SLC12A9,0.14713381662058467,1.969323488568995e-09,4.23828847079247e-08
PAM16,0.08529637710165971,2.0183494331878874e-09,4.337355072743822e-08
CIR1,-0.10786001616545793,2.024908496420917e-09,4.345003653653417e-08
CELA1,-0.0607819046410043,2.0695390584044834e-09,4.434201734013393e-08
HOXB1,-0.05356329700786322,2.131664002236826e-09,4.560564462097221e-08
DISC1,0.041157004380901974,2.200476728879903e-09,4.700841436739899e-08
DEK,-0.23526155825109107,2.2095530841414424e-09,4.7132793624012745e-08
UGGT1,0.10198111623973194,2.2522142542811483e-09,4.797216361618846e-08
TMEM97,-0.06361798301053678,2.2650798622804526e-09,4.817535495634373e-08
BNIPL,0.023558611956599584,2.2829381484193755e-09,4.8483982612472484e-08
RIT1,-0.09516538030757893,2.290729094684995e-09,4.857821406649702e-08
FAM21A,0.1059263272539015,2.324184430890505e-09,4.921562470324279e-08
CNNM3,0.12059894848575947,2.334185033063839e-09,4.9355235064082694e-08
CARD8,0.1492508469667193,2.3667943123891555e-09,4.997179128373838e-08
CIDEB,0.11254868192086498,2.443607356589415e-09,5.1518499203553256e-08
WBP4,-0.1109663954170852,2.4933233490823693e-09,5.249025492457709e-08
SRRM2,0.1698137842864469,2.537924640181182e-09,5.335166979446189e-08
SCO1,-0.07411180810173779,2.557526545672276e-09,5.368581809785108e-08
SEMA4B,0.07762442779021317,2.5765483701500313e-09,5.400684022178445e-08
GORASP1,0.08728355708974789,2.608900754201692e-09,5.460595162407125e-08
SENP6,-0.06687501868751689,2.62787000811827e-09,5.492362077573596e-08
ACTL6A,-0.08222626242420716,2.897056964408198e-09,6.046249722260568e-08
EXOSC1,-0.06532862638274928,2.9781063916673757e-09,6.19754209438366e-08
FKBP3,-0.0698733769128781,2.9766788616906434e-09,6.19754209438366e-08
TBC1D15,-0.1398499706344154,3.023431379721548e-09,6.282837891518923e-08
B2M,-0.2453422192750505,3.0306165063942382e-09,6.288746343640995e-08
EBLN2,0.1211349666651369,3.045087767011633e-09,6.309735510357153e-08
CRIPT,-0.11522979767960795,3.1053025944734194e-09,6.425314682621858e-08
AGPS,-0.07449434712188907,3.131964876090963e-09,6.471238126291229e-08
TMBIM4,-0.1793343481523415,3.207235421919555e-09,6.617321631208382e-08
LOC105379362,-0.04372138427787853,3.2616107280684874e-09,6.719938803036127e-08
ZNF598,0.051030015827945974,3.267169990236643e-09,6.72183098559482e-08
LRWD1,0.11972729823162087,3.2942071362629333e-09,6.76784342718189e-08
MRPS9,-0.08614138321910492,3.3215007232852926e-09,6.81425162550484e-08
CARD16,-0.07796243710932327,3.3314270252546854e-09,6.82494894395882e-08
BTLA,-0.0909889035954281,3.3557893538000692e-09,6.865148728875735e-08
WDR75,-0.1241804815008436,3.4891486548563014e-09,7.127902555280489e-08
NAA20,-0.1095215877754594,3.5107473229558734e-09,7.161924538829982e-08
COPS3,-0.12205561109142238,3.5279010633210904e-09,7.186795921398407e-08
TRABD,0.12788777374360905,3.663227896589432e-09,7.43806439734392e-08
RAB37,0.08096112919379195,3.666651463479397e-09,7.43806439734392e-08
SH3BP5L,0.11162627153377969,3.6579805648155434e-09,7.43806439734392e-08
PPP1R18,0.12151174148294608,3.677801854430154e-09,7.450249239100188e-08
EIF4B,-0.14344999863206453,3.6923734827107845e-09,7.469320883181983e-08
PPIH,-0.08770416251238089,3.717971242402296e-09,7.510613036953257e-08
CDV3,-0.08182794264416948,3.801029954547122e-09,7.667704437557174e-08
NOL7,-0.1175268114281085,3.92613250228182e-09,7.904157969661483e-08
UTP14A,-0.05177423669659298,3.929158891298169e-09,7.904157969661483e-08
MED12,0.10077550974647398,4.007160705752639e-09,8.049891215273401e-08
SHKBP1,0.19043025383146528,4.09531398807765e-09,8.21558556832641e-08
PLCB2,0.16257070239282534,4.155643185400576e-09,8.325081036976757e-08
ALKBH3,-0.07495928908232763,4.164224506025733e-09,8.330749688574134e-08
MXD3,0.08751317096763245,4.190960478934181e-09,8.372671941638991e-08
SFR1,-0.03983497296755889,4.213141550549207e-09,8.405391490103955e-08
SEMA4D,0.1209805034719782,4.24452415584842e-09,8.456353215035559e-08
ADPRM,-0.07269952091735465,4.27877292519612e-09,8.5128773418325e-08
TMEM167A,-0.08712397568753794,4.300957141494327e-09,8.545276164252927e-08
IQSEC1,0.12494227870228514,4.310028490608826e-09,8.551568857257293e-08
TPRKB,-0.046150073279275894,4.3880653204141064e-09,8.694492216262369e-08
CCND3,0.12115846183528767,4.4606679495843734e-09,8.826272483849736e-08
NSFL1C,0.1108285947819656,4.584947741854539e-09,9.059806697547224e-08
CHFR,0.09421258645106967,4.614255617198302e-09,9.105296779223461e-08
RBM23,0.11915779157408402,4.642984226463305e-09,9.149521569536668e-08
GBA,0.1286371304701177,4.696398573673125e-09,9.24220610612521e-08
MRPL18,-0.09384880070403234,4.745140866767893e-09,9.325457301800021e-08
ARAP1,0.07418996615837514,4.847743124374456e-09,9.514188538406451e-08
TPT1,-0.3025297880003439,4.877632276874895e-09,9.559895250102297e-08
TMEM14C,-0.1316387356723414,4.9144260670671815e-09,9.618992858837981e-08
LAMTOR3,-0.1799205823847405,4.968860578982939e-09,9.712412500133452e-08
ZNF146,-0.06212324440542538,5.034470006713407e-09,9.827394013104715e-08
TUBGCP2,0.05409577437796198,5.118467988570283e-09,9.977912563452487e-08
DLD,-0.0912987346889702,5.2244563118190685e-09,1.0170836723170347e-07
CEBPD,0.16797047215352734,5.252827159423491e-09,1.0212342090884542e-07
CHCHD4,-0.07099453058546423,5.296502491600339e-09,1.0283450682083017e-07
PPTC7,0.12251575038968987,5.319919698101783e-09,1.031508927808651e-07
HENMT1,-0.1492426399016118,5.465961506901742e-09,1.0584089099727917e-07
SKIV2L2,-0.10602980194688083,5.546056896013227e-09,1.0710545077580744e-07
PKIA,-0.07097969990933617,5.543279243636775e-09,1.0710545077580744e-07
DPP8,0.05158734303879431,5.655040495504972e-09,1.0906472241929961e-07
MRPL46,-0.08270626318232654,5.7245837897531294e-09,1.1025913778029831e-07
TMBIM6,0.12264312892957463,5.7410564464624675e-09,1.1042956383872826e-07
CYTH1,0.0945867658981534,5.944224292658646e-09,1.1418586824253028e-07
GRN,0.18549644985753666,5.9906149255849025e-09,1.149245914995652e-07
PSMD4,-0.111463795458695,6.088752753994682e-09,1.1665277101700924e-07
SFXN5,0.08060844763278308,6.307375751099912e-09,1.2068167817560255e-07
CUEDC1,0.15822071052226683,6.386963491510116e-09,1.2204324434173157e-07
CENPN,-0.038996298947792774,6.6938589111748775e-09,1.2773893605989053e-07
PITPNM1,0.12994756809339414,6.720808048294311e-09,1.280844523309142e-07
LAMTOR5,-0.09798450027061634,6.757195043153189e-09,1.2860868988834533e-07
VPS37B,0.12516591727406556,6.803162507780598e-09,1.2931365585655403e-07
E4F1,0.10661303052521376,6.820479373532057e-09,1.2947290071590867e-07
GON7,-0.08910331663049842,6.834596945614137e-09,1.295710761260146e-07
SP1,0.11951826743267979,6.8625356113804146e-09,1.2993067424213584e-07
RRP15,-0.06850385740093845,7.105586181632532e-09,1.343568018991718e-07
ZUFSP,-0.06788807984371292,7.132922136769517e-09,1.3469784123724862e-07
CPEB4,0.08705276558358754,7.220573311259044e-09,1.3617549979202604e-07
MED10,-0.09815688959183788,7.382704635051155e-09,1.3905213775563189e-07
BSDC1,0.09360720188525384,7.568609420502968e-09,1.4236849200852595e-07
NISCH,0.10559198617422183,7.719738022565384e-09,1.4502293841613104e-07
VAMP7,-0.16393860160617457,7.730467335610898e-09,1.450363845712283e-07
ARID3A,0.16764829136786652,7.772899717029322e-09,1.4545565827061073e-07
SELO,0.0800124582521633,7.765200394517825e-09,1.4545565827061073e-07
RHOT2,0.10135055157829598,7.991635504615096e-09,1.4935593374044523e-07
SRPRB,-0.106036397569655,8.185746831629716e-09,1.525899061896072e-07
RAC2,0.10659915108274909,8.179399408622398e-09,1.525899061896072e-07
CEP350,0.10099808487881567,8.42925403231768e-09,1.5692714062222274e-07
MAPK8IP3,0.08814949019675389,8.524340425205983e-09,1.5849364148739854e-07
TRAT1,-0.12640542470080263,8.549521548759629e-09,1.587580386054288e-07
ARMCX6,-0.03732235403598594,8.857584880796599e-09,1.6426793778931875e-07
SPTLC2,0.07211652108308364,8.888990225646256e-09,1.6463955809240458e-07
FLOT2,0.15227355389501795,8.981536581831314e-09,1.6614122075510185e-07
MYO9B,0.13191233837930483,9.008168746696607e-09,1.664213215907572e-07
DARS,-0.1335182396983221,9.125369941984814e-09,1.683717939359338e-07
ACTN4,0.1423665441687234,9.26196450190108e-09,1.7045780666522904e-07
TALDO1,0.09965610750108489,9.255785930969726e-09,1.7045780666522904e-07
TOMM20,-0.12945178420034775,9.294285367833997e-09,1.708355701366848e-07
SF3B5,-0.11315563608917678,9.342263476510663e-09,1.7149980252697143e-07
TNK2,0.06375204681028812,9.491532238698907e-09,1.7386143657391897e-07
OSTC,-0.11858318673815926,9.494918277407478e-09,1.7386143657391897e-07
UNC93B1,0.10503108577264975,9.50824189320392e-09,1.738855752287444e-07
SUGP2,0.06925258703021075,9.521077539309756e-09,1.7390074032706496e-07
KCNMB1,0.08123636225579034,9.631140269684374e-09,1.756894655744439e-07
PILRA,0.15507374219720482,1.0214771412298056e-08,1.861015712399057e-07
NSMCE1,-0.09395397329006805,1.056383821760426e-08,1.9221938786907048e-07
SLC30A9,-0.11995621736736517,1.0616544699781155e-08,1.929360519844796e-07
MAP3K11,0.13737233553247563,1.0645228636714117e-08,1.9321490172201413e-07
MYO1G,0.14857888846564826,1.0702965331204894e-08,1.9401971196141638e-07
RPL27,-0.3126678551660671,1.074657619253973e-08,1.9456676196593181e-07
EDC4,0.11337838636721287,1.0849045188515838e-08,1.9617674221031636e-07
RSRC1,-0.0646295531090626,1.1267198366363952e-08,2.0348391663144073e-07
PARP10,0.14500982609120427,1.1430351575305826e-08,2.061733651515935e-07
TEPSIN,0.06479738213360253,1.1529259801534376e-08,2.0769875493211928e-07
CEBPB,0.16753589859755103,1.1702643679863057e-08,2.1056036156414473e-07
DAPK2,0.11498527605818776,1.1914275394798879e-08,2.1410218960082749e-07
ADSL,-0.11148886691285753,1.2404043204955927e-08,2.225831786401893e-07
SEC61A1,0.1237487606787564,1.2416957217707329e-08,2.225831786401893e-07
RPS6,-0.20119925486903867,1.2550213345499703e-08,2.2469380728827898e-07
TBC1D3B,0.05293311873797535,1.2763204208238835e-08,2.2822499969398925e-07
RBCK1,0.11515707952040266,1.2838329544674309e-08,2.2928528375470122e-07
CELF2,0.06454695919318709,1.2882930834930317e-08,2.2979848548415113e-07
DAGLB,0.09451189862335774,1.303468463897472e-08,2.3221940013642044e-07
PSMA5,-0.12048660833282554,1.3222201196909768e-08,2.352707151548416e-07
CORO7,0.14465860981070833,1.3360457564322056e-08,2.374391010572278e-07
GDPD3,0.08284898817769815,1.3425956605235779e-08,2.3831072974293508e-07
STX7,-0.05747789267678094,1.352683215814309e-08,2.3951422613514e-07
MTERF3,-0.08526774426896999,1.3525952012901145e-08,2.3951422613514e-07
PRKAG1,-0.0618923795144557,1.366703061618548e-08,2.4150498691703166e-07
DGKD,0.03999220492722699,1.3678693925248659e-08,2.4150498691703166e-07
COX5B,-0.1175791955634331,1.3689284331599212e-08,2.4150498691703166e-07
PIGP,-0.05076841966225576,1.388204567667646e-08,2.4460772455107283e-07
REXO1,0.0859645105258311,1.3956410170391847e-08,2.456192526220602e-07
IKBKG,0.09693428793789849,1.3977527138560208e-08,2.456923581006141e-07
RECQL,-0.060385195029307503,1.4058388561163072e-08,2.4681418172107385e-07
MRPL47,-0.031427831501217085,1.4128021764714557e-08,2.4773640101710127e-07
MRPS23,-0.07288952921811553,1.4293246232322099e-08,2.503305664195324e-07
ECHDC3,0.13932052271247297,1.4475297000927277e-08,2.5321280405969886e-07
ATG2A,0.14125700407830788,1.470061321142265e-08,2.56844006941189e-07
FGR,0.07504211777188807,1.4848677730732482e-08,2.591183713878666e-07
VPS8,0.07027836618608152,1.497983594129459e-08,2.610925917854523e-07
GMEB2,0.10143670296544016,1.519989516947507e-08,2.6460971350321746e-07
FBXL6,0.05244355665880018,1.5590417507684893e-08,2.7077321142261977e-07
TKT,0.14564450683105257,1.5591332389289206e-08,2.7077321142261977e-07
MFSD10,0.11594383733660685,1.561159853888409e-08,2.708004709427511e-07
COASY,0.07374740729182605,1.5644866920523232e-08,2.7105293358475897e-07
ZBTB43,0.07971535696670262,1.5937226040711323e-08,2.757882699804812e-07
COIL,-0.07269516322086034,1.6004870756544e-08,2.766283389472354e-07
MRPL15,-0.09469490398191471,1.6089768068057207e-08,2.777642439782367e-07
RASAL3,0.1473528701939113,1.6363780409929112e-08,2.8215832792549197e-07
REXO2,-0.13177202582200387,1.6601758898248385e-08,2.8592137441406614e-07
MEGF9,0.10791671023956795,1.6665801560679253e-08,2.8668345582527115e-07
NKIRAS1,-0.05152404885478035,1.6831804322009202e-08,2.8919555610911187e-07
MMP25,0.13341447048142996,1.694254485158923e-08,2.907533407943346e-07
FAM107B,-0.1450558204811081,1.7121254635419655e-08,2.934724877389566e-07
INTS3,0.11552602633373077,1.7211851521021392e-08,2.9432875729689945e-07
RAPGEFL1,0.059518893794342276,1.7195930207316156e-08,2.9432875729689945e-07
KTN1,-0.15427005441277686,1.7572791796333073e-08,3.0014659950246253e-07
SNAPC4,0.09622925523033476,1.7862665670243574e-08,3.0473833871355466e-07
MTMR3,0.09110302639881773,1.7916358520716242e-08,3.0529474919300474e-07
WWC3,0.10980949617123681,1.817772110717344e-08,3.093843860356053e-07
MARK2,0.07569152424924308,1.8447040738717414e-08,3.1359969255819603e-07
FAM126B,0.09190273657262171,1.8642279158410698e-08,3.1654721140729257e-07
TXNDC9,-0.0798221118216711,1.8841689285930438e-08,3.1955858034826286e-07
SNRPF,-0.14314863178578463,1.8996748179699175e-08,3.2181157968978113e-07
VPS13B,0.04362990011151169,1.938764402403122e-08,3.280498084626965e-07
WASH3P,0.07296710730966005,1.970877527283739e-08,3.330944002937885e-07
DIDO1,0.03809094742894459,1.9905953432927223e-08,3.3603476634326095e-07
RPS14,-0.1745590812932587,1.9942370138507314e-08,3.3625761244020947e-07
GPATCH4,-0.032098963758935284,2.0624175541539e-08,3.473494866786638e-07
ZC3H12A,0.07712777225316092,2.1214342273649188e-08,3.5687402263825184e-07
BNIP1,-0.028838228703843782,2.1515991641716028e-08,3.6152856489398484e-07
IDS,0.07534217815166322,2.1589190417938576e-08,3.6233816224035037e-07
CCDC149,0.07775950899485462,2.169438425705538e-08,3.636822471981367e-07
OMA1,-0.06334815230470969,2.187583465848777e-08,3.663001031139155e-07
RPA2,-0.12584943100346457,2.1995457779953572e-08,3.6787784120652144e-07
GPR108,0.08978652320897673,2.2068874874609978e-08,3.6868002731701376e-07
TRIM41,0.051968282122413,2.2155141258133632e-08,3.696947764778888e-07
PSMB6,-0.1299135439761585,2.2277257475340382e-08,3.713047149284581e-07
CLPX,-0.06794554680266707,2.257235601119617e-08,3.757908097312245e-07
CTRL,0.061137947573344675,2.2685732675798003e-08,3.772447210978855e-07
KPNA4,-0.14263986338046308,2.277734813086806e-08,3.783338421186846e-07
IDUA,0.06959049938357165,2.288360358909665e-08,3.796633612651499e-07
MYO1F,0.16313722896016714,2.3470438470890767e-08,3.8895403983110056e-07
EGLN2,0.08235014787050687,2.394519403644415e-08,3.9636821762726526e-07
CREBBP,0.11973869615109756,2.4323505540361457e-08,4.021708381810449e-07
NUP107,-0.07913189837379164,2.445517913890832e-08,4.0388690381750076e-07
CECR6,0.150594706259926,2.4609139005532475e-08,4.0596670769491154e-07
SCAP,0.15146626574762578,2.476037904682815e-08,4.079969625873253e-07
DNAH1,0.08537763713974478,2.496985614403702e-08,4.109811322616275e-07
SMIM14,-0.07983417654210356,2.5279455755244606e-08,4.156045824732836e-07
DNAJB11,-0.09909282075423853,2.540867683881442e-08,4.1725541421019054e-07
CTAGE5,0.04974405413312866,2.5716778446097406e-08,4.218367146243203e-07
RWDD3,-0.03434197928164817,2.5924074906869206e-08,4.2475599655101085e-07
CLCN7,0.152004090815284,2.6420933393448763e-08,4.3240768279176484e-07
CNOT11,-0.09040892247193355,2.651604263651324e-08,4.334744486989365e-07
UTP11,-0.08026243554225054,2.664202180350473e-08,4.350428904193489e-07
RAB11A,-0.16693933940965877,2.677674270303788e-08,4.367503843590098e-07
SNRPN,-0.0802083085644183,2.8168821504193217e-08,4.589394945632559e-07
GPR183,-0.15890889796515317,2.9057918557134483e-08,4.728931375073436e-07
ROCK1,-0.07008730386499895,3.0085069727190074e-08,4.890596519962077e-07
EFL1,-0.03789818172807635,3.074458686405128e-08,4.986613618576917e-07
TFB2M,-0.0814211179994464,3.071971369636486e-08,4.986613618576917e-07
MCEE,-0.10609493701857087,3.118738394302271e-08,5.052774821372941e-07
ALDH3B1,0.07289048901145279,3.1343789223855503e-08,5.061130915477404e-07
ROMO1,-0.15153866515484893,3.1297852459758796e-08,5.061130915477404e-07
FAM53C,0.15998664879044355,3.132524341444406e-08,5.061130915477404e-07
ZNF701,-0.056652491287303874,3.144029152741831e-08,5.071059938564887e-07
RNF31,0.11636682988387825,3.165865425581779e-08,5.100600091671467e-07
SRP54,-0.0974656921256507,3.169733819077912e-08,5.101158292836053e-07
RALA,-0.1349522184912626,3.2453886509301414e-08,5.217115340740528e-07
HNRNPH2,-0.06851648896957929,3.2655948326942636e-08,5.243777777909502e-07
C1orf162,0.13184272266718544,3.376832943538411e-08,5.416395166579218e-07
TOM1L2,0.028009743741594484,3.389432681921412e-08,5.430591035945767e-07
DYRK4,-0.07124219049543612,3.394633555537889e-08,5.432914079382407e-07
SLX1B,0.059688011784549744,3.4141249832678026e-08,5.458077953383095e-07
PIGT,0.07945270027767837,3.4584713700133154e-08,5.52287754391101e-07
COPS8,-0.07111720651281139,3.5526385084672746e-08,5.667006184651983e-07
RGS10,-0.15696708131145698,3.616641035182896e-08,5.756420742152644e-07
STAT5B,0.11834942105203972,3.614273799872752e-08,5.756420742152644e-07
TEX30,-0.1870354906555729,3.622477971456122e-08,5.759382100831006e-07
DICER1,0.040279781081778765,3.626867378797814e-08,5.760038060801265e-07
ACTN1,0.20874841172745207,3.642433646559716e-08,5.778423760873047e-07
IGF2R,0.19760778784110933,3.825456016827953e-08,6.055508737457495e-07
FUK,0.08237478269460308,3.823805335688679e-08,6.055508737457495e-07
RBM10,0.061708275890140385,3.87404282116915e-08,6.12572447836397e-07
VPS16,0.06343482418006285,3.9535163529672385e-08,6.244572612473008e-07
TCN2,0.06972564158529782,4.049741464433663e-08,6.389592088328668e-07
IWS1,-0.07082672994416228,4.069465046782988e-08,6.413724889837301e-07
DYNC1H1,0.1114641158940044,4.0863340026421726e-08,6.433311053724916e-07
SORL1,0.20345673571644873,4.1027362459753175e-08,6.452120715169001e-07
BICD2,0.09677099897262309,4.1318258525315874e-08,6.49082056920472e-07
ELMO2,0.04735364457914493,4.136853466110831e-08,6.491677746820074e-07
CBX4,0.07472778580104222,4.2480247778577356e-08,6.658916762174398e-07
ITPK1,0.15219260433588744,4.2610711275317135e-08,6.672146401207496e-07
NME1-NME2,-0.0744970158538365,4.2674924473403054e-08,6.674984946790172e-07
GGCT,-0.043135246693611684,4.302914410809792e-08,6.723129700773358e-07
SWSAP1,0.07271766741497387,4.361013202091593e-08,6.806564139988645e-07
LCOR,0.07473272098827888,4.4568589902787136e-08,6.948670141571247e-07
DGAT1,0.08880645568912904,4.491966471024929e-08,6.99587552326076e-07
SAFB2,0.09609011665598644,4.50051872543568e-08,7.001666296370611e-07
SNHG5,-0.24803024824142916,4.510618958825549e-08,7.009850321848632e-07
PIK3CD,0.14409698073843735,4.535377468681675e-08,7.040772481927693e-07
TYW3,-0.06457637144706219,4.6038710539043476e-08,7.139450572243101e-07
COMMD10,-0.09267409879576416,4.627182433460364e-08,7.1679262423786e-07
GAA,0.11493538319360663,4.695043310209846e-08,7.26527855823498e-07
TRIM21,0.13039227869946934,4.703714313983356e-08,7.270928294955702e-07
IBTK,-0.10387265419555991,4.713663867077747e-08,7.278540239952462e-07
LSM8,-0.04220006853187819,4.768788705700795e-08,7.355818489176817e-07
STRADA,0.059584078971592014,4.786072701990254e-08,7.374625214428387e-07
PPM1F,0.16736141959023065,4.8201685074425615e-08,7.419268933241026e-07
KCNH3,0.06284278896185125,4.860137307774063e-08,7.472848064309929e-07
TMEM59,-0.163271861482567,4.9382502984851884e-08,7.584901094725289e-07
CLN3,0.08246900061368923,4.960772376441861e-08,7.611422362328805e-07
SLC16A5,0.09922849240326048,5.0513063956426234e-08,7.742129294654789e-07
FCGRT,0.1293718085887594,5.075299698879563e-08,7.770680849743297e-07
COX4I1,-0.1104339565752106,5.1385725605032375e-08,7.859248676486684e-07
ATG4C,-0.061368371028919455,5.178746558582261e-08,7.912338096466822e-07
LCAT,0.031991187995894066,5.2458561947759924e-08,8.006425829835139e-07
SCO2,0.17678753260113567,5.5511631791147724e-08,8.463478682768248e-07
DPP3,0.043616307912951235,5.648372406759792e-08,8.602631539380528e-07
AOAH,0.11110115486006933,5.789488593526102e-08,8.808293360150426e-07
CHMP4A,-0.08879846126684043,5.878914182984624e-08,8.934962542114301e-07
NCK1,-0.07269672822794071,5.897328252353946e-08,8.953553711435488e-07
ATXN7L3,0.0889645959300509,6.046834261691344e-08,9.161333414888851e-07
UPP1,0.06187268743925678,6.043657361017489e-08,9.161333414888851e-07
BANP,0.07566077387141235,6.122584608820894e-08,9.266407050591623e-07
FOXP1-IT1,0.1453548151851134,6.216233628207838e-08,9.398322324735107e-07
PHKA2,0.12074219315012691,6.267886053479098e-08,9.466534056161757e-07
NLRP12,0.13618346625875866,6.32439949713076e-08,9.532008565706756e-07
GZMA,-0.35753392848167387,6.320187695494893e-08,9.532008565706756e-07
LZTR1,0.11149488671813046,6.359431515014486e-08,9.564901979591881e-07
SBNO2,0.1376013503231306,6.358088388427483e-08,9.564901979591881e-07
NSMCE4A,-0.13399710124038045,6.398760317553636e-08,9.614070999942621e-07
PTPRO,-0.03235357132998118,6.408582340895327e-08,9.618850427515846e-07
ZNF282,0.06933635956811024,6.611052218144462e-08,9.91247208360294e-07
ARID3B,0.090426381201965,6.642007349431629e-08,9.948586809634716e-07
TNS3,0.09915438817471411,6.652249330019028e-08,9.953634224792935e-07
C2orf76,-0.05431392236582244,6.6911010024981e-08,1.0001435182681372e-06
TOP3A,0.07714556759678981,6.792242938255187e-08,1.0131704090390124e-06
TBC1D3F,0.05322797649145272,6.791965003882619e-08,1.0131704090390124e-06
CARD19,0.0920687965089737,7.087365758600355e-08,1.0561049963741515e-06
CASZ1,0.037786782899052795,7.105543837229357e-08,1.0566395989571869e-06
SBDSP1,-0.038264732127630374,7.10080523024293e-08,1.0566395989571869e-06
KCTD5,0.053157429469677275,7.118723825906102e-08,1.0575138040453742e-06
RPS10,-0.2262491639784514,7.143992768456452e-08,1.0601802383024923e-06
PGS1,0.12919260056283832,7.17781953223748e-08,1.0641099089552472e-06
NCKAP5L,0.10326531782145221,7.242097909803659e-08,1.0725413714273638e-06
ZNF384,0.05419987953270322,7.306485691301403e-08,1.0809717952278806e-06
IRF9,0.13828420883598724,7.368469284007528e-08,1.08902968479148e-06
SCRIB,0.040944258801155264,7.484360039500234e-08,1.1050302835078632e-06
GDI2,-0.18003092887600403,7.577455179468775e-08,1.1176360572242947e-06
HDHD2,-0.08255179918084021,7.591860739349974e-08,1.1186216780136828e-06
ZNF20,-0.0704200839796485,7.696853310116835e-08,1.1329392616232951e-06
RSL24D1,-0.3254746975536378,7.731095294063878e-08,1.136824205474327e-06
DHX16,0.08335807201744316,7.957396031594579e-08,1.168914037744583e-06
COPA,0.09971914228232492,8.078326669080238e-08,1.1854760230492216e-06
PSTPIP1,0.11304893488892986,8.15730617076753e-08,1.1958544795283088e-06
BUB3,-0.0815338635543128,8.186782735000345e-08,1.198962195487816e-06
EP300,0.11773488081907324,8.205474161899956e-08,1.2004857349591815e-06
BCKDK,0.11943232253646308,8.361621087053736e-08,1.222096062814191e-06
SLC16A3,0.14815508118961773,8.380924277577275e-08,1.223682532625295e-06
CCDC97,0.08569956120649458,8.402381381397206e-08,1.2255799791355198e-06
ZNF559,-0.08311356259989466,8.432956014978901e-08,1.2288021621826398e-06
HLA-H,0.23330246763999618,8.488079728040115e-08,1.235591424934e-06
RPL13AP20,-0.17359845008346397,8.535722396504188e-08,1.2411752842477347e-06
BIN3,0.09785769278703427,8.54357745370748e-08,1.2411752842477347e-06
CDC5L,-0.07948045274980231,8.600403921210439e-08,1.2481788616714628e-06
TUBGCP6,0.06674591272166719,8.611122146864533e-08,1.248483415167026e-06
CRISPLD2,0.23095410236333613,8.626010973459686e-08,1.2493914293959009e-06
SRSF1,-0.14822842262293534,8.792225464970597e-08,1.271750353400106e-06
UNC50,-0.11564061169717554,8.797941550033874e-08,1.271750353400106e-06
ARAP3,0.16849233407775444,8.807074126712608e-08,1.2718012128744309e-06
ADCY7,0.06777494508474113,8.821973461409766e-08,1.272683900548397e-06
ZNF17,-0.07480168700190859,8.848610791862754e-08,1.2752565045705486e-06
CCDC91,-0.05788150584254037,8.958165519491022e-08,1.2897621211163813e-06
RASSF1,0.060149983661071715,9.020663466240583e-08,1.2974706022346435e-06
MED15,0.0549245210835263,9.06700191507566e-08,1.3028418227971812e-06
MRPL1,-0.07267027942988946,9.151548411393142e-08,1.3136870881131642e-06
HNMT,-0.05358461348823873,9.333255603560515e-08,1.3384442986333714e-06
EIF2A,-0.1566189634957409,9.360014438555641e-08,1.3409539973099893e-06
POLR2A,0.156943243486106,9.409778384034465e-08,1.3467512857149724e-06
GMPPA,0.06141086412004082,9.520586223850596e-08,1.3612652602788949e-06
MKL1,0.1074204804948149,9.558946223028257e-08,1.3654021409698352e-06
FAM131A,0.0649594355297678,9.568579528047393e-08,1.3654315850663883e-06
HDAC2,-0.10881955899871709,9.673670510301578e-08,1.3790693274725202e-06
ZNF830,-0.06234765992396696,9.869036635822291e-08,1.4030109246639343e-06
MKNK2,0.13350448062543663,9.858347013922645e-08,1.4030109246639343e-06
CLDN15,0.08683260573776508,9.870671998291557e-08,1.4030109246639343e-06
DYSF,0.24452977050859204,9.902210214133278e-08,1.4061138504069255e-06
TIAF1,0.09766359001448066,1.012886257947474e-07,1.436889770823821e-06
TLR2,0.10647935499240457,1.0154917772737231e-07,1.4391764092008419e-06
FAM96A,-0.12551630486717524,1.0166018349889267e-07,1.439341249069366e-06
GAS7,0.048660011620245136,1.0196503741591447e-07,1.4422476581368215e-06
RCN3,0.08319111851862981,1.0226231681408828e-07,1.4450413626685411e-06
TNFRSF14,0.10893782506521532,1.0278041848284547e-07,1.4509469603367776e-06
PHACTR2,0.08381846595992393,1.0419324077161656e-07,1.4694594930244346e-06
SSH2,0.13930437659604245,1.0512488513955263e-07,1.4811564556043582e-06
STK40,0.07704485667770733,1.0629149568789571e-07,1.496138020936328e-06
GALK1,0.09998026498739776,1.0700774130257462e-07,1.5047574029383406e-06
NEMF,-0.0700132186423037,1.0803242207571862e-07,1.5176931147863323e-06
RNF24,0.20082932433933642,1.0914582457033018e-07,1.530366043636653e-06
MVP,0.09565995140900085,1.0909806798066213e-07,1.530366043636653e-06
RPL10A,-0.16884560079787647,1.1022011982956725e-07,1.543934444498503e-06
CPT1B,0.09561201759616189,1.1107699338332537e-07,1.5544339827672316e-06
FASTK,0.05024505470410112,1.1357812983970109e-07,1.587901189766632e-06
TPCN2,0.09006037077281714,1.1445574528549811e-07,1.5986277866105636e-06
RELB,0.09100948204963188,1.1698293687203646e-07,1.6323515006306127e-06
TMEM115,0.07169572102707011,1.1759587518144612e-07,1.6393249818364442e-06
CTNS,0.04375721503066465,1.1798118145536524e-07,1.643114838653375e-06
PLCL2,-0.07616977915908052,1.198095041657124e-07,1.666974887931007e-06
FAM219B,0.05977995440680228,1.2016576368762747e-07,1.670327179704027e-06
WRAP73,0.06393872480276919,1.2133825085036452e-07,1.6850078862096641e-06
EXOSC3,-0.06920450969021807,1.2181240767038738e-07,1.6899721385995122e-06
NDE1,0.1511957207512733,1.2207845975955847e-07,1.6910350744946615e-06
SS18,-0.036061931564217886,1.221225274731715e-07,1.6910350744946615e-06
TLR8,0.09976923913849589,1.2318031019855554e-07,1.7040531164430549e-06
RPL3,-0.14830078725315587,1.2338390189563797e-07,1.7052408731454393e-06
SIGLEC9,0.06375330541672763,1.2358915932799485e-07,1.7064493648300072e-06
TSPAN3,-0.07073581061069945,1.242229501916407e-07,1.713566867214975e-06
AGAP3,0.033538844689003255,1.2454066982976003e-07,1.716314996968834e-06
GGA3,0.05786887156873366,1.2512279181242748e-07,1.7226982097064636e-06
POLB,-0.1237554787133508,1.284216047073804e-07,1.7664373433824292e-06
KLHDC8B,0.14235034411365355,1.3079346233223304e-07,1.7956516667488752e-06
MTHFS,-0.10031054791531613,1.3068042812021327e-07,1.7956516667488752e-06
HIBCH,-0.07274992320675633,1.3125148330508697e-07,1.8002334130595453e-06
CDK13,0.05031734616884442,1.352867731089903e-07,1.853825564532276e-06
SLC27A3,0.1142796989905861,1.3583357119122547e-07,1.85955902186551e-06
AVIL,0.05465350492806653,1.4133356054661445e-07,1.933026714784857e-06
CFP,0.12794944184450507,1.4361583646439605e-07,1.962388467311615e-06
SIRT7,0.06867791245105881,1.4620827086262183e-07,1.995928930418675e-06
BRI3,0.12211105783912046,1.4739976518574324e-07,2.010299622363752e-06
TMUB1,0.08698070347039177,1.4893222520018858e-07,2.029289134336342e-06
SUMO2,-0.08296787693476837,1.491216511476521e-07,2.029960521825745e-06
UBALD2,0.1074208093770217,1.521574751086657e-07,2.0693416614778537e-06
PSMG1,-0.057123020399477475,1.5291804705013583e-07,2.077734515454191e-06
FBXO8,-0.06686318893489052,1.5321296642088135e-07,2.079790633214663e-06
NSUN5,0.04802731428110718,1.5352381066683446e-07,2.082058870504148e-06
PRSS53,0.04371054004764918,1.5418852353734123e-07,2.0891174695181015e-06
WASH1,0.12168660640359263,1.575135748757413e-07,2.1321744098133057e-06
HSPA14,-0.09217706685724103,1.5988151589922777e-07,2.1606872185747537e-06
ZDHHC12,0.07195054176111615,1.599183028384518e-07,2.1606872185747537e-06
ZNF451,-0.05262098503371959,1.6061237226367536e-07,2.1680424975462013e-06
UPF1,0.09765526514128808,1.6180887500863702e-07,2.1821599121276524e-06
TRIM11,0.0692472383163798,1.6283227344036782e-07,2.1939187428002677e-06
STXBP2,0.1560180961499018,1.639743565569033e-07,2.207253327481587e-06
NAA35,-0.024978198602553903,1.673176262061344e-07,2.2480783840163736e-06
C1QBP,-0.09343115612559316,1.6728274130136608e-07,2.2480783840163736e-06
RPS13,-0.17086904983214168,1.6971016946044254e-07,2.2781113016358203e-06
NR1H2,0.09503126093957981,1.7171201147991959e-07,2.302848865069588e-06
STX16,0.06566759734846705,1.7439093356976562e-07,2.3366126566368963e-06
STK25,0.07334802926544892,1.7516718862350735e-07,2.3448443253446214e-06
CRYZ,-0.12042794585926586,1.777043786057987e-07,2.376611467891402e-06
GMIP,0.11755349973971008,1.7878869482445095e-07,2.3867054892510113e-06
DNAJC5,0.08394985373333164,1.7865606464565185e-07,2.3867054892510113e-06
MATR3,-0.09955528707603634,1.789995188665281e-07,2.387319549965739e-06
OSBPL7,0.057206304051000245,1.795952215966173e-07,2.393060892001292e-06
AK3,-0.1105610142670157,1.8093711386700486e-07,2.4087253283545022e-06
RIPK3,0.06643827814334102,1.8320790176790794e-07,2.4367155640095304e-06
DHX29,-0.06118611029783949,1.8419519792980322e-07,2.447599309004835e-06
VAMP1,0.05893514018536816,1.8445800788504188e-07,2.448844900281344e-06
IFT74,-0.04845937341834983,1.8691843358501817e-07,2.479236805902384e-06
PIGC,-0.0482411292848397,1.9066702910742243e-07,2.5266434122524307e-06
RXRA,0.13233119451774478,1.9129425471450312e-07,2.532638012143385e-06
SLC38A10,0.051976548370828546,1.9217817211423132e-07,2.5420170273082433e-06
MYH9,0.1513262827362034,1.9272057871739927e-07,2.5468657501303022e-06
RAP1GAP2,0.05384116026007035,1.9291563548374465e-07,2.5471194752475455e-06
NOP58,-0.13278322773002937,1.9587734842493882e-07,2.5838684103705044e-06
CTNNA1,0.11111185861716422,1.9696723419043076e-07,2.5958811829064596e-06
GATAD2A,0.10237896787769074,1.9944844611054056e-07,2.6254874736203355e-06
CHPF2,0.07023683348256426,1.9957620190941653e-07,2.6254874736203355e-06
PAQR6,0.03307119359938859,2.0100672600676941e-07,2.6419069142305335e-06
ATP6V0E1,-0.09166493762815442,2.015602127486118e-07,2.6467798018593773e-06
HYLS1,-0.05426862610225758,2.0350373091714421e-07,2.6698804697499243e-06
ABHD4,0.07392230103283381,2.0478159479601332e-07,2.6842141348646668e-06
RPL13AP3,-0.1735161079541534,2.0616545292479464e-07,2.6999099639807642e-06
GATS,0.1050702517809059,2.0782289408824747e-07,2.71915699907333e-06
CCDC130,0.11557535899522797,2.1036470709853372e-07,2.7499299797970776e-06
MRPL45,-0.05794485211016287,2.1174091670878936e-07,2.7654241998287693e-06
TRIM25,0.1427488167495774,2.1298472285119542e-07,2.779162816015058e-06
MRPL14,-0.09117921701846043,2.1508614727800752e-07,2.804057387195914e-06
MRPL20,-0.07180145776828795,2.1683377660941909e-07,2.8242989392183688e-06
NLRP1,0.06473835039418763,2.1817162741071132e-07,2.8391714747679628e-06
ZNF324,0.0989568861257677,2.1968511472464597e-07,2.8563008991667614e-06
ZNF264,-0.07462536812577536,2.2296093218971492e-07,2.894995906507998e-06
DNAJC15,-0.0952832449804335,2.230609936248913e-07,2.894995906507998e-06
CTDNEP1,0.09191983154964767,2.2589768196214312e-07,2.929187131190404e-06
ZBED5,-0.15421689985904496,2.26280333300973e-07,2.9307349116548736e-06
FPR1,0.1719213870296823,2.2642173198990635e-07,2.9307349116548736e-06
ZMYND15,0.07373754938304788,2.2926000210624187e-07,2.9648230986667925e-06
TM9SF1,0.03986001075217427,2.311012681061261e-07,2.9833072791881736e-06
LILRA2,0.1656540704873617,2.3092881296879356e-07,2.9833072791881736e-06
GATAD2B,0.1084867970583403,2.317944990219395e-07,2.9895917398341694e-06
TNNC2,-0.033314779123547744,2.3270333150564103e-07,2.9959820752373586e-06
TIMP2,0.129986804094683,2.3270366160190755e-07,2.9959820752373586e-06
HCLS1,0.12207958861960577,2.3316413577005499e-07,2.9992445315217374e-06
TRPC4AP,0.10406115746557454,2.342194135686322e-07,3.0101455067684726e-06
ZNF169,0.03902268301864886,2.358524590311474e-07,3.0284459367084565e-06
ADAM15,0.06534426774340218,2.3659078417015612e-07,3.0352355340305945e-06
BCORL1,0.06418458483253353,2.368974976617334e-07,3.036480846134997e-06
CTSS,0.14101415914602278,2.3854175038928714e-07,3.0548529731551148e-06
MED28,-0.09909114371784433,2.3964816035738856e-07,3.066310913972099e-06
ARHGAP1,0.11579007174807643,2.417334167292821e-07,3.0902619663785722e-06
PABPN1,0.08268216483717161,2.435066917186067e-07,3.1101859989879184e-06
UPF2,-0.048695938187253596,2.487273379390561e-07,3.168484399920219e-06
CECR1,0.0918671842420018,2.483696582528196e-07,3.168484399920219e-06
ELP2,-0.06280050935234716,2.4869419314761535e-07,3.168484399920219e-06
RPS21,-0.11175673007325226,2.549407626376698e-07,3.2447820791247884e-06
C5orf24,0.05208918819763575,2.558194805429014e-07,3.253107424217194e-06
CR1,0.05788972992629837,2.5797011446617095e-07,3.27757819116493e-06
TIPRL,-0.037724395885493145,2.5892697220172553e-07,3.2868521168885128e-06
GDI1,0.09833835274129044,2.62430485446722e-07,3.328409064107112e-06
KCTD13,0.06954280377976652,2.650862795319037e-07,3.3591510697638613e-06
MYPOP,0.06915591328101911,2.665778174603323e-07,3.3750988707128087e-06
TCEAL9,-0.028443467252992072,2.695494814817837e-07,3.4097420871459874e-06
CPEB3,0.03548074392263523,2.698856676714534e-07,3.411015716015123e-06
NOTCH1,0.1383498953762441,2.735348787488072e-07,3.454123089623124e-06
COA3,-0.047736060088777954,2.808169223997527e-07,3.5429898118798066e-06
PDCD5,-0.07552318718185624,2.8141699441788994e-07,3.54747062415032e-06
MYADM,0.16818412753724843,2.833396833717807e-07,3.5686017164842363e-06
POR,0.10091543209802367,2.839732147848143e-07,3.5703715650549045e-06
TRPT1,0.08575860087427678,2.8388677726192603e-07,3.5703715650549045e-06
ADAR,0.10184868575306893,2.8596840017551045e-07,3.592338515301035e-06
TLN1,0.17166278264700274,2.8871352172152655e-07,3.623427551657885e-06
ATPIF1,-0.058478260859475384,2.88943580652089e-07,3.623427551657885e-06
DKC1,-0.08612653160342987,2.9641792325274954e-07,3.7139422148726855e-06
TBCE,-0.04301487251016223,2.976087911701373e-07,3.725640217206801e-06
AP1G2,0.0951029391387479,2.992423137455689e-07,3.7428546392839547e-06
FAM175B,-0.0745508755659472,2.9959329242499685e-07,3.743106501306435e-06
NOL8,-0.064350047878456,2.997793110684524e-07,3.743106501306435e-06
CRBN,-0.15405712012334405,3.039379673576739e-07,3.791763582436304e-06
TMEM9B,-0.10387074918753392,3.059245419965978e-07,3.8132625355238574e-06
HCK,0.12369611802714253,3.0681109507017857e-07,3.8181039312066835e-06
HOTAIRM1///HOXA2,0.06707397424371742,3.068401667995429e-07,3.8181039312066835e-06
MBOAT1,0.030008991224215187,3.076206254445393e-07,3.823861999960965e-06
RNF44,0.09051818248020993,3.0783092322248584e-07,3.823861999960965e-06
NAP1L4,-0.10355373245889155,3.1196079598090774e-07,3.871842475567668e-06
PDCD4,-0.08135339478204884,3.1384546278740693e-07,3.89189870120959e-06
ERCC5,-0.08699470105865181,3.17322758562262e-07,3.93165340891001e-06
TNFSF10,-0.19771658955822424,3.184984188088778e-07,3.9428470923314405e-06
FAM127B,0.0321353253866663,3.1899279402794076e-07,3.945594900683769e-06
C1orf132,0.07667392091407876,3.207752310254262e-07,3.9608767657052624e-06
PRR14,0.1016652797354638,3.205226553174544e-07,3.9608767657052624e-06
STRN4,0.05105127962326694,3.244305605175787e-07,4.0025998624673e-06
GNAI2,0.107279347570854,3.261077524697272e-07,4.01986781852896e-06
HSPA1B,0.14929314617972622,3.271041301154459e-07,4.028721276013706e-06
GRPEL2,-0.1008435459871464,3.315513360484681e-07,4.080025107328812e-06
MSH6,-0.07976236880513454,3.319548518551464e-07,4.081522983251222e-06
ZYG11B,0.12863363200209044,3.334379715777783e-07,4.094131489097946e-06
LLGL1,0.07914548694962242,3.335456474133925e-07,4.094131489097946e-06
KIF13B,0.06995775437656082,3.3611167241475073e-07,4.122135023924851e-06
PLPPR2,0.13707931366766601,3.375040842144876e-07,4.135709945653671e-06
AMT,0.0746018091814813,3.412801694646857e-07,4.178446301374901e-06
G6PD,0.0967324789229167,3.423736927154184e-07,4.188294396359899e-06
IRAK1,0.09298914989032347,3.463599338233182e-07,4.2273864600604705e-06
ZNF189,-0.0567848875213528,3.464448859494462e-07,4.2273864600604705e-06
ZMYND11,-0.12652145554481464,3.463775260049591e-07,4.2273864600604705e-06
ALG13,-0.04314144735769343,3.5072651687359207e-07,4.276029352186118e-06
SNRNP40,-0.07593834874743699,3.515411329185838e-07,4.282356408067929e-06
SIN3B,0.07139418229508543,3.578971055770113e-07,4.356119056451623e-06
MICU2,-0.1565779944274075,3.5918816134174823e-07,4.365193839653458e-06
ZFP82,-0.0563099757531873,3.5924544717391073e-07,4.365193839653458e-06
INPPL1,0.12101583742837185,3.6060588421275106e-07,4.378051657114406e-06
PPP1R2,-0.1324816265312938,3.6637369747476883e-07,4.444352289970311e-06
LRRCC1,-0.04613186028375438,3.725388812385427e-07,4.515358289421801e-06
RWDD4,-0.07548516056087085,3.7752674469542105e-07,4.571987767699397e-06
RPS7,-0.035962018219546366,3.797334335553076e-07,4.594869717305827e-06
AK6,-0.03131519519360193,3.8186783360757604e-07,4.616839484116971e-06
GAK,0.05117682696579795,3.8330076597399775e-07,4.630298827662539e-06
STAP1,-0.05295458402922559,3.8747104985352843e-07,4.676775571732088e-06
AP1B1,0.046144191452896166,3.8955689794489847e-07,4.6980367275886e-06
MGAM,0.0713011795252152,3.953444870373781e-07,4.76386817824408e-06
GAB2,0.08499787612921406,3.9980342949279156e-07,4.8135934104518645e-06
KLHL36,0.06476779588566561,4.054023237768608e-07,4.876949549488415e-06
DBN1,0.0750882473191199,4.0607313868049964e-07,4.880965427923947e-06
VCL,0.09998947856762541,4.068549386462675e-07,4.886307571602437e-06
EPN1,0.11250302135765722,4.144306115076309e-07,4.973167338091571e-06
DTX2,0.07088459314440687,4.174481627569424e-07,5.005231117029432e-06
VPS52,0.07403353982115579,4.17876829242797e-07,5.006226629241251e-06
CHST15,0.15078839862218096,4.196816388350286e-07,5.023693270154177e-06
CCDC167,-0.08890240537182947,4.213939769015854e-07,5.040025071381141e-06
PSMD6,-0.08981892978169803,4.296598801818218e-07,5.133037013630312e-06
BEX4,-0.05992979354891226,4.298794461152699e-07,5.133037013630312e-06
RALGAPA2,0.03730904223023135,4.327795969677646e-07,5.1634099526203475e-06
PRKD2,0.09087852636111826,4.3614251186386253e-07,5.19924949945365e-06
XYLT2,0.07634498763896325,4.3726652555913904e-07,5.208362135031718e-06
CEBPG,-0.08419534578663601,4.377444564543113e-07,5.2097705072179495e-06
ZNF426,-0.04423890758692828,4.402062404889833e-07,5.23377881029385e-06
SPIDR,0.0598140152236617,4.4048442210357655e-07,5.23377881029385e-06
RIDA,-0.025173689564769397,4.4955808438783775e-07,5.3372125362897065e-06
TRMO,-0.06123332317046959,4.547437097419944e-07,5.394355357823953e-06
RRBP1,0.06249768361128094,4.575685080697233e-07,5.4234224802633974e-06
TOM1,0.08329238950372897,4.5877029623357345e-07,5.433220744601045e-06
KIF20B,-0.07000013857889442,4.5991342941928045e-07,5.442308914794819e-06
FAM127A,0.07693533273098918,4.6170137874543366e-07,5.459006342652132e-06
ZNF341,0.06434941896064217,4.6652559629184435e-07,5.5115470935489995e-06
SNRPA1,-0.10443188661570701,4.675141273451815e-07,5.514230146960594e-06
NSD1,0.03822711488842234,4.6718957631880704e-07,5.514230146960594e-06
MUS81,0.06108430101603535,4.80271588989774e-07,5.660092510112195e-06
STK35,0.057394957804668856,4.808015201326845e-07,5.6617310712209774e-06
EMILIN2,0.12583741865058684,4.814311239510934e-07,5.664539723239348e-06
JUND,0.1099145405019275,4.821802223946259e-07,5.668748653542015e-06
STAT2,0.15439289138514667,4.851347882738318e-07,5.698858291450267e-06
ADPGK,0.07015314231720104,4.857624788161543e-07,5.7016075714531425e-06
CYP4F3,0.13245030209025543,4.868048033183692e-07,5.709215199403449e-06
TMED10,-0.1113082460194379,4.872314834918258e-07,5.709596122083822e-06
SLC35F6,0.06002350143512736,4.91853655102231e-07,5.759101326192977e-06
CLEC4D,-0.07462355892200101,4.959135171812878e-07,5.8019478052130635e-06
FAM46A,0.1077655754774618,4.973653809951054e-07,5.81423743206869e-06
WWP1,-0.10109674044099926,5.028607997096693e-07,5.87373856693133e-06
TRERF1,0.061065023866430757,5.093716678644032e-07,5.9449953564448155e-06
HMGCS1,-0.07999560089224733,5.129181471912703e-07,5.9815671851194515e-06
CD52,-0.3241695714632158,5.165910123255883e-07,6.019552874114096e-06
GEMIN2,-0.03781773025625501,5.170080598924636e-07,6.01956972627206e-06
NUP133,-0.06018165171895706,5.287437684312153e-07,6.151264852978091e-06
TMCO6,0.04525312330376874,5.458155915653091e-07,6.344777711261587e-06
SERPINI1,-0.019836484732495663,5.561293203102614e-07,6.459484422914055e-06
TTC31,0.08387727212839202,5.566787490091493e-07,6.460685096673493e-06
CYTH4,0.11578230419572755,5.627426407728358e-07,6.525832192917338e-06
AP1S1,-0.0540654342402318,5.804525701211151e-07,6.725820020507386e-06
NADSYN1,0.0770280657727751,5.878518159555605e-07,6.8061116725022684e-06
ZNF787,0.10108703237284367,5.925503964856536e-07,6.855031903113584e-06
ZNF823,-0.037769188278911514,5.935709843862865e-07,6.8613584500007775e-06
SERPINA1,0.0986167416633279,5.943382168859028e-07,6.864748591208466e-06
AGPAT4-IT1,0.06880726319686215,5.961975758587978e-07,6.880737600588707e-06
LYRM5,-0.10774495785373528,5.980530254049458e-07,6.896656066851301e-06
BZW2,-0.07119621945837018,6.012160621441186e-07,6.927616105087839e-06
CSNK1D,0.09265342161032564,6.056613405151768e-07,6.967280327294464e-06
PI4KB,0.06789613990552468,6.061014369228821e-07,6.967280327294464e-06
SMARCE1,-0.08311339682907892,6.058528782348601e-07,6.967280327294464e-06
NFKBIA,0.1301343120063283,6.077811719269825e-07,6.981048766209686e-06
PDCD2,-0.06715507496971007,6.128259674551012e-07,7.033416254056803e-06
SLC35B3,-0.07860748208182322,6.190793990770402e-07,7.093944633094819e-06
FAM133B,-0.06821522983755379,6.188195684181392e-07,7.093944633094819e-06
PTPN6,0.0527166262790697,6.301468494597746e-07,7.209357794293345e-06
EXTL3,0.11845063651917709,6.301207983612054e-07,7.209357794293345e-06
SNX4,-0.06650534228317007,6.32058708319734e-07,7.2255235448326965e-06
AP5M1,-0.04777293942104599,6.332343626203331e-07,7.2332543440007134e-06
RIC8A,0.07434282363887235,6.440677073155296e-07,7.351203051818858e-06
C1orf131,-0.09269506540293371,6.568384837111917e-07,7.491061888246378e-06
NUDT2,-0.06902511159042746,6.651525606742335e-07,7.579913209131077e-06
H3F3B,-0.11719657194006317,6.732297986851124e-07,7.665927990688025e-06
DLG4,0.06353512452257526,6.821058101592018e-07,7.760895957852223e-06
NLRC5,0.0864974015610862,6.873407044363997e-07,7.814319280264375e-06
KIF21B,0.05355451108201059,6.950224767185083e-07,7.895455335522255e-06
SLC35A1,-0.16746627865110053,6.96437954800486e-07,7.905334903863825e-06
DUSP1,0.18854541157167581,6.995028666939432e-07,7.93390722098283e-06
PHF1,0.05182745900967056,7.053065897031417e-07,7.993474683302271e-06
DDX17,0.15571832424895682,7.082056276129051e-07,8.020054972904861e-06
APEX1,-0.08944622047101447,7.111237620705286e-07,8.046809820179325e-06
FAM212B,0.09171778525369056,7.185615964961096e-07,8.124626201131656e-06
KIAA2013,0.08905252543240927,7.217288793414332e-07,8.154072611841902e-06
ELMOD2,-0.053538424969828746,7.270439880720881e-07,8.207720283114672e-06
MRPL11,-0.05020238607022165,7.372103390580748e-07,8.315963282974583e-06
RUSC1,0.06984487709653031,7.377805039093027e-07,8.315963282974583e-06
CD14,0.1494228201484109,7.435882218483094e-07,8.374908091174894e-06
TMEM30A,-0.08096643614478616,7.46165161904248e-07,8.397401868703285e-06
POLG,0.07861989524582302,7.529383668130082e-07,8.467049149782308e-06
ZNF646,0.052117360042732486,7.556554645923269e-07,8.491011442323711e-06
RHOG,0.12219293613756754,7.606544974832086e-07,8.54055793918356e-06
DDX10,-0.056555124178247596,7.638662164450342e-07,8.569975429116868e-06
PLAC8,-0.12736738120052493,7.681936485523233e-07,8.611855112718152e-06
ECHDC1,-0.044540710443430775,7.709755766270971e-07,8.63635750337732e-06
GLA,0.09817896637087209,7.746711292364379e-07,8.67104840483815e-06
GPER1,0.0503405051582293,7.771462013345524e-07,8.692035197011319e-06
DAD1,-0.08548268432784667,7.791156287658656e-07,8.707338554818518e-06
TLR5,0.1476994514419001,7.818289492216281e-07,8.730925597938367e-06
CLDN9,0.04636068695487516,7.835759587943794e-07,8.743693518626957e-06
SUOX,0.04244780067097231,7.918919213768488e-07,8.82968636583701e-06
MRI1,0.06584300919967312,7.935611662400689e-07,8.841492255247044e-06
PIPSL,-0.09167801527452912,7.960867297490258e-07,8.862813369473396e-06
NLRX1,0.06695556402064184,8.039368996870256e-07,8.943334911725713e-06
SPATA2L,0.08868733467720968,8.105339407414337e-07,9.009803221564793e-06
MYL12A,-0.12337764795844564,8.158569452533157e-07,9.062018401111214e-06
RRM1,-0.09908973918992459,8.194793248113352e-07,9.095278575147417e-06
MTCH1,0.08716403818131191,8.404512072399855e-07,9.320899912453254e-06
RPS6KA1,0.05620010339622716,8.490944741038526e-07,9.40955192266274e-06
GHRL,0.076258406362947,8.644979806695822e-07,9.57292718044207e-06
DENR,-0.07786484228809876,8.697066277939193e-07,9.623247362083368e-06
IER3,0.11045408765787723,8.83086256399887e-07,9.76383308221066e-06
MGAT1,0.10212848677650044,8.864834320134408e-07,9.793917642473438e-06
TAF1,-0.032439720093366375,9.059627433183994e-07,1.000149723645099e-05
CBX6,0.09541345278610613,9.06932670512587e-07,1.0003109344611664e-05
SLC15A3,0.1345890351307002,9.074900358201965e-07,1.0003109344611664e-05
GLOD4,-0.09210161895741287,9.355340535712575e-07,1.0304391811350642e-05
RCAN1,-0.047621650827408324,9.438111493459171e-07,1.0387660096600504e-05
PFDN1,-0.07594048044474278,9.457844633654118e-07,1.0401474690497058e-05
PNISR,-0.13211053550096175,9.490708129384816e-07,1.0429697765251114e-05
PNPLA6,0.10854354593745441,9.523455838486995e-07,1.0457750899518244e-05
UFSP2,-0.049117108199401294,9.539154514062697e-07,1.0467054089521522e-05
R3HDM2,0.03938118893746356,9.578519017818627e-07,1.0502291404548448e-05
TAF7,-0.12718727961986076,9.636190886180676e-07,1.0550155151723172e-05
ZNF22,-0.1285183178625644,9.636740724751283e-07,1.0550155151723172e-05
MRPS7,-0.06280377928973735,9.650340992312669e-07,1.0557064874067726e-05
FOPNL,-0.10963357495547932,9.67091803968141e-07,1.0571590708433625e-05
TOR4A,0.07314195532096956,9.712292726189723e-07,1.0605576065554456e-05
SLC35C1,0.06602810198763631,9.716652470996108e-07,1.0605576065554456e-05
ZNF700,-0.08524434423845939,9.74279863838586e-07,1.0618111021699081e-05
ANKMY2,-0.0634825758418529,9.73901215373654e-07,1.0618111021699081e-05
ZNF480,-0.05656260373755195,9.761791311825903e-07,1.0630810929359878e-05
EPG5,0.02774544696677772,9.83680802900409e-07,1.0704457362291151e-05
MAU2,0.08274813317729457,9.905221688470004e-07,1.0770813133318284e-05
MEMO1,0.05451316586064259,9.956796849573834e-07,1.0810951020293662e-05
RPS18,-0.23850291490771802,9.957062041612638e-07,1.0810951020293662e-05
PPIAL4C,-0.06059541430586357,9.965741284501909e-07,1.08122694205787e-05
FRAT2,0.140402513575399,1.002427471637492e-06,1.0867634355686702e-05
EIF3I,-0.09019601154294321,1.010068081914511e-06,1.094227830848899e-05
AKAP7,-0.06292272415495859,1.0239899984998142e-06,1.1084806530845523e-05
CHCHD7,-0.04829229254702838,1.039538221120019e-06,1.1244713662959191e-05
TMEM120A,0.0995483750227768,1.0461895824264395e-06,1.1301865691279033e-05
RBM17,-0.10083342735878809,1.0463823454850306e-06,1.1301865691279033e-05
ZDHHC8,0.10528606286594311,1.0563001147417753e-06,1.140048499397904e-05
PIAS4,0.09824996832487898,1.0672911859574272e-06,1.1503321289112248e-05
NCSTN,0.1220892404368712,1.0674167227676651e-06,1.1503321289112248e-05
SETDB1,0.07778155073059789,1.0710360226618694e-06,1.153374405370596e-05
SRF,0.08616038164338846,1.0776490929885866e-06,1.1596336896617153e-05
AKR1C3,-0.18472072065963907,1.0804168431498565e-06,1.1617488905851909e-05
AGER,0.03074492798173889,1.092637897119975e-06,1.1740183458372195e-05
HTRA2,0.04061846906339106,1.0973176645286853e-06,1.178172650336062e-05
ZNF615,-0.058153693729249056,1.0985572257439184e-06,1.178629841309253e-05
CTDSP1,0.06756906706701393,1.1008666765737235e-06,1.1802333784969512e-05
TP53I11,0.06155155399057577,1.103123496983963e-06,1.1809047102968012e-05
AP3D1,0.06633257055597053,1.102605017277479e-06,1.1809047102968012e-05
CSE1L,-0.08140370171079159,1.1283901683796865e-06,1.2070607975488463e-05
EIF4A2,-0.20031824896870276,1.1321277948412479e-06,1.2101652384118549e-05
ZNF839,0.056210008588576166,1.1341812711369413e-06,1.2114661896126444e-05
AKIRIN2,0.10855153818065588,1.1392512389979304e-06,1.2159848891411956e-05
SETX,0.06977287342033645,1.1457736682845227e-06,1.2220460833161287e-05
ZNF439,-0.06765727796913801,1.1519072563593978e-06,1.2276839367998174e-05
REEP5,-0.18662976839610224,1.1528589421903376e-06,1.2277947734327096e-05
TRIM38,0.10852906840252707,1.1624997905992624e-06,1.2371526059544246e-05
ANKRD49,-0.12612301236908152,1.165076727156416e-06,1.238984678130215e-05
TRAPPC2L,-0.05560277173412853,1.1811968237260902e-06,1.2552057809866978e-05
DOK3,0.0723039013220621,1.192602804067522e-06,1.266397288424779e-05
UBR4,0.10695238576818866,1.2061925028567047e-06,1.2798895392949824e-05
S100A12,-0.30495239447312983,1.2103264573190955e-06,1.2833359010109648e-05
NDUFB5,-0.13475061910220099,1.2169406631375077e-06,1.2884626143920804e-05
RELL2,0.03888649624489737,1.2161239098637408e-06,1.2884626143920804e-05
ACIN1,0.06937796161076726,1.2189471136983151e-06,1.289644265508137e-05
ZNF32,-0.02953515113015115,1.2222651973270627e-06,1.2922108845317646e-05
PTPN4,-0.14148875430442676,1.2234592063343612e-06,1.2925297698429531e-05
VPS36,-0.13894410603787755,1.2251960642668677e-06,1.2933689666322931e-05
STK36,0.06296623497348364,1.2260394857678394e-06,1.2933689666322931e-05
RPL32P3,0.031233138970831575,1.2410059942954667e-06,1.3082045721525137e-05
SNURF,-0.06340180152647612,1.245914440188891e-06,1.312423618305156e-05
BNIP3,-0.08183313262472058,1.2642827288703767e-06,1.3308045817557075e-05
PPM1B,-0.05456315104911713,1.2698527299397192e-06,1.335696945566223e-05
ZBTB8OS,-0.04347209098659999,1.2724983265470846e-06,1.3375084007044973e-05
AKR1C4,-0.030759998764008145,1.2964768298610244e-06,1.361723742110738e-05
ARF1,0.04483485209847515,1.3094066892244186e-06,1.374307716429455e-05
NKAP,-0.024499609572725234,1.3143543893484286e-06,1.377009259044865e-05
C12orf49,-0.04694351700034627,1.314574930663317e-06,1.377009259044865e-05
CD79B,-0.17491360045909055,1.31483278463066e-06,1.377009259044865e-05
MPC2,-0.0851535881032035,1.3301475590224597e-06,1.3920417084451812e-05
EWSR1,0.04640766032669674,1.332898671204698e-06,1.3939136717493751e-05
NIF3L1,-0.10192146039678462,1.3368179373779203e-06,1.3967505889450231e-05
SGSM2,0.12152495659149487,1.3375400903526286e-06,1.3967505889450231e-05
NLRP6,0.033366954301653706,1.3408176900888831e-06,1.3991645117613387e-05
HNRNPC,-0.06210123018195368,1.368483845452731e-06,1.42700648074423e-05
LILRA6,0.07135917913276213,1.3725756857232984e-06,1.430243613814119e-05
GLRX,-0.21489899622140207,1.380613863615805e-06,1.4375852768232436e-05
METRNL,0.03322445142542829,1.385895009619867e-06,1.4420476522510166e-05
PIK3CG,0.0701379511253375,1.4120466890592536e-06,1.4671509500957123e-05
SEC24C,0.04964431644682854,1.411292421934944e-06,1.4671509500957123e-05
ZNF500,0.06772197354998966,1.4247098178490212e-06,1.4792470968978653e-05
SURF4,0.06549247529547308,1.4264251063651987e-06,1.4799671375783337e-05
KLHL21,0.08619365341328411,1.4343383826104082e-06,1.4871121785060239e-05
PEX2,-0.08781594082487043,1.4421763912808411e-06,1.4941690165459015e-05
TTC25,-0.11352330965815405,1.4504532911406242e-06,1.5016701550307935e-05
FMNL1,0.08774772823298793,1.45887694401351e-06,1.5093124040779771e-05
CCDC14,-0.1213183018534627,1.5030233770629498e-06,1.5538751315760005e-05
UNC119,0.05406060436628568,1.5061625091760898e-06,1.5560098275967537e-05
CARD9,0.10654539447182465,1.5196297091762742e-06,1.5688037567861124e-05
API5,-0.1088752807034652,1.5215091924724388e-06,1.5696252951403706e-05
LYN,0.1356742608573267,1.5252636694684379e-06,1.571598740250147e-05
USMG5,-0.06498015728511675,1.5255922595910704e-06,1.571598740250147e-05
TRIAP1,-0.06747464013537563,1.5446121787151822e-06,1.5893458949633656e-05
SEP15,-0.16209921830087914,1.5450145126404439e-06,1.5893458949633656e-05
LCP2,0.06904716662121757,1.548304072119418e-06,1.5915994450374484e-05
ATXN7L2,0.04040150230654671,1.5684888301025785e-06,1.6112051216457976e-05
TBKBP1,0.04445840401193646,1.5752315449788965e-06,1.6169846702674936e-05
CWC25,0.06650120996250486,1.5824107839690982e-06,1.623203809844789e-05
PRPS1,-0.0783986301692341,1.5925511562586172e-06,1.6312949750530275e-05
SETD1B,0.06024206015805422,1.5917775171865554e-06,1.6312949750530275e-05
CBL,0.10234312256902722,1.5940586136384735e-06,1.6316851561794804e-05
STK19,0.05690153713010648,1.5967140451667968e-06,1.6332490275562067e-05
TIGAR,-0.04804189583232077,1.616962970286125e-06,1.6527940481033335e-05
NACAP1,-0.06557816104560388,1.6222693603505358e-06,1.657048618851704e-05
IGFBP7,0.10168325168922365,1.62388657332243e-06,1.657234761744922e-05
TCF25,0.09790393621344151,1.6247399624950215e-06,1.657234761744922e-05
GNB4,-0.06156498496101026,1.6313825176337295e-06,1.6628391544973216e-05
ANPEP,0.1879024752362941,1.6437778468948172e-06,1.6742952415207125e-05
PRDX4,-0.08981890614479582,1.6898461924830444e-06,1.7200092938808445e-05
FAM193A,0.06346235987370097,1.6952769248965046e-06,1.7243252092837762e-05
MGME1,-0.07763846045331402,1.7250479537451099e-06,1.753375056985556e-05
MOGS,0.05966283581829046,1.7263130439580865e-06,1.7534304438070777e-05
TBC1D2B,0.0685621460829573,1.731430993491472e-06,1.7561657219699215e-05
TIMP1,0.15579001103639634,1.7306969031961808e-06,1.7561657219699215e-05
BEX5,-0.03266186957856565,1.7838940670498877e-06,1.8081120830756173e-05
SLC22A4,0.12298427278797863,1.793546197907347e-06,1.8166239951391617e-05
PEPD,0.0858485293999216,1.7978711871906925e-06,1.8197320947078957e-05
METAP1,-0.0784866021124131,1.803789494143699e-06,1.82444741851797e-05
CALCOCO1,0.07209725816698143,1.8255832863730978e-06,1.845202255396228e-05
HGS,0.08740800490711287,1.8381777931007404e-06,1.85663648223648e-05
RFC4,-0.048458115154083714,1.8407659734246413e-06,1.857955007601568e-05
CACTIN,0.031101270936641612,1.8493356388409378e-06,1.8653048323796756e-05
IMPDH1,0.06533983861725812,1.8520816033679652e-06,1.8667745263174398e-05
SUCLA2,-0.05234152490793953,1.865566714050803e-06,1.879058990703187e-05
ELL,0.10492048825449096,1.876173013409522e-06,1.887374813056248e-05
CAMTA2,0.039285582272467146,1.8764289773550107e-06,1.887374813056248e-05
RAD9A,0.06396795954965917,1.8842606285025049e-06,1.8939369148667786e-05
GIGYF2,0.03953436045151548,1.9165360770169636e-06,1.925042201075846e-05
CD300A,0.0976783646218582,1.93462739408126e-06,1.940522380600621e-05
LRPAP1,0.061294228653678395,1.9337785669004384e-06,1.940522380600621e-05
EXOSC8,-0.07524814429424254,1.9412427978628037e-06,1.945810427975422e-05
HSDL1,-0.036412861083481296,1.9622691482391375e-06,1.965043166293931e-05
CKAP5,0.05259132599584415,1.963143787370421e-06,1.965043166293931e-05
WDR37,0.05502776919686436,2.016276627219608e-06,2.016833609713315e-05
UFM1,-0.06278923164653882,2.031709507426775e-06,2.03086821984606e-05
NMD3,-0.06257389804917945,2.0434949498322524e-06,2.0412400588531273e-05
TSEN15,-0.07641840085231877,2.0619104932330645e-06,2.0582158224664165e-05
LRP1,0.03659043766482295,2.0977978149619753e-06,2.091399481366886e-05
ZFHX3,0.07250109165809615,2.0982505559856293e-06,2.091399481366886e-05
TMEM88,0.07529463351323695,2.0994855329380365e-06,2.091399481366886e-05
SMARCC2,0.05599654201620119,2.1134423831935014e-06,2.103855634238809e-05
RNF219,-0.04512352279900256,2.1206863060274603e-06,2.1096167895948994e-05
NDC80,-0.026797632481426525,2.1292072325077754e-06,2.1166395027894727e-05
CENPT,0.0839104909194921,2.1407402413034613e-06,2.1266448323072245e-05
ZNF562,0.07651577383755814,2.148054593502327e-06,2.1324484394988145e-05
ZNF540,-0.036259290315659776,2.156025567508591e-06,2.138895501355783e-05
PISD,0.12185132442827928,2.158433693751642e-06,2.1392060705163303e-05
DDX47,-0.05670564215129925,2.1592925124930093e-06,2.1392060705163303e-05
ENOPH1,-0.09186998297464566,2.170161230965976e-06,2.1485041195701434e-05
NICN1,0.07410514439865423,2.1727899555432554e-06,2.149637275689106e-05
BLM,-0.03766343365862124,2.185968762329688e-06,2.1611994234527783e-05
AP3S1,-0.07913804650102829,2.2061740373312508e-06,2.1782020965716318e-05
FBL,-0.1161013435321756,2.2060332414958314e-06,2.1782020965716318e-05
MTMR14,0.05618717149758545,2.259000086989612e-06,2.228839050405827e-05
ZNF385A,0.09293303186630286,2.2630751041563236e-06,2.2313396738325523e-05
TMPPE,0.03251602133474396,2.2727241319712218e-06,2.2393290018687875e-05
WAS,0.12111355358369025,2.2784171645873793e-06,2.2434122509778112e-05
PIAS1,0.09131058279576187,2.2907344359625716e-06,2.2540079871251283e-05
DNASE1L1,0.033020838878947245,2.2946282855935156e-06,2.2563065912108945e-05
C19orf53,-0.09503750384417842,2.2997845457450757e-06,2.2598425617755547e-05
OSBPL5,0.11191599595193313,2.3609397405858472e-06,2.3167920869000954e-05
PPFIA1,0.04978602062040416,2.359808526082179e-06,2.3167920869000954e-05
HSBP1,-0.09589542442595622,2.3861251850737496e-06,2.3399212715374534e-05
POLR2B,-0.08753639247011247,2.4065051784657967e-06,2.3583099462042353e-05
BRE,0.049244603146838095,2.430085562858487e-06,2.379807930523484e-05
TERF2IP,-0.07837137349401857,2.445368060943079e-06,2.3931561482905104e-05
PIGG,0.04534260356274622,2.5574634699228466e-06,2.5011681903013173e-05
CCNB1IP1,-0.02690774687948494,2.5749999993024564e-06,2.5166194325166516e-05
PRDM2,0.02734538354174898,2.594971988735924e-06,2.5344284750405343e-05
CASP3,-0.07171599481449586,2.602766379093327e-06,2.5403280481662903e-05
CSRNP1,0.12824477812641355,2.621134440626142e-06,2.556532743301619e-05
VCAN,0.20051253657071655,2.6363313607545068e-06,2.5696247260543928e-05
MZF1,0.07591797889337482,2.6594440915863394e-06,2.590409429894858e-05
PARK7,-0.12404017398453959,2.688684580381659e-06,2.6163720861417535e-05
PPBP,-0.20789224205720913,2.689711430727058e-06,2.6163720861417535e-05
GTF3C2,0.061426041935329856,2.709363286091194e-06,2.633719317835225e-05
CTGF,-0.02157438887842833,2.7115008017263727e-06,2.6340293502484766e-05
AGTPBP1,-0.07512483492050137,2.7203348385416555e-06,2.6408397990239504e-05
PSMD6-AS2,0.06944124439128085,2.7291092114034235e-06,2.647583242998472e-05
MARCH6,0.07076213319257363,2.7643320142404996e-06,2.6799588282636813e-05
ZSCAN16,-0.061410468157644615,2.776089192922265e-06,2.6877590822383744e-05
ASL,0.02738026398579496,2.774816388642284e-06,2.6877590822383744e-05
LEPROT,0.11350794807575859,2.799518899578026e-06,2.7086327148622663e-05
RERE,0.0918285563823531,2.8133031392254614e-06,2.720152381077542e-05
MAPK14,0.05447070838750445,2.8152949341514707e-06,2.7202622966144028e-05
ZNF746,0.11231429928731096,2.8275105922846843e-06,2.730244227910091e-05
HLA-B,0.10818163446866613,2.871424124556077e-06,2.7707999347148715e-05
APMAP,0.11940998430036309,2.8765878720778505e-06,2.7739346697187475e-05
PANX2,0.16013996445562206,2.8807248208991124e-06,2.774229940552044e-05
GIN1,-0.03431448086933209,2.8791734464467276e-06,2.774229940552044e-05
CMAS,-0.07486322869473483,2.8844000165635627e-06,2.7759235774024348e-05
RNF7,-0.10138089740469702,2.9221313023612555e-06,2.8103685115139725e-05
PRKCZ,0.04856514614495122,2.9332577877102255e-06,2.819197464976437e-05
BCL2,-0.06486991936923037,2.9629942912731325e-06,2.8458892118567673e-05
MCM7,0.03396595984882822,3.0006781105559627e-06,2.8801737411062003e-05
TNFRSF1A,0.11441570894374564,3.016910796950125e-06,2.893836820067921e-05
ARFGAP1,0.0400571405904957,3.01991733182289e-06,2.894803615759281e-05
IRF7,0.08805562676103307,3.0497083142009917e-06,2.9214269327306325e-05
LPAR1,-0.051173360419647373,3.121754778778956e-06,2.988466372494012e-05
F5,0.11826815300441762,3.1381950344010755e-06,3.0002387378392857e-05
DYNLT1,-0.14744713420239997,3.136573922228025e-06,3.0002387378392857e-05
LXN,-0.08865972106459363,3.1732958950637327e-06,3.0317953657060098e-05
SRSF6,-0.13995867470625356,3.250210339648895e-06,3.103233128508543e-05
PIGS,0.0573817435568742,3.2623930826444803e-06,3.111408203261046e-05
FBXO46,0.05570822906632955,3.2630689455630555e-06,3.111408203261046e-05
ARHGEF40,0.10177495680187132,3.268810932663459e-06,3.1148327334669435e-05
GHDC,0.07744055554736207,3.272001045740223e-06,3.115822692077672e-05
SULT1A1,0.04809791912659911,3.288850704203132e-06,3.1285423117408606e-05
ELMSAN1,0.042113853460652884,3.289678224786889e-06,3.1285423117408606e-05
DCTN1,0.06326825037531858,3.2979804601865457e-06,3.134379854681229e-05
UGDH,-0.05644521003752612,3.318491157211788e-06,3.151804978429871e-05
MAFG,0.027030207783607096,3.3213882627843505e-06,3.1524893576781476e-05
BEND5,-0.03054183425143009,3.3312706702563146e-06,3.159798584675341e-05
ATP6V0A1,0.12204002448466156,3.4447950047874845e-06,3.265341024171592e-05
SUGT1,-0.04479520563856987,3.4516210746238628e-06,3.269671657609681e-05
SMARCD3,0.05116440038898773,3.4642233918589783e-06,3.279464810959833e-05
TSEN34,0.11037045471407048,3.4804694585794183e-06,3.2926923342955124e-05
VPS37C,0.10515683176010704,3.521983957933318e-06,3.329792144040873e-05
HEXDC,0.07162239609854737,3.532510090117733e-06,3.3375653062795334e-05
F12,0.05219568938208852,3.537683543045452e-06,3.3402743440332675e-05
TSPAN32,0.06788458820468435,3.58934053361592e-06,3.386840930872507e-05
VIMP,-0.04570478188996496,3.603433454886594e-06,3.397925140662593e-05
TMEM91,0.14645727264211494,3.632175391545156e-06,3.4227995036525726e-05
LSS,0.03356432182331748,3.675551386311384e-06,3.461423035067236e-05
AFF1,0.04275302405185055,3.6983715497995784e-06,3.4806506515462696e-05
ZNF467,0.15329855073387222,3.7662251995318233e-06,3.541367573199307e-05
ATP5S,-0.03182396225962858,3.7677764638912815e-06,3.541367573199307e-05
SNRK,-0.1554439930658429,3.855301153179348e-06,3.621282873064181e-05
PPCS,-0.08459005330612968,3.969286947114593e-06,3.7254475716326255e-05
RASGRP2,0.07793109053825731,3.971341515189709e-06,3.7254475716326255e-05
TYROBP,0.09551753686100461,4.002851704127651e-06,3.7525763160249124e-05
AP2A2,0.05225322302666768,4.062088961554563e-06,3.8056466053788026e-05
B3GLCT,-0.03434806065159446,4.071343775924672e-06,3.811851535261342e-05
SLC6A6,0.07890523816332351,4.0928045355382234e-06,3.8294690499183225e-05
GNPAT,-0.06703332319978195,4.110319729292746e-06,3.843374497035257e-05
ABCC10,0.03766015647391363,4.113451472179381e-06,3.8438213627771716e-05
MFN2,0.1228562064948946,4.195675515571439e-06,3.91812792827445e-05
TAF6L,0.059685907096002744,4.201169502997662e-06,3.920730610916117e-05
YAE1D1,-0.03252709951633026,4.2241807568157895e-06,3.9396673587714035e-05
LTBR,0.09832598743674126,4.2336014328799255e-06,3.94337512243298e-05
VPREB3,-0.18310566089173186,4.231420322938953e-06,3.94337512243298e-05
UQCC2,-0.06191871074187372,4.242537127726149e-06,3.9466222066785836e-05
PPIL1,-0.04683610071572808,4.240196183824583e-06,3.9466222066785836e-05
TVP23B,-0.04281898014044305,4.257955836219798e-06,3.958423127843874e-05
PCBP1,0.08987682037216338,4.279362251213291e-06,3.975771831082316e-05
RPL9,-0.21953131954998462,4.3016745497827725e-06,3.9939393704521585e-05
LPCAT3,0.08580124164535974,4.3447710635710925e-06,4.0313686152955605e-05
TICAM1,0.046150565162445645,4.399525655617888e-06,4.0795601533911323e-05
USP1,-0.05510241102113689,4.419932931501932e-06,4.095861073568393e-05
ACAD8,0.02904665246884619,4.4296717934364835e-06,4.102261269573787e-05
C11orf58,-0.023482581646791623,4.476372919591943e-06,4.142861684815955e-05
PRRC2A,0.08965183011237343,4.6113027324938265e-06,4.265013331892757e-05
C19orf43,-0.11535221348763436,4.621047415522595e-06,4.2709683140087325e-05
ADAMTSL4,0.01737350230523038,4.623638716076838e-06,4.2709683140087325e-05
SRGN,-0.1791122494165407,4.643767531453153e-06,4.284097383794106e-05
P2RX7,0.08663229721967891,4.643690537456913e-06,4.284097383794106e-05
CD58,-0.12912555719576346,4.658001442080072e-06,4.294493500132894e-05
MAPKAPK5,-0.03809047402604193,4.6708769369496965e-06,4.3036247808383845e-05
HPRT1,-0.07637383687895216,4.682624475105033e-06,4.311705842175543e-05
ATPAF1,-0.040684264122609726,4.693619676857913e-06,4.319084332885007e-05
SRBD1,-0.0865549615513519,4.699437705745974e-06,4.3216924273031545e-05
SF3B4,0.09662938551490008,4.73295110730777e-06,4.349750243543512e-05
FASN,0.10951667912322627,4.75953184403945e-06,4.37140515086033e-05
TESK1,0.06530110401936451,4.777002146920156e-06,4.384670411659793e-05
BAX,-0.04444965245239363,4.823731048878328e-06,4.424757473841274e-05
MTX2,-0.038165572065812725,4.875359480024625e-06,4.469285234726372e-05
POMGNT2,0.05017796073114411,4.900380091504893e-06,4.489380470927064e-05
NAP1L1,-0.060989191231488604,4.960387665468599e-06,4.5414826135680904e-05
FAM156A,0.03686860543918513,4.963539260588723e-06,4.541497324723125e-05
MTF1,0.11284792050195236,4.9792932658473865e-06,4.5530355847559054e-05
KIF2A,-0.07492262644046033,5.017261977900102e-06,4.584859462959311e-05
CACNA1E,0.04611626506188138,5.061432448594731e-06,4.6223069095489334e-05
THBS1,0.0971440707221447,5.0650726331450994e-06,4.6225600608265635e-05
RRP12,0.11164241558258681,5.068092637802115e-06,4.6225600608265635e-05
DMWD,0.06123741847552111,5.163631670077885e-06,4.706736381964008e-05
NOL11,-0.08947824325573883,5.182721881164701e-06,4.7211662721251275e-05
GRSF1,-0.07882867516253178,5.1866736330485555e-06,4.72179641112981e-05
OTUB1,0.03125914364931148,5.1959268518688286e-06,4.727249027793223e-05
RTCA,-0.05550708003140681,5.228493714107236e-06,4.7538922131280105e-05
MAZ,0.02734467220816761,5.293864092636966e-06,4.8103091290937155e-05
TM2D3,-0.06199033071962923,5.30063244208389e-06,4.813439516686086e-05
COPG1,0.07538703828836812,5.382865865200869e-06,4.88199306146333e-05
OPRL1,0.03893759957734311,5.382010483425386e-06,4.88199306146333e-05
RAB6A,-0.04969082747803366,5.410742218480639e-06,4.901137604282275e-05
DPP9,0.08447935492288838,5.4098863046243395e-06,4.901137604282275e-05
CCDC65,-0.04265748469739883,5.472249175363506e-06,4.953753565997814e-05
IQCG,-0.030158673354463872,5.493802384848947e-06,4.9701582599720275e-05
COMTD1,0.057640802723458506,5.530989503985179e-06,5.0006774017304205e-05
RAB21,-0.1037707038996265,5.575695277376343e-06,5.03795198986394e-05
OSGEPL1,-0.023041884889375197,5.58159534525935e-06,5.0401388391980314e-05
CD93,0.15050717032521277,5.652884300510465e-06,5.101331851002715e-05
DTWD1,-0.037728159932629346,5.6631103623598765e-06,5.107377988071012e-05
PSME3,0.06613291396001664,5.698713149889411e-06,5.136288815370145e-05
DPEP2,0.12510270427490155,5.7195377087424956e-06,5.1518522495911876e-05
LSMEM1,0.07136206493554109,5.7602404119408805e-06,5.1852903745526234e-05
CCDC146,-0.057614162135276814,5.775783883454305e-06,5.1960530290653515e-05
PNPLA8,-0.05289426502007366,5.798470245745178e-06,5.2099902629884096e-05
C1orf35,0.04879431368535858,5.79503115813521e-06,5.2099902629884096e-05
SELL,0.14470244117446462,5.843961428298773e-06,5.2476092577482596e-05
HIVEP1,0.04519232824322028,5.905773376118674e-06,5.2974901698845674e-05
POLE3,-0.08670029786595812,5.9076208746157626e-06,5.2974901698845674e-05
FAM189B,0.03328930217810555,5.9104833709841625e-06,5.2974901698845674e-05
EED,-0.04686552722874815,5.914621048545355e-06,5.297920300997583e-05
RNF166,0.06867544739085663,5.927889150601713e-06,5.306523266830359e-05
HIST1H3H,0.10753265353601371,5.941331837401065e-06,5.3152717932623245e-05
PTOV1,0.0848041814790026,5.955355646901283e-06,5.324529085785073e-05
C20orf24,0.08574007776442016,5.97647347952445e-06,5.3401136259982815e-05
P2RY10,-0.04808113695177063,6.082074391376759e-06,5.4311199435697275e-05
NOL6,0.04102933088308447,6.091547363843743e-06,5.4362274810790374e-05
AKT1,0.061386616628423596,6.095899226660565e-06,5.4367613546152485e-05
PLAUR,0.10947267296237939,6.106538953029802e-06,5.442899088965148e-05
ZBTB16,0.06336274959559596,6.147700771095827e-06,5.476217587241818e-05
LAMP1,0.10714706300661625,6.193107133716438e-06,5.5132737384602875e-05
KIF1B,0.05753480593459148,6.247198673946252e-06,5.5580114000882986e-05
RNF170,-0.046197014500543254,6.261185249029461e-06,5.5636200703645835e-05
ANKRD12,-0.1404563138723045,6.258957969081531e-06,5.5636200703645835e-05
FCN1,0.11880394628181179,6.2686990647080185e-06,5.5668814992784146e-05
CYB5B,-0.0885034137404066,6.277238504636855e-06,5.571049172865209e-05
AXIN1,0.04713608784785439,6.2823566882802804e-06,5.57217723656164e-05
KLF2,0.10649985533912165,6.331163305437146e-06,5.612029945896672e-05
USO1,-0.11047868605719202,6.41006182841156e-06,5.678491469279084e-05
CEPT1,-0.052263854124411147,6.452718496038554e-06,5.712785739402348e-05
CYP2D7,0.022175468167646706,6.593419618378939e-06,5.83378679001836e-05
DCAF5,0.06134533205919723,6.626869850411774e-06,5.8598035966644766e-05
UPRT,-0.054691697149366725,6.6322238026159416e-06,5.860959704520397e-05
OPTN,-0.12299046809709147,6.729465795320622e-06,5.9432672304526764e-05
ZNF280D,-0.019695680754198364,6.755323806385739e-06,5.96246861740957e-05
PLXDC2,0.10750225956804016,6.832653347078366e-06,6.027049395802866e-05
ANKFY1,0.04503237966798501,6.842936464894253e-06,6.0324462420893705e-05
PUS3,-0.042407897455029264,6.859446069226442e-06,6.043322193836726e-05
LINC01089,0.049107224088102086,6.936163290081422e-06,6.10719690538233e-05
GLYR1,0.07459388910138287,6.953650067031648e-06,6.117187705831451e-05
DIMT1,-0.08204116789781946,6.955957022579675e-06,6.117187705831451e-05
RASGRP3,-0.07804973785228153,6.970035791572649e-06,6.125849417787515e-05
CDC42SE1,0.09493321688456824,6.984082013857993e-06,6.134472036914444e-05
UBE2T,-0.021911935678025074,6.998167485317714e-06,6.143118658020714e-05
STK10,0.08915926735669899,7.027650369950853e-06,6.165262747326963e-05
PDCD6,-0.08422651539958892,7.058671335659388e-06,6.188728548770616e-05
SEMA4A,0.14862662570429208,7.080598596991118e-06,6.204197826909821e-05
E2F3,-0.13220924453909966,7.089951952429111e-06,6.208637489660413e-05
PCNX3,0.06842814845914091,7.166005165286278e-06,6.271445245559302e-05
CPQ,0.08333944908843982,7.217503421977021e-06,6.312700456758162e-05
C1GALT1C1,-0.05456875990581356,7.258162957198779e-06,6.34443163983507e-05
C19orf70,-0.08535291234523434,7.274759334623129e-06,6.35510338978778e-05
YIPF6,0.10294688544663799,7.3180198341425826e-06,6.389041547783071e-05
BRCC3,-0.042000180699059086,7.354302982901142e-06,6.416850867731334e-05
ZNF692,0.07291272500950718,7.363976069970997e-06,6.421422600689941e-05
CD3G,-0.13268660393398335,7.427146380998243e-06,6.472610600624462e-05
TRAF3IP3,-0.09436809559993975,7.471139512216464e-06,6.507034557723588e-05
EFEMP2,0.0357028532025323,7.526875713576695e-06,6.551638692033945e-05
ZNF707,0.03505810175748092,7.580613043880551e-06,6.594450410064018e-05
RCN2,-0.0841029550536545,7.6122750202343126e-06,6.618018691060851e-05
CINP,-0.027630567571836906,7.619491420991759e-06,6.620318760746529e-05
DLEU1,-0.027257681257736976,7.647749030375401e-06,6.640887107671302e-05
PDDC1,0.03560886730655621,7.662216334126523e-06,6.64946323448104e-05
SMAD9,-0.03940014646502821,7.75129067657509e-06,6.722736177216383e-05
NPHP4,0.02397578371143716,7.77042190400852e-06,6.735295682684584e-05
P2RY13,-0.13048235492654836,7.794346874756505e-06,6.751992830979259e-05
PTPN1,0.09368416795828516,7.815670125693169e-06,6.766417579231313e-05
ORAI3,0.03083167338543724,7.821061338056313e-06,6.767040168483132e-05
NDUFAB1,-0.11793346634266832,7.87842825608006e-06,6.812606260362005e-05
ZNF281,0.1354549043211417,7.890987874778093e-06,6.819395487964553e-05
CDK10,0.04395290088778481,7.975796480838288e-06,6.888576996330457e-05
PCMTD1,-0.1610317795288294,8.006085273335742e-06,6.91061615607836e-05
THAP1,-0.03319252963797492,8.017940621198898e-06,6.916727335166458e-05
TRIM52,-0.06572215663263936,8.027532452311225e-06,6.920879764242606e-05
RNF20,-0.07975130699875344,8.14515205843909e-06,7.018107222750254e-05
TBCD,0.05545429099052246,8.260251425093399e-06,7.11304884905189e-05
SLC9A7,-0.03792224505541242,8.318659354461347e-06,7.159088656566735e-05
MRPL54,-0.08998401859604144,8.32886897637326e-06,7.159367255417822e-05
RABEP1,-0.11604679206375756,8.32728588717719e-06,7.159367255417822e-05
ARID4B,-0.05985237795974285,8.372044204092559e-06,7.192211640099444e-05
DNAJC10,-0.05155929171080054,8.41221825775306e-06,7.222440382056629e-05
OSM,0.06621958772409453,8.45236444211507e-06,7.252609394525751e-05
ZNF219,0.0335081305611622,8.473345770154521e-06,7.266307882469988e-05
MTA1,0.0593050624141549,8.479667084402463e-06,7.267425920147058e-05
BORA,-0.04721122755981444,8.490290625647315e-06,7.272227641743094e-05
TECPR2,0.038070463003970545,8.54691236788415e-06,7.316399452507921e-05
SERINC3,0.042613016820051364,8.553176043547181e-06,7.3174366104393e-05
NUDT22,0.05314518460426676,8.571362815113617e-06,7.328667002013318e-05
GID8,-0.06308814507728933,8.670749058328563e-06,7.409270168780584e-05
IRF2BPL,0.16358390761757668,8.681950236666927e-06,7.414467407304467e-05
TSPOAP1,0.06941602363566712,8.694161044805084e-06,7.417839115835571e-05
HLA-A,0.306999570401036,8.696141134140293e-06,7.417839115835571e-05
ATXN2,0.07258717869343734,8.727986091286096e-06,7.440620985649666e-05
PAQR4,0.05559270107343828,8.737479630381469e-06,7.444332645085011e-05
LY96,-0.2710176780490059,8.86551773913463e-06,7.548980536956259e-05
TTC27,-0.05580183149675033,8.918961223620024e-06,7.59002552073516e-05
SF1,0.06120355554590784,8.980361747191842e-06,7.63778975609669e-05
TTYH3,0.08505367580583556,9.019142642428305e-06,7.666271246064059e-05
VPS33B,0.05433257916051204,9.081703530360982e-06,7.714920465322491e-05
HNRNPL,0.09564873942117558,9.126935108656104e-06,7.748800006669109e-05
SNAI3,0.05135577078318132,9.161408551339068e-06,7.773511508939372e-05
MLLT6,0.0956762423441404,9.22659385251409e-06,7.824238018724479e-05
CALHM2,0.05539940731745041,9.308280359974158e-06,7.888890154117362e-05
RASA2,0.06574022115529576,9.359619651724068e-06,7.927762048863825e-05
PSME1,0.04868171719563108,9.37851257852179e-06,7.939121927954974e-05
LRRC14,0.05984601125372002,9.417025476015264e-06,7.967067581460578e-05
C21orf59,-0.056947947157445,9.439531202595686e-06,7.981445997571273e-05
SUPT6H,0.05977776631381282,9.462512308421802e-06,7.99620935094407e-05
RBM7,-0.05894362641057427,9.525938033483696e-06,8.045112914109495e-05
POU2F1,0.03944145240494734,9.535795617211042e-06,8.048744972009599e-05
IMPA1,-0.0734155401739569,9.553781139648458e-06,8.05922923859454e-05
PHF12,0.03219113704980092,9.609047723657463e-06,8.101131969118433e-05
FAM65B,0.11004947948931232,9.652993977528854e-06,8.133447630629896e-05
P4HB,0.07941830628406343,9.664465163409133e-06,8.138378687605691e-05
AP1M1,0.10014738198623974,9.676009650403556e-06,8.143365704616217e-05
GPR65,-0.11304119983251759,9.709759488292332e-06,8.167024182835432e-05
SPATA13,0.09095999867076188,9.739579627881246e-06,8.187351789334414e-05
PDIK1L,-0.04756320901847655,9.748798434209507e-06,8.190347826049333e-05
MRPS35,-0.06471732042549494,9.767056821436142e-06,8.200930492851077e-05
SLC5A6,0.05956700829139905,9.840552205509714e-06,8.257853890185556e-05
CHRNA10,0.036403140245717225,9.873599040190043e-06,8.280787984835704e-05
OSBPL1A,0.03763688470914772,1.0018565987209028e-05,8.397506351778678e-05
SHISA5,0.10530351676279359,1.0050327087357533e-05,8.419256074799683e-05
KIAA0922,0.07390124323960023,1.011522002662082e-05,8.46871947199861e-05
ZNF35,-0.032522693967369065,1.0188136223154779e-05,8.524839113586009e-05
ORC3,-0.0585185938750854,1.0305928669447139e-05,8.618422104403716e-05
SMARCA5,-0.05242734206384991,1.0612009133423424e-05,8.869263721206283e-05
CAPN3,0.05347896199181257,1.072561144999452e-05,8.959040152348364e-05
C2CD5,-0.1316643480431985,1.0796158089985592e-05,9.012769670049067e-05
THADA,0.031061891383874496,1.0815463183320366e-05,9.023684835668904e-05
C9orf78,-0.1803590340073793,1.0872210649482905e-05,9.065808811002325e-05
YEATS4,-0.06580090835051333,1.0901889463845733e-05,9.085326064116317e-05
SDF4,-0.05476845611785652,1.1025363343363706e-05,9.182942073909139e-05
KCNG1,-0.03440292755699659,1.1129496022749528e-05,9.264345999626676e-05
XKR8,0.06809787206832318,1.1217189677687878e-05,9.3319802005532e-05
ZBTB20,0.07512971137027868,1.1226650462055123e-05,9.334489396808633e-05
TTC16,0.05436898047646643,1.1343677865906615e-05,9.426381538140643e-05
JMJD7-PLA2G4B,0.10018471714024635,1.1361227326048563e-05,9.43555141000501e-05
UBA1,0.09592956302401312,1.1496301585797215e-05,9.542259723133918e-05
GTF3C1,0.07186885626512307,1.1532227563812328e-05,9.566597023726103e-05
GLIPR2,0.0817693199101921,1.1579807470299765e-05,9.60056848310371e-05
COLGALT1,0.08826052394553585,1.1774968632946133e-05,9.75678751027413e-05
C2orf74,-0.04198490051310966,1.1824950972510225e-05,9.792600908281196e-05
SPSB3,0.09674297852857805,1.1914207617456401e-05,9.860879036070772e-05
FUNDC1,-0.044660847833298156,1.1987347245284302e-05,9.91574743007983e-05
ID3,-0.0989735753520602,1.2004059947109143e-05,9.92390435353475e-05
NMNAT1,0.03674314234925369,1.2019537461567118e-05,9.931031408633094e-05
TMEM181,-0.15740505707761798,1.2252377007223895e-05,0.00010115576813537107
MOV10,0.08114280910230232,1.2256860886328102e-05,0.00010115576813537107
MCTP2,0.09952323232129956,1.2381294204748881e-05,0.00010212452463643667
ANP32B,-0.09757921538897918,1.2392280850381435e-05,0.0001021569697421313
SPNS1,0.07207088476740608,1.2447679999165493e-05,0.00010249698528022342
MAP3K6,0.0454450543947198,1.2444700538718107e-05,0.00010249698528022342
C9orf106,0.055639640026746484,1.2467488122599846e-05,0.000102601760208941
SEL1L3,-0.10642968126931684,1.2523482316381787e-05,0.000103004041948026
SMAP2,0.13071492987108435,1.2544777832146116e-05,0.00010312063684495138
ZNF586,-0.04619926180700418,1.257702679486328e-05,0.0001033270879732273
RPS15A,-0.24947924053938486,1.2665258688406874e-05,0.00010394449049744345
TTC19,-0.08129945782900894,1.266653035956833e-05,0.00010394449049744345
MLX,0.03182252150059117,1.2746506236606259e-05,0.00010454156077633355
VPS39,0.06545515877816577,1.2768827532452718e-05,0.00010466536388231192
SVIL,0.07216428743306835,1.2828631531471288e-05,0.00010509609677705325
EML3,0.09953894153050236,1.2888889544184277e-05,0.0001055300600101555
MTMR4,0.06863928682958509,1.2931507594233893e-05,0.0001058191841779004
CRIPAK,0.1303350656046396,1.294430210200323e-05,0.00010586407207533304
MGAT4A,-0.06126451100007824,1.3090485560721639e-05,0.00010699920590377665
RABEPK,-0.06391633809125707,1.3149449853719226e-05,0.0001074205480435811
MPDU1,0.05242696687367765,1.3166910862702098e-05,0.00010750255746075378
METTL18,-0.028428660003984696,1.3239294832182472e-05,0.00010803264583060897
EIF4G3,0.07058537744602944,1.3326535166132271e-05,0.00010868329692920035
PCNX1,0.08365906566239012,1.3374410970816573e-05,0.00010901236269066249
MAP4K5,-0.042447851840295314,1.3434641356153386e-05,0.00010944170157622364
PLCH2,0.07835693910128505,1.3471702282473578e-05,0.00010962030104457712
ETV3,0.054076513612079324,1.3468478973532218e-05,0.00010962030104457712
CMC1,-0.03803250093061905,1.3493103543305683e-05,0.00010973279714836582
ATAD1,-0.05399539528773012,1.3511102800463115e-05,0.00010981751569130626
PAF1,0.08320342362135413,1.3686679994905211e-05,0.00011118220585878131
CSF1R,0.14230485937903836,1.3796625415750646e-05,0.00011201251262428944
GOLGA5,-0.05583631777015263,1.389231983651857e-05,0.00011272625238775068
ATP6V1F,0.09423108501866473,1.3981368824983435e-05,0.00011338530014617025
RPL15,-0.161575696806608,1.4014636447714004e-05,0.00011359149093938984
UBE2C,0.03632630585130503,1.4192170026858392e-05,0.00011496610216387973
KIAA0513,0.10982427203772005,1.4267588710515449e-05,0.00011551243984522402
PSMC3,-0.06385576657756165,1.4359421687208309e-05,0.00011619098531705315
TAPBP,0.05480027901238671,1.4367848526870724e-05,0.00011619425910842857
ADAM19,0.0884824003534419,1.4398165843650578e-05,0.00011637446098182756
SETD3,-0.027972022080289705,1.4413333234939208e-05,0.00011643207951748995
LOC146880,0.02427790787602646,1.4713072465178558e-05,0.00011878714692622421
GLUD1,-0.09739497143495157,1.4731131270893798e-05,0.00011886668820480545
TMOD4,0.028139207059012072,1.4920470454826615e-05,0.0001203274465855839
IDO1,-0.06747010659523589,1.4958322805169003e-05,0.00012056558013915852
NAGPA,0.07465824157022194,1.4995692129012753e-05,0.00012079955772893254
SRP9,-0.10816349961441585,1.5094189474482512e-05,0.00012152542542990813
SIGLEC5,0.10567428285333325,1.5319938225382944e-05,0.00012327443625358142
THUMPD1,-0.0680036923652656,1.541763775812327e-05,0.00012399170754506244
PGLYRP1,0.2209134451654453,1.5561853346001e-05,0.00012508206651691371
SDHAP1,0.013681939165404167,1.562181503014297e-05,0.00012549438097425998
FCER2,-0.12406263941964646,1.5703780939945223e-05,0.0001260829063936622
VSIG8,0.036903463929602864,1.5807683937156346e-05,0.00012684681116109282
FNTB,0.06972882132951774,1.5869859475715302e-05,0.00012727521851952405
LEPROTL1,-0.15332850356610805,1.590380077091655e-05,0.00012740633316701068
TAP1,0.12807522914483194,1.5897542167135484e-05,0.00012740633316701068
LZIC,-0.03618032397850346,1.5993080149758044e-05,0.00012797998502159973
SLMAP,-0.11326513448067566,1.5991879960740423e-05,0.00012797998502159973
MOB3A,0.12550245244912794,1.6059201111419476e-05,0.00012843813854102688
TPST1,0.13275970514923952,1.6092741718553612e-05,0.00012863535929996165
TMEM8B,0.03300146204858745,1.6115725036046775e-05,0.00012868914642587682
APOO,-0.03962633901470891,1.6117240514812248e-05,0.00012868914642587682
FAM98C,0.04184496202419741,1.616956532887402e-05,0.00012900533081361472
CKAP4,0.12767251177685957,1.6174653462960807e-05,0.00012900533081361472
NCF4,0.10822617919881061,1.622241014462636e-05,0.00012924388808293078
GSKIP,-0.06891570237485123,1.621727404731705e-05,0.00012924388808293078
MAN2C1,0.07934345468938186,1.630020579894236e-05,0.00012975155801744955
ARL6IP5,-0.18234589091312792,1.630404830100512e-05,0.00012975155801744955
THOC1,-0.061280639984708785,1.6341625111143253e-05,0.00012997918622174566
HEMK1,0.03405507809935493,1.6518925808448832e-05,0.00013124526681819684
TMEM63A,0.07533667480078954,1.651480415895148e-05,0.00013124526681819684
SAP18,-0.046325400013765616,1.661068747147427e-05,0.0001319019722241411
TOP3B,0.07216147231735892,1.6646575148178168e-05,0.00013211451750477402
RNH1,0.07035798753022338,1.672249160239557e-05,0.00013264434193269303
PXK,0.04687040187061875,1.673702434856274e-05,0.0001326869516500179
FAM162A,-0.043221522548479996,1.6750285053691864e-05,0.00013271943584117777
WDYHV1,-0.03171457404947198,1.6840731085930667e-05,0.00013336312140438479
TPP1,0.12427566163143133,1.6889568780461295e-05,0.0001336767837247002
EEF1AKMT1,-0.03800616593903783,1.690629831555601e-05,0.0001337361140374185
ZNF30,-0.044278979725906,1.6947043814509582e-05,0.00013398525251602446
CCT6A,-0.053322224993893386,1.7159156477930476e-05,0.0001355487688464391
FLOT1,0.12376208163577296,1.7163521269288132e-05,0.0001355487688464391
EIF2B4,0.05399209798592963,1.7229599697988958e-05,0.00013592239761746845
CTNNB1,0.024979154501643563,1.7228471365683043e-05,0.00013592239761746845
TRIM27,0.05414248040358416,1.7297546360647043e-05,0.00013638413798999007
THUMPD2,-0.0388634423252574,1.7444272647402293e-05,0.00013746618336505704
TRAPPC6B,-0.02732895096163368,1.7524717527153057e-05,0.000137950004708307
NHSL2,0.04847873176634998,1.7524338581706377e-05,0.000137950004708307
ASPRV1,0.1019076380499433,1.753788287880504e-05,0.00013797865052504738
ZC3H4,0.07244993802510535,1.758695129447302e-05,0.00013828957793113312
TMEM205,0.10631944591800746,1.772181868903062e-05,0.00013927445571997803
PPP1R12C,0.034415700386513315,1.777760702896256e-05,0.00013963712592597274
ZW10,-0.0506212047264869,1.7891119479222457e-05,0.00014045256072469273
MYNN,-0.03789151575242311,1.7941340133236226e-05,0.00014063626484506038
DIP2B,0.07335190672621117,1.794364936714109e-05,0.00014063626484506038
BTD,0.03949443022865662,1.793062610929938e-05,0.00014063626484506038
DUSP18,0.07141342472871948,1.7987169686851575e-05,0.00014090111722247605
DRAM2,-0.07779853750988686,1.8001788540265124e-05,0.00014093940822551356
SPA17,-0.027315054350198764,1.8299953509963246e-05,0.00014319639472626023
RBM5,0.079256959406381,1.8319205958737402e-05,0.0001432696431459787
UBTD1,0.08896048727511907,1.8409443425079844e-05,0.00014389766787310118
CEACAM3,0.10234487474895193,1.862485151259713e-05,0.00014550288527964234
ZFYVE26,0.05960796873123897,1.86585305356638e-05,0.0001456874157835873
TLK1,-0.07176684017936097,1.870506908971656e-05,0.0001459721016678096
GCLM,0.03899112016913708,1.872002243496002e-05,0.00014601012652017283
ATXN2L,0.0189066480233695,1.8816588209915665e-05,0.00014668431842433717
GMEB1,0.04303093874667585,1.885143534991613e-05,0.00014679821567968563
FBXL20,0.05596753064248805,1.8851469287780676e-05,0.00014679821567968563
ZNF277,-0.09084811119360481,1.894169982687985e-05,0.00014742159069990743
CDC42EP4,0.07422780598848888,1.9003824163503185e-05,0.00014782566551244903
NSRP1,-0.02825947572488552,1.9141617907748028e-05,0.0001488176026708655
TRNT1,-0.026257785758760477,1.9330309632777703e-05,0.00015020397248988854
CLEC16A,0.06846998703211327,1.9397145190007665e-05,0.0001506424937973571
GALNT4,0.06245039979624334,1.9428282702610366e-05,0.0001507226816628862
IDH3G,0.04948006742059352,1.9426967390709073e-05,0.0001507226816628862
SRRT,0.09026881330648351,1.9456305242969472e-05,0.0001508592746997697
CTRC,0.035832159284767684,1.958017802606715e-05,0.00015173852248772423
HECA,-0.12001030163741255,1.9656079327149985e-05,0.00015224526897028896
PBX3,-0.06995172379429793,2.0166045711710025e-05,0.00015611170822469694
USP11,0.06319250693494016,2.022267644515745e-05,0.00015646647736734
EVI2A,-0.10909876672903884,2.0260721572036113e-05,0.00015667714428690394
TAF5,-0.04565270335200999,2.034186698912971e-05,0.00015719709196732523
VPS18,0.0741938756449656,2.0349664970915135e-05,0.00015719709196732523
DHFR2,-0.02580670265198215,2.0393089835365193e-05,0.00015744856779074064
ZBTB14,-0.055928827434232,2.0493971132642162e-05,0.00015814314218710128
TMC6,0.09751739915191493,2.0721163873630584e-05,0.00015981114885285698
IL17RA,0.13246221334060237,2.098249364493119e-05,0.00016165448827296986
TMCO3,0.07201730237027526,2.0977522282270305e-05,0.00016165448827296986
PPP1CC,-0.13427596248276075,2.1257620125362895e-05,0.00016368706533533022
STAMBPL1,-0.10320673565006988,2.129410844832429e-05,0.000163880906889229
NUDT21,-0.043900677215046535,2.1337645999401422e-05,0.00016412876508514615
CLCN6,0.02563538679563493,2.142485191604244e-05,0.0001647120781061352
RXRB,0.0612778352083545,2.1490269022976743e-05,0.00016512735094365792
EIF4G1,0.059347189666536515,2.152645527634038e-05,0.0001653176978910467
CASP4,-0.056930859754674934,2.1562040271441426e-05,0.0001655032280294423
LAMP2,0.09642549162479241,2.1614142345776103e-05,0.00016581527422469337
WDR6,0.10643197929965886,2.168727112394277e-05,0.00016628821331878617
HIST2H2BE,0.12151748212625968,2.1816760942034792e-05,0.00016719257433038727
BCLAF1,-0.07136908232408512,2.18974692388763e-05,0.0001677223397439896
METTL17,0.03312705031984464,2.1927365893031346e-05,0.000167862562153629
CYLD,0.04125804485869011,2.214000701055023e-05,0.00016940087772890098
TRMT12,-0.05410644073057291,2.2270784897771112e-05,0.00017031153561737953
KIFC2,0.05928624229445134,2.230395977861325e-05,0.00017047522608624503
NUCB1,0.11257004443064922,2.2503270563445178e-05,0.000171907896013154
DEDD2,0.09395454863291341,2.2941651423295388e-05,0.00017516440654454952
PDXK,0.0843424236900443,2.2962113529235974e-05,0.0001752282678384899
CAMK2G,0.08098446373675294,2.3045529905106323e-05,0.0001757722249318378
NDUFAF5,-0.03140516192378673,2.3095176056413143e-05,0.00017605817368478312
ZFP37,-0.02377864084428083,2.311472242927247e-05,0.00017611448693612963
SLC37A4,0.051485644505962824,2.317025314394475e-05,0.00017643453924503616
RCN1,-0.05835958781953998,2.318109142386798e-05,0.00017643453924503616
SPG7,0.03465547690211945,2.3256225943645923e-05,0.00017691343307130647
C7orf26,0.06339545153289272,2.3496911002845087e-05,0.00017865052964052925
ZNF417,0.03748494408061909,2.363690925735944e-05,0.00017962066824952472
CPSF1,0.08563084323748527,2.366009228322172e-05,0.0001797025572261056
PPP1R10,0.06919855539135433,2.372536163144224e-05,0.00018010359639636326
RHBDD2,0.08774446877744957,2.373776343003711e-05,0.00018010359639636326
RAP1B,-0.038548592280995386,2.3839599846061595e-05,0.00018078155192165243
PCSK7,0.08868624384068902,2.3957244428474844e-05,0.0001815786124029459
SNORA70,0.074814645139889,2.400565312162528e-05,0.00018178105122496684
TMX4,0.09200011670311525,2.4009054887694114e-05,0.00018178105122496684
TAGAP,0.08296386233158692,2.408494073888431e-05,0.00018226033524660414
TRIM26,0.0828664760502047,2.425597974542096e-05,0.00018345880450792542
METTL25,-0.06303427986760557,2.429357662091996e-05,0.00018364726710720495
DNM1L,-0.036355275058551406,2.4317923144362637e-05,0.00018370091802991768
FAM122B,-0.08778985830374797,2.4326039821967833e-05,0.00018370091802991768
HLA-F,0.10107283663930389,2.448566398991529e-05,0.0001848099829233627
MAP4K2,0.07545547647794137,2.4611194060488408e-05,0.00018566069519380943
AGGF1,-0.050972899600051136,2.4905431063263937e-05,0.00018775339904098139
KIAA0141,0.049000313792530115,2.4914528649321058e-05,0.00018775339904098139
SPEN,0.07346487467588325,2.5207980120616267e-05,0.00018986603435621738
SAR1A,-0.08946319771826072,2.5294107671087892e-05,0.00019041572531602757
ASB3,0.03094867053251882,2.5309680039494583e-05,0.00019043397698287768
DKFZP586I1420,0.049677082928411664,2.534762742928241e-05,0.00019062047543391821
ZFAND2B,0.05586693222368311,2.542473605123795e-05,0.00019110112971776363
PICK1,0.034742640020631654,2.54613332103152e-05,0.00019127694513392397
MAP4K4,0.07470947227900648,2.558183962148472e-05,0.00019208261538495837
F8A1,0.1084349783499583,2.5773378610921025e-05,0.00019332036033173493
TFEB,0.047122261377412045,2.5767266397410573e-05,0.00019332036033173493
IRF2BP2,0.041905524042111786,2.580370994275833e-05,0.00019344768882552363
CBX7,0.07832872652965861,2.5824120066685278e-05,0.00019350054580748557
MPHOSPH9,-0.03796481566930865,2.58941278790315e-05,0.00019392479224399807
RAD21,-0.07908382611410847,2.5961234526969216e-05,0.00019432688418016648
CDK3,0.024622917056469795,2.5988657788483153e-05,0.00019443167324813534
KIR2DL4,0.09525099436764961,2.603157780869504e-05,0.00019465223179201808
CXCL16,0.06590706638841937,2.6047715299311776e-05,0.0001946723985527512
MBIP,-0.03344796086342061,2.61687836163789e-05,0.00019547635992760805
ANAPC4,-0.08807056903896449,2.618498104918538e-05,0.00019549652861670157
RAB11FIP1,0.09466652831804545,2.6409192570751836e-05,0.00019706890530384833
RPL23AP64,-0.0714226736011696,2.6459097493552773e-05,0.00019733963341741418
CDH23,0.03179274970862256,2.6634182450270298e-05,0.00019854323139975035
CANT1,0.09609943703419965,2.6695744518750685e-05,0.00019889977551933378
UGP2,-0.035310719773892885,2.6726640058718108e-05,0.000199027585917981
RNASEH2B,-0.05919984972954939,2.675936174391866e-05,0.00019916885688536375
TMEM127,0.0631754841747929,2.7017457930241523e-05,0.00020098657455655788
SLX4,0.05525301030184604,2.7193968709737705e-05,0.0002021958125214789
PSIP1,-0.08610541357181489,2.7370688184045988e-05,0.00020340536052217652
NCL,-0.06505894756610608,2.7486231467147716e-05,0.00020415927003598333
SLC25A29,0.0549158978493951,2.758325164440399e-05,0.00020477489329448866
STIM1,0.07887994011129074,2.7622261854854566e-05,0.00020495944708284503
ZNF256,-0.04182979608599613,2.7676190307375663e-05,0.00020525444977574455
PLCD1,0.04847315123870821,2.7951660738361062e-05,0.00020719132760205815
ARHGEF3,-0.13300033070921025,2.812265756862264e-05,0.00020835221085623034
ZFC3H1,0.05436763859550009,2.8207273543047364e-05,0.00020887226482489674
ISCA2,-0.035484940780379226,2.828698155463158e-05,0.00020935546287035453
STX4,0.06722216812148574,2.8321227610742427e-05,0.00020950186961899556
WBP2,0.10952298125027404,2.84084963795336e-05,0.00021004015393627599
PTAFR,0.11712096899718993,2.847270731014783e-05,0.00021040749626539856
PYGB,0.09065257879051813,2.850742130250047e-05,0.00021055659874830027
SLC45A4,0.07931618122370931,2.874022815604564e-05,0.00021216792284004335
ATG7,0.08858110129604668,2.8816518300110706e-05,0.00021262274633662936
SETDB2,-0.06823807428594453,2.8958241696239614e-05,0.00021355966024864286
TRA2B,-0.10999564581545762,2.897649379813817e-05,0.0002135855145914673
DNM2,0.07160621730192762,2.9157705712675044e-05,0.00021481190719348185
ARHGAP45,0.09047867139927313,2.9176553417255066e-05,0.00021484148433936065
HSPA6,0.11664616429471941,2.9304300226379147e-05,0.00021567250227585142
CNOT4,-0.019184578939841934,2.935699740745414e-05,0.00021595060967474137
PLOD3,0.0752441758284732,2.9466496200636032e-05,0.00021664605632995548
HYOU1,0.04128507037127971,2.9507560834851796e-05,0.00021683790519127014
TTC17,0.06934916891999343,2.962140721266582e-05,0.00021756412883785586
INSIG2,-0.06606802370769138,2.980365023788615e-05,0.000218791723287148
XAB2,0.08059439153948844,2.9971514253617047e-05,0.00021991256962988314
GGNBP2,-0.08370744106406747,3.0132438610463296e-05,0.0002209813877640255
WDR92,-0.031337535787237414,3.0173792940748687e-05,0.00022117268064463766
TBK1,-0.10698698756991387,3.022312859302362e-05,0.00022142225318227322
HTRA1,0.03314232434521269,3.024941817070249e-05,0.00022150281738344535
CCNI,0.08693381562030922,3.058958247832031e-05,0.00022388050157452825
FLII,0.08277421549445307,3.1074178904527166e-05,0.00022723607955816785
PIGY,-0.13602279581813903,3.1079444463182166e-05,0.00022723607955816785
TFE3,0.06742071366953173,3.125004181251563e-05,0.00022832927708489145
ZNF26,-0.05138926310179226,3.1260491332459245e-05,0.00022832927708489145
PANK4,0.043323295634527526,3.1448782694460914e-05,0.0002295887946303286
USP34,0.04911643574171087,3.148898304690006e-05,0.00022976646370342595
TM9SF4,0.0762952087019837,3.17710745809229e-05,0.00023170807866570352
SMIM7,-0.05234070125404511,3.189151208520952e-05,0.00023246938150084278
TMED8,0.018957442402858682,3.191351914100102e-05,0.0002325127823130074
BAK1,0.051914688085314076,3.198497385733218e-05,0.0002327427381828753
SEPN1,0.050226226422561915,3.19932885751246e-05,0.0002327427381828753
CCDC77,-0.046753285554287594,3.199126086949459e-05,0.0002327427381828753
BRSK1,0.10691119005540628,3.207036655066359e-05,0.00023295245191565266
FOXO1,-0.0826786515272886,3.205454333308711e-05,0.00023295245191565266
TK2,0.04693460228480184,3.204589200063064e-05,0.00023295245191565266
FZD2,0.06659399612817474,3.2157827915340306e-05,0.0002334706664289669
KIAA0391,-0.07444408198215413,3.229326077525239e-05,0.00023433646746931643
YPEL5,-0.14981793357815043,3.242169785855567e-05,0.00023515066188448689
CLEC2D,-0.0697037085431873,3.246159853782405e-05,0.00023532221882975154
NUDCD2,-0.02599703503341022,3.2527178581437095e-05,0.0002356796671203276
SLC2A3,0.12328661114245776,3.267321970333544e-05,0.00023661945709155523
NF1,0.034527594517342663,3.276709766872213e-05,0.00023718073095140994
DYNC1I2,-0.07111046823311629,3.307997331206251e-05,0.00023932584088507162
ING2,-0.041082220026549265,3.3113563820934784e-05,0.00023944925530824734
ZFAND1,-0.0482180020974452,3.319293312271604e-05,0.00023990341484501953
ZNFX1,0.10914350312444121,3.325993561586525e-05,0.00024026778426942255
ERGIC2,-0.065923655538219,3.330634928044828e-05,0.00024048313209272827
ATP1B3,0.05283215710345335,3.334558037389038e-05,0.00024064643056075148
PATL1,0.06373532589554465,3.341489609334843e-05,0.0002410265712231368
ENO3,0.03157637786789369,3.343797848262451e-05,0.0002410730116188817
KAT6A,0.10147278655076697,3.3704436327019594e-05,0.00024287316206992628
LOC286254,0.037145139515930126,3.400099977674701e-05,0.0002448153013807768
ACBD3,-0.08450236645166509,3.400775934673591e-05,0.0002448153013807768
TNFSF14,0.078317700371624,3.4090911163111135e-05,0.00024529198076825716
ZFAND6,-0.06011499756857486,3.435154074301007e-05,0.0002468494854933983
NFIA,0.02697408825335401,3.4358503366106804e-05,0.0002468494854933983
IGBP1P1,-0.030142457808521428,3.4326128782723265e-05,0.0002468494854933983
PHF6,-0.01348889814287535,3.453562471561337e-05,0.0002479990026677958
TPK1,-0.04766972155987226,3.473796646983583e-05,0.00024932839759618546
VDR,0.025845845013400925,3.479191819852694e-05,0.0002495919480869065
CPEB2,0.03622979531344406,3.496565848129157e-05,0.0002507141571500134
WDR91,0.04132036373813097,3.545458746912018e-05,0.00025409413404390733
BCAP29,-0.03398420482638986,3.552996415751271e-05,0.0002545084079413522
DUSP8,0.061424574416455435,3.5950920017689846e-05,0.00025739650298379623
GDPD5,0.08986240308800753,3.60616694888511e-05,0.00025800682488877705
INTS1,0.07436382225376903,3.6089604199438155e-05,0.00025800682488877705
DCUN1D1,0.10255383112455085,3.608414341309055e-05,0.00025800682488877705
JARID2-AS1,0.03465288336821626,3.6346768121166696e-05,0.00025971711369855867
BOP1,0.0694146784200056,3.639298825892775e-05,0.0002599191528315136
CD72,-0.07524229988177389,3.664796178444295e-05,0.0002616111771739141
SP140,-0.05066613885746296,3.6672617328824396e-05,0.00026165822137472536
FOXO3,0.0899016219050992,3.675120784201649e-05,0.0002620898544479403
C5AR1,0.13202234779685007,3.698443807168709e-05,0.0002636233272786987
RPS6KA4,0.07320385360167236,3.739455464216031e-05,0.00026641550882294633
IFNGR2,0.10120364989173503,3.7458526862968664e-05,0.00026674007034574145
MOB4,-0.042914684651751855,3.751120022402888e-05,0.0002669838938795254
TFIP11,0.04649417734356387,3.774215424590279e-05,0.0002684957574153517
TADA3,0.042842755506041996,3.8007550305466097e-05,0.0002702357763486055
SAAL1,-0.04795391689845019,3.802406187506614e-05,0.0002702357763486055
PIGO,0.02360518448160409,3.815862876382212e-05,0.0002710591363487982
FAM103A1,-0.04447451772762001,3.8215264425939647e-05,0.00027119543848373826
PGD,0.12119079024342305,3.8205080200098594e-05,0.00027119543848373826
FAM53B,0.053314104539848195,3.830890298964877e-05,0.000271726812390829
ZNF101,-0.04648031883787951,3.908389638432498e-05,0.0002770881817085477
APEX2,0.05348400448224666,3.9203105830495426e-05,0.0002777973507088531
ABCG1,0.038773251203889636,3.9418999143912945e-05,0.00027919060322759663
NTNG2,0.04336857449756959,3.949820347531951e-05,0.00027961484806281905
UPF3A,-0.053318966354267694,3.96019819109374e-05,0.00028021255788862593
MST1,0.04268979761869485,3.9770059745095685e-05,0.0002812644264394365
SLC38A7,0.0359882476341733,3.9836222105564344e-05,0.00028159484674328646
MIS12,-0.08402088733600177,3.996189954322405e-05,0.00028234544048002787
SMC2,-0.015412380206970333,4.0045170782368973e-05,0.00028279583306281433
POLRMT,0.05968594021978735,4.073051360987962e-05,0.0002874954966498521
ZZZ3,-0.06377839130341556,4.077870888443828e-05,0.0002876954795334652
MMS19,0.0634025055552705,4.094138312290914e-05,0.0002885041171466293
MAD2L1,-0.025149526235803243,4.095177027882009e-05,0.0002885041171466293
CENPQ,-0.019049871310553357,4.095308373746684e-05,0.0002885041171466293
PLXNB2,0.062217415888580874,4.1228937689430963e-05,0.00029018325513868146
RANBP3,0.0306602364314843,4.1231506426084396e-05,0.00029018325513868146
ZNF148,0.08504224164926555,4.136861036534673e-05,0.00029100677636312874
SPHK2,0.06427552118151603,4.156301708771341e-05,0.0002922323978147772
DEF6,0.08511614123363564,4.1787209544367614e-05,0.0002936661538285398
TSPAN13,-0.04489241853974679,4.2039683430233374e-05,0.0002952510176433025
FAM209B,0.025748260856677696,4.207346070001576e-05,0.0002952510176433025
TMEM14B,-0.11428977173598298,4.207388155314667e-05,0.0002952510176433025
TCF20,0.023694855462855102,4.233427298720854e-05,0.00029693443580955376
SOCS1,0.047749331365896985,4.2453046136855304e-05,0.00029762338830891205
P2RX1,0.11381915828761624,4.2572741436957706e-05,0.0002983181359327022
ANAPC15,-0.048368228714808836,4.268943071322247e-05,0.00029899115785798566
ST6GALNAC2,0.09072947683525179,4.272809393830511e-05,0.0002991173091360132
SLC25A46,-0.07966668388105536,4.279071525254729e-05,0.00029941097570912803
PDPK1,0.029763103285638692,4.293329504264112e-05,0.00030026356610217967
IDI1,-0.06073681231710726,4.296812782739149e-05,0.00030036214452313633
FPR2,0.16241891681119291,4.336171769050086e-05,0.0003029672547174213
FGFR1OP2,-0.06006910300745272,4.3472502344089245e-05,0.00030359485243577075
WDR81,0.06755610289011127,4.3507143736323905e-05,0.0003036903469286339
CRYZL1,-0.031190751043582488,4.356814609664252e-05,0.0003039696666973845
HS6ST1,0.023206226582223266,4.379880505284404e-05,0.00030543182108107514
HIP1,0.1126425764086294,4.4670495034494975e-05,0.0003112108946991944
SCOC,-0.05746965887481181,4.465895987989144e-05,0.0003112108946991944
ICOS,-0.07272629263943209,4.487701414470064e-05,0.0003124993619576173
LOC93622,-0.056918013530759204,4.498629540956991e-05,0.00031304406683669737
ZNF195,-0.0451653368388687,4.499846362565617e-05,0.00031304406683669737
DOCK5,0.07569950465634889,4.52795049104065e-05,0.00031484798325603826
LIMA1,-0.03762821881917411,4.555308880547055e-05,0.0003165983388956024
DDX23,0.061517254978694424,4.598024203922482e-05,0.00031941382527392434
TNFAIP8,-0.04818328294516583,4.620908086735422e-05,0.0003206958923252317
LRMP,-0.11015090476673173,4.620388169960308e-05,0.0003206958923252317
DDHD2,-0.026886668129521674,4.6366417979813565e-05,0.00032163371552663777
EMC6,-0.04120342937014421,4.641112279872748e-05,0.00032178970924689744
DCP1A,0.05630395257603382,4.6489976276833574e-05,0.0003221822088007931
G6PC3,0.05337885577013157,4.6589917406344465e-05,0.0003227204034976056
FAM3A,0.08141131507486499,4.6708000341464704e-05,0.0003233836887886113
GTF3A,-0.11695832877760104,4.703277581774763e-05,0.0003254766961033238
ATP2A3,0.04686754216028799,4.708490469709635e-05,0.0003255263769130041
TNFRSF17,-0.06017304563721115,4.7065713765534854e-05,0.0003255263769130041
PTPN11,-0.07983684932593427,4.7125804799395035e-05,0.0003256537007225371
KIAA0319L,0.0837562738888149,4.7296562231136135e-05,0.0003266778289727114
PPP3CB,-0.09706091227782743,4.7588980971820064e-05,0.0003285408962801915
GTPBP4,-0.08068178656932545,4.7685470110903766e-05,0.0003290501901316485
UBE2Z,0.023652393814469264,4.792480463084962e-05,0.0003305442239396314
MOCS2,-0.01705770786142402,4.801575078276681e-05,0.00033101386689081126
SLC52A2,0.05083924907648196,4.862698494100068e-05,0.0003350681493270475
PKD1,0.035332541002952134,4.942927607074752e-05,0.00034043444346586166
ZDHHC7,0.06493167635830055,4.946404713124506e-05,0.00034051200506128967
BCL2L12,0.032191634427902294,4.961968513819526e-05,0.00034142114942594786
RGS2,-0.16968278540758241,4.9669903410531565e-05,0.00034160440693169
RUBCN,0.03823047035039284,5.0206131314739e-05,0.0003451284318759752
ANO6,0.06202748474127251,5.0472135207493036e-05,0.0003467924128772909
SLC24A4,0.04540070000714369,5.096438674966384e-05,0.00035000861910010957
MFSD6,-0.054453131738185334,5.1368956071493005e-05,0.0003526198861324667
FSCN1,0.08024135267524546,5.184712609418574e-05,0.00035573366856853924
DOCK2,0.09176976101555923,5.1877440734384174e-05,0.0003557731304909188
NARFL,0.04157113898186182,5.211815732743725e-05,0.000357085804508326
MSANTD4,-0.06302083864853447,5.211767247846113e-05,0.000357085804508326
APBA3,0.06513635657020522,5.2199123640653576e-05,0.0003574714453008163
SBDS,-0.055596443067637225,5.2269160559387993e-05,0.0003577819099915764
STAT3,0.10706712603741408,5.2363283182240766e-05,0.00035825686991571807
SRSF5,-0.08780856968536455,5.298146919634211e-05,0.0003623152029460902
CAPZA2,-0.1947346776795218,5.30642963194491e-05,0.0003626393432072603
MRPS14,-0.02435443802513415,5.307894280581275e-05,0.0003626393432072603
AKNA,0.0899480486959181,5.357312064687346e-05,0.00036584303604399583
AP1S2,-0.19710735358681575,5.4032975386005986e-05,0.00036880943237083445
DLEC1,0.018562513810158165,5.4083063348821594e-05,0.00036897743266336877
SPDYE8P,0.017037971218804238,5.41477601554349e-05,0.0003692448955232199
CXCL14,0.06456544695896493,5.417533413758493e-05,0.0003692590774817789
AP5Z1,0.03708847654860303,5.428170744772124e-05,0.0003698100896861686
GLB1,0.0519959916428725,5.4411619195207e-05,0.0003705208709089695
FERMT3,0.08078420677469289,5.4480658794973794e-05,0.0003708166644672934
FAM65A,0.09218051701481222,5.4519729612390135e-05,0.00037090829671482326
SLC27A1,0.06797734304150627,5.474875187711968e-05,0.0003722915127644138
ZNF688,0.025350686948832468,5.493659791124126e-05,0.00037339356365388005
SMG5,0.07624951209426012,5.5302664129363984e-05,0.00037562137927692744
TSPO,0.07932008031114357,5.531623874604296e-05,0.00037562137927692744
RBM6,0.07624531147782321,5.538226550078367e-05,0.0003758935021149722
ZNF408,0.048283205107865435,5.544377032494563e-05,0.0003761346929210831
C6orf48,-0.06476655340454407,5.552456097438727e-05,0.0003764887990143472
CYFIP1,0.03771187809396892,5.554795384518503e-05,0.0003764887990143472
SH3BGRL3,0.0997497795569462,5.559339181702555e-05,0.0003766205271645454
NUPL2,-0.05216933754905817,5.566905131559852e-05,0.00037695677384531504
ZNF524,0.0695774688585189,5.5936569931547656e-05,0.000378591251817073
LY6G5C,0.03862763975339334,5.633797282650239e-05,0.0003811299385422983
SLC35B2,0.05456376946992947,5.695533718022966e-05,0.0003851265656948863
XPO5,0.039091836044021555,5.715689161920346e-05,0.00038630910789199394
ZNF655,0.022980372089740797,5.7305499543020245e-05,0.0003871328616516349
ANKRA2,0.06457532050175718,5.746642578863354e-05,0.0003878582064876832
PTCD1,0.053416408324905795,5.7461725750745245e-05,0.0003878582064876832
REPS2,0.06900221273300033,5.82375001096566e-05,0.0003928793440094393
ACO1,0.05117657895721006,5.85803434653104e-05,0.0003950082377800539
VARS,0.06203267413762337,5.8720042666012006e-05,0.00039576002608002154
HAL,0.07962451765555034,5.87464827445489e-05,0.00039576002608002154
GMNN,-0.023926315509789298,5.89129407173771e-05,0.00039669690067433284
DDX18,-0.09081988279194952,5.9034993776505766e-05,0.00039733403803852676
KARS,-0.047588126477482895,6.029560790869885e-05,0.00040563009054788395
CA4,0.1617403625060767,6.041801738373917e-05,0.00040626488569455815
PUSL1,0.03312638576540472,6.0808327009386445e-05,0.0004083207271228342
MON1B,0.05983413211827848,6.080565710589864e-05,0.0004083207271228342
ZNF407,0.017571629084426554,6.077067957810233e-05,0.0004083207271228342
HSF2,-0.04561284708579638,6.0982926682238506e-05,0.0004093033874261087
MED20,-0.06373629221406141,6.128478376781132e-05,0.00041113886433208856
GSTO1,-0.08490738753418903,6.137986519303146e-05,0.0004115774636789263
LYAR,-0.07103086379770751,6.140699385599005e-05,0.0004115774636789263
RNF14,-0.057099942100895085,6.144236960268944e-05,0.00041162408941968257
TAPBPL,0.06588484384814208,6.162685002266496e-05,0.0004123963348395435
MIDN,0.10533802877799836,6.16430588875733e-05,0.0004123963348395435
FAM173B,-0.01926907159797686,6.160211995283626e-05,0.0004123963348395435
NDUFA13,-0.07789510803417876,6.201227479310934e-05,0.0004146748790874403
TRMT61B,-0.026993775099353634,6.261963781511662e-05,0.00041854307065719847
SUCLG2,-0.07306094615312819,6.27741686609893e-05,0.0004193824072351333
SNX11,0.03759792368988979,6.302119110937105e-05,0.00042083860397793005
GNG11,-0.18422195751879578,6.313242524344741e-05,0.00042138711853736965
EIF1AY,-0.16652622945225914,6.386767688177503e-05,0.0004260983104355732
SPI1,0.12380877311804461,6.395914746800801e-05,0.0004265121049385948
BTG3,-0.030542897958492077,6.446683808808134e-05,0.0004296998080385505
IL2RG,0.05718806008375488,6.464044491934925e-05,0.00043065878758594963
PLCG2,0.10310544204357619,6.467806882790077e-05,0.0004307113328291102
OAF,0.08206029575507845,6.510148061115806e-05,0.00043315629046859994
SAMHD1,-0.02792446552338035,6.510502929785571e-05,0.00043315629046859994
HSH2D,0.10775403591557797,6.527528220687526e-05,0.0004339392941508341
NUDT9,-0.018900782305626862,6.531259743501922e-05,0.0004339392941508341
ACTR1A,0.0687508604108622,6.530286162659572e-05,0.0004339392941508341
RPL13A,-0.14176294440960646,6.563892598302024e-05,0.00043590747544157047
VIM,0.1119946068939619,6.636108119283017e-05,0.0004405013290545152
CFAP36,-0.02333655595712969,6.65077949956308e-05,0.0004412729742174606
NCBP1,-0.047875612068823514,6.661578843006452e-05,0.0004417871243686147
PACSIN2,0.0896091413254716,6.68238740897668e-05,0.0004429642985428752
PTPN2,-0.030635686859453948,6.710087257513729e-05,0.00044459699834322434
ATG9A,0.08859794095392459,6.834577633821542e-05,0.00045243154683853387
FBXL15,0.05067399425998964,6.832605451425537e-05,0.00045243154683853387
NAGLU,0.0409379345762142,6.880870061259902e-05,0.0004552879030026881
ATP5D,0.07106851248938639,6.895708919975474e-05,0.0004558532542077808
PDHX,-0.04545428896738546,6.894460411426706e-05,0.0004558532542077808
RNF165,0.102341169898712,6.930761757592938e-05,0.00045796146577087646
SLC25A36,-0.051403034371013234,7.10629569212404e-05,0.00046934604106121567
TMEM185B,0.041424148927103666,7.115427989742749e-05,0.0004697350000156517
TNFAIP2,0.08785421192124332,7.148782997547874e-05,0.00047172197237577867
TMEM70,-0.02443121975558782,7.159381608134697e-05,0.0004719912754311468
CERS2,0.051182032553345636,7.158878484192648e-05,0.0004719912754311468
ITGB7,0.11577495154072892,7.16766264908976e-05,0.0004723222284322843
PSME2,-0.10818384087464672,7.19239634452228e-05,0.00047352122115482137
JAK2,-0.0748280788698068,7.191697093009039e-05,0.00047352122115482137
DPEP3,0.09621084255584389,7.209811558169298e-05,0.00047445211544081835
TMEM179B,0.05922566766611048,7.222250259617986e-05,0.000475054826341085
MAPK6,-0.05779607097510908,7.245474307303565e-05,0.0004763660910893547
APAF1,0.06299323120380418,7.264460360697193e-05,0.00047739765818665216
SLC10A3,0.05609651225834522,7.272831620411461e-05,0.000477731034875463
HELQ,-0.048214802521402866,7.284100940501354e-05,0.000478148864369666
MRPL53,-0.06901300721995351,7.285794971443337e-05,0.000478148864369666
ST8SIA1,-0.015113876029221984,7.307127736179357e-05,0.00047933169443306975
SNRPD1,-0.026496742201693735,7.344905902055219e-05,0.0004815917477834667
HDAC7,0.021295748510461898,7.349830328208782e-05,0.00048169657227952937
DAP3,-0.060613897924534754,7.389185565414961e-05,0.000484056823742516
TNPO2,0.0613980277267121,7.428073720541919e-05,0.0004863843569996797
RBMX2,-0.031608185666096134,7.449892231352219e-05,0.0004875925850831701
ANXA11,0.07168214511070659,7.475474801685613e-05,0.0004890459667010588
COL7A1,0.024470349956012605,7.499112866540982e-05,0.0004903708837877182
VNN3,0.10762038570425325,7.502820583589386e-05,0.0004903919374219705
GPR137,0.08910645678052376,7.552726904352472e-05,0.00049320873076033
GAPDH,0.06959985097591925,7.551931394610854e-05,0.00049320873076033
ZNF564,-0.049892199478010824,7.602069127848139e-05,0.0004962071619997857
PIK3R1,-0.01875719213360938,7.66542778987643e-05,0.0005001173698584244
MAP1LC3A,0.061559781310561945,7.675452028631932e-05,0.0005005459125740878
SLC22A18,0.05499049822067992,7.700493787529886e-05,0.000501952979381561
DPCD,-0.06591747332125664,7.726388381974475e-05,0.0005034143469389037
GIMAP2,-0.09607611974935715,7.745908392808549e-05,0.0005044592498266143
MKKS,-0.039569699948427406,7.750898596648396e-05,0.0005045573720173275
D2HGDH,0.04900474850897485,7.756936555117222e-05,0.0005047235807022365
ZNF721,-0.07054878308071277,7.795828908645424e-05,0.0005070264297836566
LAMTOR2,-0.05535231666428331,7.806704076466649e-05,0.0005075058431038732
SYT11,0.09975833271543877,7.856806716386019e-05,0.0005105338200095788
IGFL3,0.028331961033083886,7.8618353847349e-05,0.0005106314964686112
EAPP,-0.03271123918862884,7.872725349963596e-05,0.000511109609900819
CYBA,0.0817383552114137,7.890422178219844e-05,0.0005120290090920082
PAGR1,-0.03527218586793257,7.918645010326949e-05,0.0005136303373469572
TSPAN14,0.05766061773435904,8.02210423832864e-05,0.0005201081369201076
SLC11A2,-0.04618954763092464,8.046556803455622e-05,0.0005214600838534731
MGAT4B,0.03481178257169848,8.11416676838553e-05,0.0005253714415435674
CYB561D2,0.04799865279691673,8.111466837061006e-05,0.0005253714415435674
DAB2,0.07693488990009811,8.175795624032428e-05,0.0005291252181344312
SRSF3,-0.06125079169008263,8.243656196754908e-05,0.0005332787688869946
ABCD1,0.06298339518553941,8.259551767975311e-05,0.0005340685169971179
ITGB3BP,-0.03197734960013232,8.269602173929936e-05,0.0005344797763819777
ZFPL1,0.03890887625996964,8.279670815131824e-05,0.0005348918469507999
TMEM156,-0.04044941522348289,8.289823628266588e-05,0.0005353089854293948
CRAMP1,0.03602877685311423,8.308820535093976e-05,0.0005362965981742476
MYD88,0.0826147244610258,8.347025655456717e-05,0.0005385225817088423
ZNF644,-0.042770046280481644,8.351890389298387e-05,0.0005385965289340954
NCAPH2,0.021916086046735117,8.35859841661305e-05,0.0005387892277090494
DERA,-0.07019431549623256,8.371145336100477e-05,0.0005393579583989293
GNL1,0.05055088662206053,8.385748636960276e-05,0.0005400586183091713
FAM129B,0.05032222361092753,8.424156112356567e-05,0.0005422910094727667
ARSA,0.06517917974059273,8.432307047680804e-05,0.0005423336380044793
RTCB,-0.05856010753833285,8.43166495525641e-05,0.0005423336380044793
GRAMD4,0.05381997020361151,8.443805991269054e-05,0.0005425987961294489
MARS,0.05130584627611956,8.443922165670933e-05,0.0005425987961294489
ARL8B,-0.09465233737086187,8.452400962248677e-05,0.0005429027740009306
ZNF7,-0.050342183344870506,8.484623153897523e-05,0.0005447308588699101
PARVG,0.07758877159309208,8.570267108266647e-05,0.0005499855950205322
NUDT5,-0.034114700718564706,8.598482969314974e-05,0.0005515519367916656
RAF1,0.09067309614898278,8.617136446532932e-05,0.0005525037817245816
THNSL1,-0.029205922597379974,8.632506886549589e-05,0.00055309503852278
DPAGT1,0.03127120673229289,8.633995319663115e-05,0.00055309503852278
RFX2,0.06802752234048448,8.648801797133873e-05,0.0005537986084424713
UGCG,0.06599757323399302,8.668016587056348e-05,0.0005547837041401861
HLA-DOB,-0.11989967425568882,8.738922138095574e-05,0.0005590748597534288
ACP1,-0.08765763374362123,8.744280663447075e-05,0.0005591706893128804
C3orf38,-0.051521082254209816,8.750146551392362e-05,0.0005592988642999426
FASTKD2,-0.028207084316503206,8.775317047794107e-05,0.0005606603093085569
N6AMT1,-0.02349636254381071,8.84560661534228e-05,0.0005649019674454038
RB1CC1,-0.12224993855087529,8.89566168739991e-05,0.0005678482321740868
CWC22,-0.02078407699807805,8.90724049045339e-05,0.0005683368778137749
CST3,0.10934466979615465,8.944557627962013e-05,0.0005704666344491493
ZNF516,0.04000604201714175,8.955526274183856e-05,0.0005709147999792208
SNX14,-0.03907300687069171,9.010700385934768e-05,0.0005741794297838943
FAAP100,0.07681693102063925,9.020875688235532e-05,0.0005745750372401207
ADTRP,-0.05132100766004566,9.028788399044657e-05,0.0005748262469088475
ENKD1,0.04680679426784806,9.105268606479522e-05,0.0005794407315300941
RPPH1,0.04394926784903852,9.12578112808225e-05,0.0005804910577915823
CMTM4,0.014969520511548318,9.161487886093198e-05,0.0005824783405365294
C9orf85,-0.021896217741819157,9.165065852545916e-05,0.0005824783405365294
CLEC4E,0.07814727866471838,9.170666114780544e-05,0.0005825786316073746
SLC2A6,0.08504429575294381,9.244052349495419e-05,0.0005869831399828657
DHX36,-0.04741842419245579,9.249389664765209e-05,0.0005870646796865
ARPC1A,0.05777410167104868,9.292181910029874e-05,0.0005895223950279137
CMPK1,-0.10900498750138254,9.332611375891214e-05,0.0005918281224536267
VENTX,0.07347752709636612,9.352070618331576e-05,0.0005928025857151622
C21orf2,0.07743642068988699,9.361070285615966e-05,0.0005931134821385024
NPC1,0.060994395806519996,9.39080567414723e-05,0.0005947373388034477
C9orf66,0.04068717250428744,9.417426833157137e-05,0.000596162632217867
RFESD,-0.02796562471027375,9.429011297532341e-05,0.0005966352102816009
NDUFAF7,-0.027754517211810104,9.454558423390099e-05,0.0005977294814682767
BAG4,0.03185917421223561,9.453719853253211e-05,0.0005977294814682767
FBXO4,-0.01853796345179326,9.462816365548064e-05,0.0005979905420532205
SH3BP1,0.09465635690279228,9.488188251313236e-05,0.000599332396999655
ANKRD23,0.019111050147547992,9.516344293759482e-05,0.0006008488698814835
ARID5A,0.026610231949953267,9.569380790748518e-05,0.000603934254349462
GTF2H4,0.05007315145610036,9.578093799390954e-05,0.0006042208649406732
PHC2,0.05971705007819317,9.608973941141588e-05,0.0006059050002764247
NTAN1,-0.06790994118280125,9.620727818166434e-05,0.0006063821658760776
POC5,-0.05066969823351908,9.631406527608104e-05,0.000606791179407898
COX19,0.07605250043663325,9.654115858792439e-05,0.0006079574526032595
C5AR2,0.03410554606124627,9.699589970055343e-05,0.0006105556763419452
FBXO6,0.08634188261943532,9.709679364056232e-05,0.0006109252645916179
AOC2,0.01311286835727632,9.756838789929107e-05,0.0006136259358807346
COQ8B,0.043901653330278734,9.793238331849788e-05,0.0006156478472157653
RAB5A,-0.07796530494072229,9.800313881582478e-05,0.0006158253633875948
SORT1,0.08468924403923506,9.864662574717691e-05,0.0006196000552134043
PIP4K2C,0.043479238838818546,9.886959315257223e-05,0.0006207313338629632
RSRP1,0.09109949009561014,9.900056168829888e-05,0.0006210152167576097
CMTR1,0.02669665679617239,9.898731687898958e-05,0.0006210152167576097
TBC1D3C,0.020188560646120735,9.924575602126263e-05,0.0006222837793125402
GNB2,0.07209727835412139,9.991493594883892e-05,0.0006262085384175607
SLC39A1,0.05557864129172252,9.997341759235332e-05,0.0006263040572697428
KDM3B,0.06375009067008008,0.0001001070982605534,0.0006263852179056364
NBPF14,0.03416114265027659,0.00010011611291435709,0.0006263852179056364
ZBTB40,0.09506624229036653,0.00010009667991854178,0.0006263852179056364
STRAP,-0.07442191561156797,0.00010077081563824196,0.0006302091941728397
GLMN,-0.04065220638329503,0.00010091347091571563,0.0006308289653617718
LRRC3,0.022877800462550724,0.00010129028325955928,0.0006329113299100331
FKBP15,0.06597412366838018,0.00010218368150406757,0.0006382183884885359
WDR73,0.05703126750118681,0.00010255925932374262,0.000640288065536676
C15orf39,0.1284253676162983,0.00010317962883020028,0.0006438835605241796
DHX30,0.04025390105359694,0.00010372971336537003,0.0006470375402170626
SLC38A1,0.061608398337993364,0.00010505052785006354,0.0006549943372278607
SP2,0.08506128845316496,0.00010510879155718739,0.0006550756182935896
ST13P4,-0.05836355224924006,0.00010529534782525249,0.0006559560507100891
SMARCD1,0.03557669180266654,0.00010589163214319636,0.0006588206185404021
RBM42,0.07028275541953732,0.00010587962782389458,0.0006588206185404021
TCEB2,-0.06137764957402325,0.00010586816318186555,0.0006588206185404021
DCAF13,-0.024794680553370085,0.00010615247632842356,0.0006601599257796852
PNPLA2,0.14540695662744696,0.00010705798353609166,0.0006655055079556874
TNFAIP3,0.06062747874505803,0.0001073297539353559,0.0006669086898325589
SULF2,0.09055628121909365,0.0001078225066342692,0.000669683184429998
C1RL,0.07740015202797323,0.00010831556046264257,0.0006724571700561145
TRMT112,-0.10069611376958676,0.00010853886746895211,0.0006735548228021861
ARHGAP33,0.07156390370385601,0.00010910826878380946,0.0006765086323050925
LOC153577,0.03964087833313101,0.00010908434524165219,0.0006765086323050925
CARD14,-0.024296691535606207,0.00010915941158603857,0.000676536122127592
MALSU1,-0.052067949040031536,0.0001094226885416386,0.0006778777676805361
RPRD2,0.04266257748931235,0.00010976134483981723,0.0006796850443180474
RENBP,0.09525527489382313,0.00010998307363544436,0.0006807670250152889
APOL2,0.032525532426104675,0.00011008672246667373,0.0006811175088454943
ALKBH6,0.041340507743352184,0.0001103859516696885,0.0006826772519145039
ICMT,0.04846361659174914,0.00011050392146840156,0.0006831151508955733
ATG5,-0.037175487385955996,0.0001114602854886902,0.0006887332657927427
KAZN,0.02683480303997765,0.00011177365797672938,0.000690375122445607
FAM210A,-0.017731402379835615,0.00011202217882021645,0.0006916151909769885
SEC61B,-0.09898529169365489,0.00011233815662852636,0.0006932704987676079
LINC00938,-0.07529699539800028,0.00011264865036784566,0.0006948905672605948
PPP1R7,-0.04975939571429766,0.00011291975483382966,0.0006962663810188117
ESCO1,-0.0419948707404485,0.00011339158555688835,0.000698878180938711
FADD,0.0657439459851723,0.0001135196382028167,0.0006993698169840907
PCID2,-0.09146182986697582,0.00011546489587774226,0.0007110516802267087
EPS15,-0.06360237251737288,0.00011580502707890221,0.0007125403620266863
USF1,0.0732934047611753,0.0001157985587468461,0.0007125403620266863
SRP72,-0.06659498966677013,0.00011590792868399925,0.0007128706747596794
SIRPD,0.04801666260342419,0.0001164494665120097,0.0007158973144991292
PRKDC,0.026830598955022822,0.0001170212259533716,0.0007191071008521995
DCAF6,-0.06326355501271053,0.00011717063252821411,0.0007197198649442973
PPP6R2,0.018621583048644474,0.00011762226430037737,0.0007221877389260983
BTN3A1,0.04948126694335997,0.00011784505964728496,0.0007232490864115574
KPNA3,-0.0695921657626748,0.00011931317485748731,0.0007319491845132767
GFOD1,0.1011132628389877,0.0001198574822505494,0.0007349770418784749
TTC1,-0.05136725749057458,0.00012157902885955565,0.0007452182200600102
ZAP70,0.038573642750916015,0.00012182923490197485,0.0007464359722166683
MIB2,0.050237050991540855,0.0001225781015726233,0.0007503893589086543
HLX,0.08785596376330229,0.00012256680301733194,0.0007503893589086543
ZNF740,0.031850531907910984,0.00012299657207825662,0.0007526330164687237
SLC35C2,0.032965120014824656,0.00012337326378852103,0.0007546192367875585
RBBP8,-0.02446004116838285,0.00012448335322565044,0.0007610877535332718
SH2D3C,0.05133806245297823,0.00012533024158646274,0.0007659422865562559
LIPT1,-0.05024925165117278,0.00012700841082465163,0.0007755437699764984
RPL13,-0.054594672697644064,0.00012697688399967657,0.0007755437699764984
NDUFAF3,0.03948170391171146,0.0001273480203656509,0.0007772898133064002
ORC4,-0.023658906394351753,0.00012769812108982562,0.0007787703519431724
WDR1,0.07587302521642592,0.00012765590239038094,0.0007787703519431724
TNFRSF10B,0.06068461593091268,0.00012792303801847083,0.0007798136711530015
HIBADH,-0.05660411501721807,0.00012871787703837032,0.0007843288729590896
MVB12A,0.053491455549065314,0.00012932560218643528,0.0007873694922523449
GRIPAP1,0.036586658753337,0.00012929148049029343,0.0007873694922523449
KLHDC3,0.059490422108126495,0.00012958763572351936,0.0007886333259745607
ALDH4A1,0.011926741247822115,0.00012972339940766037,0.0007891279785890603
PGP,0.027745972686919806,0.0001307449789497635,0.0007950085118003251
TPM2,0.06882873953941449,0.0001308255735217107,0.0007951647532053955
COQ2,-0.0762830738968896,0.00013127360923170423,0.0007975532534026862
MSRA,0.07787550281268985,0.00013181487772660427,0.0008005059492629501
LAPTM5,-0.07396905619479455,0.00013194920566666018,0.0008009858737954342
ZNF285,-0.022904993581683186,0.00013221950562760943,0.000802290456434979
CEP63,-0.036296633853863725,0.00013266705574282452,0.0008046690265406492
IP6K1,0.06436415875644741,0.0001343085527734604,0.0008139435474354813
FAM136A,-0.046485954485399716,0.00013427334216714148,0.0008139435474354813
TUBB4B,0.08444720428262364,0.00013491854560481443,0.0008172982913174957
TUBA1A,0.08386189633436203,0.00013602835230488896,0.0008236766951438176
ZFYVE27,0.022564203910745206,0.00013641764567733327,0.0008253438512909337
CENPW,-0.02988630176264806,0.00013639304045695534,0.0008253438512909337
CCDC15,-0.033874735008724066,0.00013700595209188804,0.0008285570814609213
KPNA5,-0.019116852707727894,0.00013751888511565733,0.0008313119916590905
MANSC1,0.09043984352818857,0.00013827697582942405,0.0008351975470864795
SLTM,-0.054288069475072476,0.00013827680955176834,0.0008351975470864795
MAK16,-0.04765846349597069,0.00013958956322722484,0.0008427741699804604
RPL27A,-0.09654554481690347,0.00013966631670041181,0.0008428862212869853
FAS,-0.028973669066767904,0.0001400571797117233,0.000844893040793253
STK39,-0.08673289465772793,0.00014093677023176596,0.0008498452040120309
COBLL1,-0.0669923459824151,0.0001412953992546056,0.000851653168041493
BTK,-0.07688741225295459,0.00014140236223979765,0.0008519433505329572
EIF4EBP3,0.03456946013576978,0.000141794915990907,0.0008539532487369219
PCIF1,0.057293720653451174,0.00014216637340348366,0.0008558344772967819
MICU1,0.06332689377253065,0.00014299269814223257,0.0008604512837108835
TMEM94,0.049542171591498985,0.00014310410506053174,0.0008607640605052915
ROBO3,0.035184556094609576,0.00014352896080250909,0.0008627035058038268
TSNAX,-0.050263694578625895,0.0001435456675633266,0.0008627035058038268
SREBF1,0.032775425254969015,0.000143897049230859,0.0008644565993611621
DYNC2LI1,-0.019073991487650765,0.0001445476279200905,0.0008680049099480063
RNF216,0.030638711437743105,0.00014481428013595607,0.0008688895896663245
CLDND2,0.10516823309036116,0.0001448149316110541,0.0008688895896663245
GTF2E1,-0.05633854729514631,0.00014536537504961856,0.000871831094086408
KDELC2,-0.04335393530473741,0.0001456438148271249,0.0008731394925314889
TRPV2,0.07112614170222464,0.0001465155578027374,0.0008780022090255891
CCDC189,0.04440483631117509,0.00014661865541094454,0.0008782566604516629
ATP2B4,0.05797329420834352,0.00014723479894601755,0.0008815828143588748
HIST1H2BJ,-0.07253138979016338,0.00014734022229199222,0.0008818494957343866
CD1D,0.09255361340945711,0.00014741370844723715,0.0008819248877115997
CIC,0.06266936381658272,0.0001478230620610244,0.0008840087658513118
TNRC6C,-0.04263530935671156,0.00014841684378622512,0.000887193382335817
TLE3,0.0921854756910685,0.00014871041089817175,0.0008885815146242241
ADGRE5,0.0799812453795461,0.00014895908518763166,0.000889700366951611
FOXJ2,0.0848744657918985,0.00014911710622495325,0.0008902770678327381
TNPO1,0.029668572711329055,0.00014968818061253923,0.0008933183386864516
MORF4L2,-0.062292552360735165,0.0001498253939673572,0.0008937689481973647
TBX19,0.029395028439358484,0.00015154689869166215,0.0009034160828479053
PPM1K,-0.03857081605344437,0.00015156732127315727,0.0009034160828479053
CD69,-0.06573761837513992,0.0001524421625319192,0.0009082568005398263
ZYX,0.11253202717201916,0.0001529098957395975,0.0009106689678833594
PHF5A,-0.05758246360316743,0.00015343026659186363,0.0009133925118440414
SECISBP2L,-0.054436190155411346,0.0001543310852402525,0.0009183777479949948
PDIA3P1,-0.043908774007209495,0.00015524502329249874,0.0009234369270507399
VPS4A,0.0438276124238115,0.00015639464569623364,0.0009298932874647981
PHKG2,0.04860282724596132,0.00015658607842583913,0.0009306494706277611
PLEKHB2,0.051071076995856224,0.00015672075809368129,0.0009310678671980638
ALCAM,-0.05981110196204309,0.00015719568029146002,0.0009335064507345252
APTX,-0.02977055501177084,0.0001573869213286829,0.0009342590854609193
MMP9,0.22962300109455747,0.00015857084421229935,0.0009409013140397148
PLIN3,0.10260696666829894,0.00015923557353384217,0.0009444586597314374
NADK,0.10420006806172388,0.00015941476976238402,0.0009451344761516046
DDX59,-0.038096729279250674,0.00016002994652309515,0.0009483935128643658
LASP1,0.08415213950985567,0.00016026840153957669,0.0009494182118197254
WDR55,0.04741262249444578,0.00016085258054061602,0.0009524892790475399
RARA,0.04625504021244886,0.00016184210296763828,0.0009579570982359105
BCL7C,-0.024863824557813885,0.00016254965717495237,0.0009617521382851349
ZBTB48,0.059334897904239625,0.00016280847316820505,0.0009628901287743087
TST,0.09955043072868897,0.0001634961323906929,0.0009665624414476718
ZNF672,0.06479560660903516,0.0001638929081548544,0.0009685128036372545
PTGDS,0.1663566185426415,0.0001642779705101328,0.0009703923837148301
CST7,0.14060777495865473,0.00016655312533711883,0.000983029937808814
CD83,-0.038941295286218036,0.00016652359652660393,0.000983029937808814
RBM18,-0.03466712010615147,0.000167198478740271,0.000986436971924271
MUSTN1,0.03988335362043838,0.0001678707274073891,0.000989999843554
RPS6KB1,-0.09507757561044805,0.00016812078782820898,0.000991071017868856
PNKP,0.06285683360255234,0.00016899532464054133,0.0009958211074424738
ALDH2,0.09140433336576415,0.0001691330409534033,0.0009962273140175248
CTBS,0.08294616473245853,0.0001692230516088793,0.00099635230874106
CSNK1G2,0.15251282946988276,0.00017073325520240517,0.0010048356230603968
GPN2,0.0417853258643337,0.00017105887518855498,0.0010063431146348622
NLRP3,0.056312169153920344,0.00017215984313889387,0.0010124089192138606
ZKSCAN8,-0.016154542913639602,0.00017223254738004795,0.0010124254124401846
STYX,-0.056965009981045256,0.00017245177997211275,0.0010133028726637245
RASGRP4,0.04976166221035161,0.00017319856028030924,0.0010172781618410377
CAMLG,-0.09043157253933565,0.00017410081836436158,0.0010221630535830616
CREB5,0.09277432711213507,0.00017464090955505857,0.001024918530792329
TOMM70,-0.06145884037005622,0.00017531583058916098,0.0010284627340030003
ARL2BP,-0.07088206350985793,0.0001772330909222342,0.0010392891048249555
PBX2,0.07266824137070849,0.00017746118570319107,0.0010402055093990366
TECPR1,0.07063505750756871,0.00017775553214410193,0.001041509355815199
ABHD10,-0.0556616635770677,0.0001778654245356637,0.0010417318273249305
RHNO1,-0.042622222246521346,0.00018004289108554365,0.001054058704318114
HSPA9,-0.0745359268931658,0.00018019268326477345,0.0010545094240028195
TBRG4,0.02856122509466541,0.00018084125811141863,0.0010578775373529029
DTX3L,0.051596916946706095,0.00018110773721739635,0.0010588957842176973
ASGR1,0.0904337167391045,0.0001811615405476011,0.0010588957842176973
ATP6V0D1,0.09876346850507112,0.00018135480095636696,0.0010595754137654578
TRIB2,-0.06588568128089278,0.00018142412497503007,0.0010595754137654578
BCL2A1,-0.040439754337104006,0.0001834921410541158,0.001071221350676265
CPT2,0.05066045727218871,0.0001837412393164527,0.0010722433965590255
MFSD1,-0.09772162435714904,0.00018386315193713785,0.00107252271150121
CXCR1,0.15006433390859897,0.0001839678348557417,0.0010727013365743007
KIAA2026,0.029993598478856853,0.00018502152154133988,0.0010784111541266668
LONP1,0.047588039258744,0.00018648863468526862,0.0010865250944414443
BIN3-IT1,0.03793491329837284,0.00018656611813917383,0.0010865394672809785
ANKZF1,0.03256156362416629,0.00018726127630257333,0.0010901496487003505
UBC,0.04110827286887897,0.00018821031551502737,0.001094794461815123
BET1,-0.039252737535310445,0.00018816166741318126,0.001094794461815123
INAFM1,0.09163377355007007,0.00018847491551964973,0.001095327883155486
TMEM187,0.026694580515841615,0.00018852888792506394,0.001095327883155486
PIGK,-0.053917177100250235,0.00018846017669007186,0.001095327883155486
MRPL9,-0.03446410227703289,0.0001899291761194195,0.0011030209249854339
LOC606724,0.046900461444785435,0.0001905331567006727,0.0011060850667946067
HERC1,0.05623886832983516,0.00019097227136710633,0.0011081900554812372
RILPL1,0.06047025460146038,0.00019119415861156187,0.00110903331731272
BNIP2,-0.11812887421591789,0.00019366637547965204,0.0011229238520605606
FBXW8,-0.01748288516714247,0.00019497092748275153,0.0011300355796959476
RAB11FIP3,0.05139692539388285,0.00019544880307399294,0.0011323521854894856
TMEM167B,-0.08278729724103862,0.00019644010621366697,0.001137640343222212
ZNF226,-0.015896151722653684,0.00019684405163745595,0.0011395240783041215
C16orf87,-0.027059079538732433,0.0001976434168008862,0.0011436944662181526
FEZ2,-0.08017814094483455,0.00019835246096076752,0.00114733907530182
CFL1,0.07912481499220902,0.0001992644722690431,0.0011521543378622038
MTFP1,0.02874902973058724,0.00019935753558687088,0.0011522324602714438
B4GALT5,0.11683052654891313,0.0002005362230413119,0.0011585826304468933
DCAF17,-0.0185789598301227,0.000201680867133535,0.0011647311322018027
CXorf65,0.039749252807715685,0.0002020209529911109,0.0011662301646565365
TMEM208,-0.03638150672082485,0.00020422081662260295,0.0011784598836501118
MGST3,-0.08915808072566911,0.00020454053896508222,0.0011794352129248541
MPST,0.02896162616092557,0.00020455269641447347,0.0011794352129248541
TRIP11,-0.03358881361624988,0.0002053413372280303,0.0011835113125391128
FAM19A1,-0.018576737389888187,0.00020574015099799218,0.0011853382446519168
FBN2,0.05558801406220226,0.00020629364681427055,0.00118721542947793
STEAP3,0.02443018143227249,0.00020631187765782587,0.00118721542947793
RRAGC,0.05801594356788975,0.00020629151252617452,0.00118721542947793
UBE2G1,0.03744749349166909,0.000207236564605764,0.001192062907764053
FAM129A,0.12619197800841953,0.00020750259219503897,0.0011931193113747297
TEX261,0.0408604474401546,0.0002076065860053789,0.0011932435681356777
ARHGEF11,0.04081354066271814,0.00020817574825098933,0.0011960402767422964
ERGIC1,0.10119807868032282,0.00020845936612717836,0.0011971948687494256
NT5C2,0.09246228489304187,0.00020954183276350406,0.0012029345643070125
VAC14,0.0328122296649731,0.00021152210207460315,0.0012138217616674135
CTSD,0.11232218590593845,0.0002126479594751706,0.0012197992257577707
CHMP1A,0.06693988128163575,0.00021331508389091478,0.0012231415974172644
STAT5A,0.08009072500618508,0.00021352542565349775,0.0012238631836823353
CNIH4,-0.12867582286155432,0.00021441892013982828,0.0012284982750416426
KANSL1,0.06473979189089896,0.00021458625978634853,0.0012289708923469641
SYK,0.09143089401095139,0.00021503779168738588,0.0012310701086166392
ARPC5L,-0.06194103994977862,0.00021699336634443663,0.0012417747602263217
MYBPH,0.05699858495200694,0.00021794083833073216,0.0012467042268492594
ANGEL2,-0.09604764668131693,0.00021901971366886146,0.0012523811815159057
AMDHD2,0.04489614141892684,0.00022034663147556827,0.001259471432633043
SIGLEC7,0.033488113606245484,0.00022171920533745865,0.0012668169507328406
DUS4L,-0.028175101569038574,0.00022211319181644269,0.001268567614459525
SPAG9,0.0506205007856666,0.0002230687450195046,0.0012735229416091858
LRRC8D,-0.04133198773820368,0.00022451999619042243,0.0012813032406706376
ITIH4,0.04680586616796134,0.0002255648797629071,0.0012867592432004515
RNF4,0.040660568623110294,0.00022604566806404096,0.0012889942741100666
ITPR3,0.10470634907019338,0.0002262526092633614,0.0012896665850336585
BLOC1S1,-0.1122145668440293,0.00022759974093369194,0.0012968350305600292
HSPA1A,0.17710061055571025,0.00022773843598965893,0.0012971150243311915
BCDIN3D,-0.047011913680403694,0.0002282972785689692,0.0012997868643054048
DUS2,0.06686742080836883,0.0002298120235576451,0.0013078967973316038
METTL6,-0.01609338893840473,0.00023003912378742294,0.001308675046715253
PXMP4,0.021400429189205816,0.0002306189482755938,0.001311458518580173
MAP7D1,0.07629465560875737,0.00023112338889121287,0.001313811289128857
VGLL4,0.048815144079436656,0.00023222844919309037,0.0013195750718370816
NXT2,-0.03713848412810705,0.0002335374335843849,0.0013264926227593062
SLC43A2,0.10629032518928483,0.00023401185206365212,0.0013286662741238485
NAA15,-0.03216069493013407,0.00023501118706048082,0.0013338174112006288
COA5,-0.07084530603499495,0.0002368250628336754,0.0013435856678742477
RCE1,0.022494760253910506,0.00023718711720108814,0.0013447231136464865
ZFP36,0.09933066285036318,0.0002372112369073994,0.0013447231136464865
SNUPN,-0.04401084505961883,0.00023763987622048388,0.0013466259652494086
SQSTM1,0.09553154384434315,0.00023821419798888147,0.0013493525395662726
LEMD2,0.04649412583696311,0.0002401086121149813,0.0013595516567136
GBA2,0.034744591650460954,0.0002421612157824025,0.0013701290637502975
COL18A1,0.04781582769189452,0.00024216586600391894,0.0013701290637502975
TMEM106C,-0.04419509611736494,0.00024341847999438435,0.0013766783538612505
THAP12,-0.12408251124960401,0.00024355962138883076,0.0013769389368445842
NCAPG,-0.018266436412740283,0.00024430808432636695,0.001380631405923956
TACC3,0.09254423399352696,0.0002462736554009809,0.0013911964215397065
TGFBRAP1,0.05102119512166414,0.00024695245310205207,0.001394487068510769
NFIC,0.027088191236543047,0.00024737543460582044,0.0013957872204248942
ERCC6L2,-0.020921457438571878,0.00024730264755384315,0.0013957872204248942
PIP5K1C,0.07217379520701606,0.0002483743624845579,0.0014008778295273895
PARP4,0.07078652939403085,0.00024955045830286335,0.001406963346850398
FCER1G,-0.0962576125239174,0.00025034450540982044,0.0014108909791267857
LUZP1,0.0491577988817431,0.00025056384673668926,0.0014115778903672528
PQLC1,0.11869324855974028,0.0002537549989904491,0.0014289997688093565
LYPLA1,0.03845530044246814,0.00025482537991089037,0.0014344698028096914
DHX33,0.04176605598928074,0.00025593457021320085,0.0014390358365559011
COA7,-0.021785474474997457,0.0002557719306616432,0.0014390358365559011
ANKRD33,0.08049161668012683,0.0002558517032422416,0.0014390358365559011
TFAM,-0.08091742856572726,0.00025672524338947537,0.001442361685513251
PFKL,0.03631694300282273,0.00025671714654366766,0.001442361685513251
ACAP1,0.07527088803674786,0.0002570101065890387,0.001443402242666009
IFI27L2,-0.056651248870454474,0.0002572239014864079,0.001444043019042299
KIAA0319,0.022071198993212526,0.0002574695815731022,0.0014448622315012833
PLBD2,0.04819434456928118,0.00025821504562406194,0.001448484400007325
RAPGEF1,0.04342654682006941,0.0002596771967303008,0.0014561225386920933
IL10RB,0.07005202588140236,0.00025997587009280273,0.0014572331665728153
HIPK2,0.0450878865454003,0.00026109760061714305,0.0014629546024521084
C8orf58,0.022998122356677086,0.00026161693743013536,0.0014635997380216613
PNN,-0.08963640715657029,0.0002614640158156847,0.0014635997380216613
CD99L2,0.04575532375108882,0.00026160748528140574,0.0014635997380216613
UBE2D3,-0.06828119860109894,0.0002614944734151423,0.0014635997380216613
SH2D2A,0.04295078407704356,0.00026188713776880405,0.0014645456770051575
PDGFRB,0.049978757830812626,0.00026245074920435633,0.0014671310889524884
NBPF11,0.03493735902440953,0.00026318810825593056,0.0014706854012264269
SULT1A2,0.036744213121511216,0.0002633652307822134,0.0014711075983993747
GNAI3,-0.09803772311942538,0.00026393655060861143,0.001473730531617243
RABGAP1L,-0.041946276029031004,0.00026500124079778385,0.0014791051914123704
FRYL,0.014664170529107956,0.0002669925458380978,0.001489645621694533
ATG4A,-0.030369976419870603,0.0002673030541517195,0.0014908037875754736
HLA-DRA,-0.10719156612308112,0.0002685741663228298,0.001497316483841365
RGS1,-0.02306664085695509,0.0002692217716745911,0.0015003494193669784
RAB4B,0.04672662700165553,0.0002695796542860453,0.0015017660433381077
PREX1,0.07173849680209088,0.0002702048572045658,0.0015046174138412982
NSL1,-0.022270051870645347,0.0002702992620004873,0.0015046174138412982
ABCC5,0.0516513056321628,0.00027127044642801234,0.0015094433907273648
QSOX1,0.043457337517502026,0.0002721503399487096,0.001513757881650196
AFF4,0.04645735990345923,0.00027269783732731916,0.0015162209120341231
KANSL2,-0.07157634291520587,0.0002729748409921405,0.0015171786634421193
AHCYL1,0.07354105090234953,0.0002739713809226726,0.00152213328779593
VSIG4,0.04403479672265931,0.00027419368437512666,0.0015227842501876283
TMEM104,0.026564700208627556,0.0002757994756940676,0.0015311152188397373
CLIC3,0.12261106692077028,0.00027600695488504584,0.001531679974925289
CABIN1,0.07899493085422904,0.0002774153804362881,0.0015389063080196081
ADCY3,0.06368721811410794,0.0002778747713143878,0.0015406699008090707
GBAS,-0.058049599268231944,0.0002779460405146439,0.0015406699008090707
RTN2,-0.04784125739173373,0.00027880804020058664,0.0015448567919913148
CCL3,0.034203451993685796,0.00028063716846262344,0.0015543972267734753
SAMD1,0.035770578908783435,0.00028225586344629556,0.0015627652622921043
GPD1L,-0.05669970445143413,0.00028262891428096625,0.0015642327835099408
CEP95,-0.05677630444280091,0.0002834871101422582,0.0015683832327350908
AGMAT,-0.035694895144869676,0.00028386817805578545,0.0015698918254906438
HMGB1,-0.037944716528959255,0.0002842940912504405,0.0015714798391351695
GRAMD1A,0.07786379177535707,0.0002843723183080143,0.0015714798391351695
AATK,0.037629061788581275,0.00028527320236591505,0.001575485356719634
EDEM2,0.05147084470454999,0.00028531469833441037,0.001575485356719634
CGGBP1,-0.04082249826039863,0.00028563257009428755,0.0015766395370600842
ZSWIM4,0.04993987083383633,0.0002866858222835859,0.0015818504571258889
DUSP12,-0.06824875326454727,0.0002871276288666857,0.0015836849110834256
STK17B,-0.054755144582380844,0.00028763823335067017,0.0015858972865820734
PTPA,0.025529880142485695,0.0002886989713626208,0.0015911399928524353
GPBAR1,0.10258667396148091,0.0002893968884117776,0.0015943798142853507
ETS2,0.07609865445481212,0.0002915577020053444,0.0016056736714241096
ENO1,0.08604541620904449,0.00029426758956822385,0.0016199816675431982
VCP,0.06504734535466916,0.0002943937341546527,0.001620060351632215
KIFAP3,-0.050688501232471594,0.0002945751870136508,0.0016204432239672307
TAOK2,0.02856255201678426,0.0002947337007611464,0.0016206996666000171
OS9,0.06361245721180886,0.0002952201735038279,0.0016227586311307186
NOTCH2,0.03794002092100346,0.0002953423826498934,0.0016228145183236177
HCG4,0.07460756258997492,0.0002956227448330051,0.001623739035328497
C1orf52,-0.07687750101139468,0.00029660639792573494,0.0016285242864125646
MEPCE,0.05996297814073426,0.0002970840921440923,0.0016305289846968675
TAF1B,-0.033707299110712796,0.0002976261660981884,0.0016328853749114245
CBR4,-0.0614003874408624,0.00029867015396631253,0.0016379926202378153
IVD,0.04736083344324271,0.00030304997131250363,0.001661383718580735
FAM206A,-0.032319845792519786,0.0003036186683671307,0.0016638716582026186
SRFBP1,-0.04332645600742158,0.00030598197515866533,0.0016761263111805542
FCAR,0.05740280914165918,0.0003060863085523727,0.0016761263111805542
NOV,0.09230498209873073,0.0003062717317160465,0.001676507846627066
SERBP1,-0.07468991922218038,0.00030650350152901376,0.0016771426959373763
KMT5B,-0.02934563597315787,0.0003077570188645995,0.0016833658086234363
THEMIS2,0.048884128003386706,0.00030887279321460784,0.0016888310822651491
MED24,0.04035139704542523,0.00030957460756227037,0.0016920296663894053
PAIP2,-0.05661592070617516,0.0003099624465391778,0.001693510401989231
TIGD7,-0.03349361354417457,0.00031023188577473286,0.0016937047242974862
ZC3H18,0.05406334076654762,0.00031021127462878896,0.0016937047242974862
SH3TC1,0.05588846841318418,0.00031315483609712703,0.0017090183293258432
CLIC1,-0.10368046937260722,0.0003134578101387512,0.0017096638536898072
KMT5A,0.030636184006749723,0.0003135091960370152,0.0017096638536898072
RBBP6,0.01968230778471103,0.00031432732578972575,0.0017129964936121818
VPS72,0.04007627991135898,0.00031435685446155615,0.0017129964936121818
MTSS1,-0.07908988270328354,0.00031574531647816847,0.0017199154433508055
ANG,0.06304708978872497,0.0003166655079888136,0.0017242794051541264
TBC1D10A,0.04248456155304936,0.0003169098024476336,0.0017243647696240257
STK4,0.06056558404829282,0.0003169192914070116,0.0017243647696240257
NKIRAS2,0.023012923121853213,0.0003172107221964861,0.0017253023283116428
IK,-0.047566748526865155,0.0003184249617158018,0.0017312564359953729
TCEA1,-0.028273104422753548,0.0003188127501742688,0.0017327143990709605
ZBP1,0.11253400355556309,0.000319062830431623,0.0017334231192691776
MTHFR,0.06598581730326813,0.00032070412542767833,0.0017416867464171328
H2AFY,0.04388117170852368,0.00032121269578600816,0.0017437948597318375
TMEM230,-0.08360114474991853,0.0003228020210356979,0.0017517663816714307
ATXN3,-0.030065434185878814,0.00032437132505870755,0.0017596233229027417
GLTSCR1,0.06158368018979754,0.0003249401018116579,0.0017620488336353626
PSAP,0.08968586254354705,0.00032596920900745746,0.0017669678230778495
CC2D1B,0.03125805999656173,0.00032768747349084783,0.0017751343055401572
DOCK11,-0.11977201930912251,0.00032772087358563795,0.0017751343055401572
PLEC,0.019396717662465868,0.0003281570121712195,0.001776832210948764
PRDX5,-0.11392661811976978,0.0003288289565204748,0.0017798051592834668
CNOT7,-0.04128124397534716,0.0003294089943025041,0.001782278622890351
CABLES2,0.03118185735502088,0.0003301491184394052,0.001784949545157277
HIST2H2AC,0.10205057123833505,0.0003300790207774883,0.001784949545157277
CMIP,0.0365426807636009,0.0003323370971766383,0.0017961084013083692
YIF1B,0.06144125837754366,0.00033408487530138634,0.0018048807660817905
MTX1,0.0606108333359936,0.0003350479291036594,0.0018087343291604185
RAB29,-0.06975615864662466,0.000335016523620339,0.0018087343291604185
HSPA4,-0.02021768801712298,0.0003366579133419808,0.0018167485904788559
KPNA6,0.087388123354458,0.00033797056571613425,0.0018231529511480403
P3H1,0.034588001641158606,0.0003397067336198996,0.0018311545700597787
LRPPRC,-0.04379108934163334,0.00033963168229262595,0.0018311545700597787
ZBED1,0.06700887105019149,0.000343262595020407,0.0018496337151322824
DHRS1,0.0722609476189966,0.0003463516231960641,0.0018655845706105586
ABHD2,0.04329608510580574,0.0003468771219840684,0.001867720533389311
SUCNR1,0.018240263345163044,0.0003494498269354826,0.0018808737619225306
SIRT2,0.0313672476839999,0.0003496961927796064,0.001881500615237674
CSHL1,0.022518335910390874,0.0003502979201592884,0.0018840382753758384
ZDHHC5,0.04785119744535127,0.00035049568021426657,0.0018844021648936292
RPH3AL,0.03326175385934249,0.00035102530011589327,0.0018864100039814623
DMXL2,0.057127892575413064,0.00035112961686923656,0.0018864100039814623
TBL3,0.03611376534478694,0.0003517278020226639,0.0018889230569137056
DHRS7B,0.04018158669460892,0.00035221379347830654,0.0018908319439361718
CDK11A,0.08145345201859744,0.0003531245269719481,0.0018950187657138554
CD160,-0.09584477828278537,0.0003566703696734809,0.001913338383092851
ZNF213,0.07057335040938639,0.00035682452664808056,0.0019134566619662342
HYAL2,0.0247289140850242,0.00035762010128990155,0.001916705267375134
TAZ,0.043671124457477006,0.0003576949970805708,0.001916705267375134
GIMAP4,-0.08691472377478782,0.0003600908521636272,0.0019288298456871214
CCDC66,-0.03790205658581325,0.0003620751608018249,0.0019387418222009728
ERBB2,0.025044168527224464,0.0003632942560650141,0.001944550630024266
DDIT4,0.10956503069381363,0.0003640361718837193,0.0019471095606169767
PTBP3,-0.107529968625796,0.0003640411965030912,0.0019471095606169767
ZNF76,0.035775554920052244,0.00036425164312005147,0.001947515983370552
AGPAT2,0.04211754780186272,0.00036476948304577507,0.001949565015658674
DLGAP4,0.03322662570427237,0.000365318853132809,0.0019517809918021415
RPS23,-0.17618304175926625,0.0003676181240033809,0.0019633410427968177
EID3,-0.025793147101539127,0.0003685402817664963,0.001967540523813466
ZDHHC16,0.033038467886359335,0.0003689942693399386,0.001969238392453821
GLO1,-0.08729316552578048,0.0003711005953070744,0.001979749916179619
GSN,0.07547933106934845,0.0003733948731055281,0.001990523129208859
CAPN1,0.08061992473015422,0.0003733093002120159,0.001990523129208859
MEA1,-0.041561312833986896,0.00037368262842406226,0.001991324205332641
CORO2A,0.03333312354000828,0.0003750058025298994,0.0019976403250618105
STX5,0.04139990951142458,0.0003776988414832759,0.0020112463308984444
ITGA3,-0.02377176996008501,0.0003780358142234239,0.0020123008942344992
PDE1B,0.027304382563386298,0.00037843381365986124,0.0020136794111129427
MRGBP,-0.05073140107342766,0.00037915677161295074,0.0020167854131626804
RAVER1,0.06123663068049279,0.0003799463444238366,0.0020202433379716777
MFNG,0.06559025275486619,0.00038126595012933924,0.002026515971256275
KREMEN1,0.037802034738171564,0.00038141867478217237,0.0020265840372505448
CARS2,0.05751644036915238,0.0003828504377557443,0.0020334454493781445
SIL1,0.02630113823833735,0.0003839153661565084,0.002038354165473192
KBTBD8,-0.04417029489520807,0.0003865037328947677,0.0020513448395924573
GPSM3,0.09115707182496813,0.0003873378488249828,0.0020550188287110074
RAB18,-0.03720022038251258,0.0003888234832764253,0.002062145489482147
TRIM56,0.07569433242486845,0.00038969794771586796,0.0020660267477000845
ICK,-0.02264574952938858,0.0003905829451569007,0.0020699609870664286
B3GNTL1,0.05192751950929342,0.0003915848016458439,0.0020745114363710324
CHUK,-0.0640147626141303,0.000393026717266516,0.002080628279564407
PWWP2B,0.021850139094255816,0.00039301890950967967,0.002080628279564407
DDX42,-0.03039900089257941,0.00039362097703795116,0.0020830128722753687
UBXN8,-0.014128614862123356,0.00039563530189733426,0.0020929078570785203
TMEM222,0.04454404117149302,0.0003962462017742147,0.0020953742192397684
ZBTB45,0.036254186381321496,0.0003974454009273752,0.0021009486084058765
COPS7A,0.047397987496710314,0.0003981592256429312,0.0021039541131748322
ADGRG3,0.11102338339812867,0.00039854183177787057,0.002105207837881356
ZNF513,0.02797745992533507,0.00040089087380355517,0.0021168441181810766
GARS,-0.05691472624962657,0.00040108262019639384,0.002117084792610994
ZNF544,-0.026681969590936383,0.000402102718573928,0.0021216960931966385
RIN3,0.0673226224552641,0.00040284599425751013,0.0021248439114442013
CHCHD2,-0.12905000855862525,0.0004068434782885965,0.0021451477755850133
SF3A2,0.09063950808763899,0.0004117296133279513,0.0021693312911757173
SLFN13,0.05234736418796171,0.0004116591941527638,0.0021693312911757173
DDIT3,-0.04777088001308982,0.00041235751268514545,0.0021718495322660533
GOLGA1,0.033572726393193086,0.0004144578981335852,0.002182118573815648
SDK1,0.015532860063594,0.0004152411206469126,0.002185447816660568
C11orf68,0.05860508705359102,0.00041560459295742435,0.002186566263855915
NEK1,-0.022822638659324213,0.00041645460142863435,0.0021902427186246696
TCEAL3,-0.03913408670878393,0.0004177923515286803,0.00219584322858133
DBNL,0.06387563830615228,0.00041782269662870376,0.00219584322858133
POLR2G,-0.06064947990179803,0.00041921192493231196,0.002202345129024159
FGFRL1,0.028226386828758443,0.0004202711421202409,0.002207109217719206
NFKBIZ,0.05095737954262347,0.0004205397438558865,0.0022077193367193403
HEXIM2,0.030964645490543674,0.0004226936280886964,0.0022182226482741593
SUPT16H,-0.05439093854756294,0.00042542185705194877,0.002231731321093961
SAMD4B,0.05665736283831535,0.0004259977791752568,0.0022339434589335335
SLK,-0.06952136829510369,0.0004266804478609662,0.002236713574671819
SART1,0.024550193092922612,0.00043066072148049907,0.0022567618993934693
GAR1,-0.028506304633943103,0.00043145722990126334,0.0022601180896527663
ALDOA,0.06423090655061792,0.00043188771261426853,0.0022615551805875147
ORAI2,0.04250292865707195,0.00043218823949095643,0.0022623109724564557
CCR6,-0.0442338190596665,0.0004337672226483253,0.0022697559439444886
ADRM1,0.049977039068471285,0.0004342130595955571,0.0022712683117306065
IL1R2,0.06637507632558659,0.00043688519674626796,0.002284420646091316
DYNLL1,-0.07173198348877818,0.0004375281466273012,0.002286956938199145
TXLNA,0.06729798219127758,0.0004378640612842128,0.002287887108095432
SEMG1,-0.01924435445478334,0.00043819986496991574,0.002288415220919575
ABCC3,0.11355484030028329,0.0004382811255751796,0.002288415220919575
SIRPB1,0.07783395298331364,0.0004385519226723905,0.0022890039812565417
TUBA1C,0.07500682925181756,0.0004394214836826868,0.002292716415583586
ADSS,-0.05989291520111273,0.00044080171155635046,0.0022990896615708244
RPIA,-0.12565559277194183,0.0004417226665692696,0.0023030637518320018
PRAM1,0.09804722815891331,0.00044453349518561446,0.0023168849025795033
SLC12A6,0.03932883326733627,0.00044668058567388485,0.0023272379866548735
KLHL17,0.031606063150479535,0.0004470985033014342,0.002328577749664859
KCNK6,0.03633301430974889,0.0004485283090953733,0.002335184769567716
SMPD1,0.02992664450140392,0.0004491387923847069,0.0023375229137262287
PGLS,0.06423688023018315,0.0004524634626694886,0.0023539801700089343
MTO1,-0.051383875721083605,0.0004540972736354581,0.0023616319250757537
ADO,-0.06518293416626353,0.0004573602483949864,0.002377747967606957
LILRB2,0.04650161049670487,0.0004580025382571279,0.0023802327822447936
ORC5,-0.031461651610865005,0.0004588773018645647,0.0023839235438329826
TRIOBP,0.02800543522516108,0.00046055963888367576,0.0023918055968415773
FBXW5,0.05510641135392014,0.00046089381405285245,0.0023926831551044857
TTI1,0.03365768704293437,0.0004640021284118525,0.002407956584707012
TUBG1,0.02295587364308993,0.0004643326938017454,0.002408809003232264
PLBD1,0.09693306157397608,0.0004653491333777325,0.0024132176325968773
RLN2,-0.01520351362416772,0.00046897763132447895,0.0024311639270235335
ORMDL1,-0.052243625079179346,0.00047043161292597055,0.0024378287948550116
KLRC3,-0.05989923126200214,0.00047223425315033623,0.002446295036705819
CHCHD6,-0.01962298621007097,0.00047411848505486497,0.00245517773955476
RPS6KA5,0.06628269695175071,0.00047556605736424006,0.0024616281666507253
BANK1,-0.08062292729504694,0.00047570403469037424,0.0024616281666507253
DYRK1B,0.03501607923807093,0.00047598429657525984,0.0024621987684271657
C9orf142,0.08613230473667954,0.00047641266138785237,0.002463534804548966
ARHGAP21,-0.05380268064322902,0.00047802726901926087,0.002471001771761233
TIMM21,-0.03777024920387895,0.00047916883240416234,0.0024760190397937524
AGPAT5,-0.03271168555773141,0.0004799831773730754,0.0024793424896831753
LOXL3,0.02970267841192431,0.00048019854200830297,0.002479570653279237
BLVRA,-0.06128053527096622,0.0004817551729443892,0.002486721997479164
SHPK,0.04409546735295766,0.00048309526512794755,0.0024927509156085475
EIF3J,-0.03857127450630937,0.00048549357247645115,0.0025039138330168625
CCDC112,-0.03401539755429095,0.0004856043880795613,0.0025039138330168625
ARHGAP24,0.029067309902442773,0.00048588790930465377,0.0025044841560030624
EXT1,0.04636180759286557,0.00048633873070452207,0.0025059161065543573
BRAT1,0.07775030400550698,0.0004869527641264286,0.002508187708252913
HSDL2,-0.07567712069741805,0.0004885193680557391,0.0025153624340274886
CHCHD1,-0.03224967836447323,0.0004897590057570885,0.002520849125581261
CAAP1,-0.022910882201117033,0.0004899702072443222,0.0025210403132244273
GOLPH3,-0.07862966135289717,0.0004908990197579873,0.0025249223729313522
FAM172A,-0.058029010465857844,0.0004915087720173615,0.002527161183492887
AVP,0.04432444270376301,0.0004920464787428442,0.002529028104368827
YEATS2,0.03980038451055368,0.0004940036358949304,0.0025381868259319513
BCKDHA,0.06226355194915456,0.0004961960543016598,0.0025485473937961844
LIG1,0.04315777719202529,0.0004967554128947335,0.0025505159164719315
RREB1,0.013380136613626803,0.0004971544453078453,0.0025505335219322225
SLC25A26,-0.017584391071363115,0.0004972871213709332,0.0025505335219322225
SLC16A4,0.020029033331044666,0.0004972513465720206,0.0025505335219322225
ZBTB7B,0.026954638783042384,0.0004994436264411715,0.0025606872514597977
ERGIC3,-0.05216139514480744,0.000500515890330101,0.002565276771245995
ZNF428,-0.06781062503969615,0.0005009462208165426,0.0025656665708298455
CHCHD5,0.047083612360364846,0.0005008932458412063,0.0025656665708298455
DHDDS,0.03244106589154594,0.0005051766562159672,0.0025864187658649943
SERTAD2,-0.07208213303665723,0.000506503855488553,0.002592297470988057
SIRT6,0.020380380903247897,0.0005075196147355813,0.002596578629399562
TRANK1,0.09446709850361934,0.0005084183083412839,0.0026001832683705066
PCNP,-0.13324840001363825,0.0005085832090095032,0.0026001832683705066
NUP98,0.02230330117747492,0.0005093198633661805,0.002603030663724685
MVB12B,0.02835198814196538,0.0005097146220835687,0.0026032110670868858
CLASP1,0.04097027713334089,0.0005096209016434005,0.0026032110670868858
UBL3,-0.09670859844698043,0.0005103969553877854,0.0026057770538726413
ARGLU1,-0.17300621613186706,0.0005117750576938591,0.0026118921549111544
INSL3,0.040309317914953624,0.0005120144548243946,0.002612193506050205
KMT2B,0.07792039546140828,0.0005145124915643354,0.0026240137069781107
TMEM80,0.02311832679147585,0.0005183214902781461,0.0026425091394539487
IRF1,0.10195556951215679,0.0005190984075866981,0.0026455388231828767
HERC4,-0.029955429992064353,0.000519824031322631,0.0026473738641620915
RPL23AP7,-0.050156868526746834,0.000519746394032548,0.0026473738641620915
FAM179A,0.030553177765686,0.0005200609643325365,0.0026476495632310926
AAK1,0.03972931106339672,0.0005211087341443458,0.002652051618182258
MAMDC4,0.015239948206523302,0.0005223598769336335,0.0026574852327034587
NDUFA12,-0.08557659872793977,0.0005232205490780974,0.00266092922501656
RPA1,-0.054276558707794464,0.0005245376454111154,0.002666691209594453
GTPBP3,0.02662833342388904,0.0005247373362750021,0.0026667703784586426
MMP23B,0.032638147416327534,0.0005295182943958018,0.0026901238077968407
MED31,-0.038547075677777265,0.0005315327313206509,0.002699410967899126
MIS18BP1,-0.09896332884741454,0.000531861444369329,0.0027001335998055945
SLC23A2,0.02645441892448286,0.0005334040538945096,0.0027070162286643583
NOD2,0.11332366888282763,0.0005352099694358065,0.0027152298414389567
ZNF813,-0.02145652846500301,0.0005356901079414932,0.002715763221359674
EIF2AK2,0.13370128422551986,0.0005356078713396683,0.002715763221359674
MEAF6,-0.023254494274895343,0.0005368060102783822,0.0027204563744115504
TCL1A,-0.0455691216123828,0.0005371793172339847,0.0027204563744115504
BCAS4,-0.044215963124786484,0.0005370896773623905,0.0027204563744115504
CEP170,0.013304004291805782,0.0005379611227626776,0.0027234634400889975
MAPK9,-0.02505303292472405,0.0005408302253335315,0.0027370317902623586
CLTB,-0.0498222864575677,0.0005415462263745176,0.002739698058962107
MAPK1,0.04559625380870891,0.0005439504063835377,0.0027499398555180313
USP3,0.06153206963569602,0.0005437666054551285,0.0027499398555180313
NBPF9,0.060828060334845446,0.0005443951512780139,0.002751227973171931
ATXN1,0.044668675659118584,0.000545267407589939,0.0027546749673989105
TMEM131,0.06939931969535706,0.0005471361763234961,0.0027631521540688693
CEP131,0.026025810841595387,0.0005482396242653748,0.002767759748295465
KLRF1,-0.12626233828561517,0.0005493581636137291,0.002772440293303572
SERF1B,-0.03143194898553059,0.0005502715381644453,0.002776082535274756
SNX5,-0.03372368698250394,0.0005508259004356929,0.002777911678938223
SPPL2B,0.015770632128851325,0.0005526982671676814,0.0027863841634725712
CANX,0.058006668939437844,0.0005539688143076368,0.002791817782335355
MYO18A,0.034627361244219834,0.0005558173471171292,0.0028001594628328692
GIPC1,0.04826885139353099,0.0005560711867212077,0.00280046421017732
SLC8B1,0.06733256551805944,0.0005566937835383601,0.002802625220983527
IFT57,-0.03014679626775152,0.0005586023112019962,0.0028112563847983714
FUZ,0.03366115457073349,0.0005590158227592076,0.0028123602559376043
PRRC2C,0.06489731885403316,0.0005594686258578138,0.0028136609642099224
XRCC5,-0.05843642286137474,0.0005606829595755356,0.0028187893045789857
CGRRF1,-0.05327629550435642,0.0005660942128532528,0.0028450064465532663
PTBP1,0.07189586428073902,0.0005685278611977731,0.0028562461122402173
RNF38,0.028294354640530095,0.0005730749765149933,0.002878092219085702
ZPR1,-0.03140474794555459,0.0005753117590386387,0.002888324269641471
SGSM3,0.03504969787863743,0.0005770503762621482,0.0028951140013927044
NUDT1,-0.04767860471281793,0.0005770639410398189,0.0028951140013927044
ANKMY1,0.056514828763320146,0.0005781058604695858,0.0028993370093633934
DUSP2,0.046447726877763884,0.0005798044119708478,0.002906849118375133
CELF1,0.023366893867584615,0.0005819402914826807,0.0029165478137837884
PRPF3,0.05771039321496474,0.0005829768162282704,0.002920731998011162
CLK4,-0.07621593697298668,0.0005844537761400275,0.002927119119506279
CCNJL,0.07715671328604046,0.0005852971905523226,0.002930329937075645
PMPCA,0.04582058799646749,0.0005859346882382765,0.002932507955923703
NUDT16L1,0.05015649935257649,0.0005894988410154592,0.0029493268439612823
ACTA2,0.11529151912953495,0.0005913754191984931,0.0029576939128698114
SV2A,0.03099793505934567,0.0005927274709364277,0.002963432754243431
PATE2,0.031170487786753576,0.000596662694278294,0.002982078144902281
AFF3,-0.03808933986654317,0.0005979596750710802,0.002987529470068826
APOBEC3F,-0.024737600415142502,0.0005984970932527539,0.0029891834133354785
SAE1,-0.06679555638720736,0.0006017691847915357,0.003004489787149467
RASA4,0.01625099586919898,0.0006023865721429042,0.0030055002104436186
CLEC1A,0.031367656834670576,0.0006023677476710112,0.0030055002104436186
HAUS7,0.05494617200651852,0.0006045273175511963,0.0030151424474557597
CASP6,-0.019777697251464943,0.00060760536271593,0.00302945131620569
SOS2,0.03690805503429395,0.0006083852448428161,0.0030312527988659607
PRDX3,-0.07263794111977973,0.0006082901814460006,0.0030312527988659607
REPIN1,0.03232130869656569,0.0006108304095298169,0.003042389151179459
ALOX5AP,0.10304221223873888,0.0006115451264097104,0.003044901894437348
DHX8,0.04251114961480251,0.0006133363554188566,0.0030527710556311747
NAGK,0.0809653013138778,0.0006137000766117468,0.003053532088507228
NOP2,0.03524755618806097,0.0006145648196385802,0.0030567846317462893
WDR13,0.07046912003384342,0.0006155399752378793,0.003060583934550444
DNAJB12,0.02657083722016651,0.000615992660417787,0.0030617836971486706
ST6GALNAC6,0.06486507240654404,0.0006186483025649566,0.0030739286498630636
TUBA4A,0.11442424556478947,0.0006218045648622095,0.003088551892134514
SLC37A3,0.035789727115516534,0.0006230722721048805,0.0030937877234031848
RDH13,0.054482012384554857,0.0006248595182859334,0.0031015987878181836
LUC7L3,-0.08151109231326892,0.0006253940890785383,0.0031031887585520894
HIST1H2AC,0.11393371873213276,0.0006256620126730707,0.003103454997108478
SESN1,-0.06216815314631763,0.0006298096931280289,0.003122959121967261
HS1BP3,0.059171897977611465,0.0006316461311308885,0.0031309933481518787
CNTNAP2,-0.07370244665829251,0.0006382484183212181,0.0031626377321123922
DHRS12,0.03818919147781763,0.0006406519755369965,0.0031712929643464994
GBF1,0.04576801729406643,0.0006405605106087978,0.0031712929643464994
STAG1,-0.03657090835536092,0.0006405198354903116,0.0031712929643464994
HMGA1,0.02996681258994105,0.0006418186374883083,0.003175973865803901
TRAPPC5,0.0909910630932167,0.0006420361418857927,0.003175973865803901
ARHGAP15,-0.07291586230594937,0.0006480552322914279,0.0032046541428846164
KIAA0040,0.04211419354721091,0.0006492505670478027,0.0032094693560137796
PXN,0.06750162138863658,0.0006499218199176488,0.0032116914499103464
ANXA2R,-0.08125231347141515,0.0006514370312717367,0.003218081159938552
PAX7,-0.028151064376246815,0.0006536062865400753,0.003227696370353376
CCNY,0.04708050793828811,0.0006551216282515636,0.00323407691329095
ZMIZ2,0.031878991295126724,0.0006571577505925108,0.003241918548903926
ULK3,0.033618010665505516,0.0006571212732358456,0.003241918548903926
MYCBP,-0.021419390498280677,0.0006622665991236979,0.003266009336638625
OCEL1,0.053771889419493846,0.0006642226941982729,0.0032745410152375033
ZNF616,-0.02220107282648076,0.0006666354327144599,0.003285317321346117
ZNF232,-0.019119082331578774,0.0006684563638010556,0.003293170739215813
EPM2AIP1,0.041345289277109565,0.0006689018762787426,0.003294245078551958
BRMS1,-0.05307376855140067,0.0006727343020068831,0.003311993076229672
ARSD,0.028992564998675974,0.0006733772248475109,0.0033139636851881875
PEMT,0.028340330747220754,0.0006737965217159249,0.0033139636851881875
ARRDC2,0.01952887720237584,0.0006738209785196916,0.0033139636851881875
NELL2,-0.10813642365140375,0.0006741848436362658,0.0033146277241098685
U2AF2,0.03307659080027481,0.0006746875976364036,0.003315973927439996
NPC2,0.08132504779657701,0.0006790463697923711,0.0033362644572838204
ECE1,0.04321222013000359,0.0006820198528734217,0.0033497373852216478
BOD1,-0.04802580283258351,0.0006838614959024085,0.003357644036152706
CLIP2,0.0334010420345372,0.0006844611855207461,0.0033583115891200836
CLPTM1,0.07287921793935759,0.0006842363885117822,0.0033583115891200836
NFKB2,0.04860360523216567,0.0006871863328713517,0.0033705407535755696
ITGB1BP1,-0.042217717411444866,0.0006883673198633749,0.0033751903388290865
IPO13,0.03986991161791309,0.0006886829276287248,0.003375595101108105
ZFYVE19,0.044503899822459836,0.0006906116203012125,0.0033810568772986126
CLTCL1,0.022562634805605164,0.0006907309651979146,0.0033810568772986126
DRG2,0.04311241504274932,0.0006902825959290081,0.0033810568772986126
GTF3C5,0.050852749713598655,0.0006906507046482317,0.0033810568772986126
AIM2,-0.05542147088553229,0.0006922232882714895,0.0033860729845742164
RAB36,0.01836498050942037,0.0006921281751707994,0.0033860729845742164
DDX39B,0.027198090180248435,0.0006941537699470591,0.0033943697514899405
ZBTB33,-0.10404069655905346,0.0006992868992381826,0.0034183163849361583
IFNAR2,0.03229528686267713,0.0007031803153820133,0.0034361888286076523
ZNF91,-0.09116943529896826,0.0007153391337295982,0.0034944256367418214
TTC3,-0.0628005227637729,0.0007155998457078742,0.0034945206221284053
POMT1,0.028972857033776833,0.0007162470619360891,0.003496502340775974
TIGD2,-0.023928524565707043,0.0007167122873239683,0.0034975945989219534
KLHDC2,-0.08171542149446775,0.0007175707390394548,0.0035006044406357237
SPIRE1,-0.03286298154053924,0.0007179008142288744,0.003501035485956571
DAPK3,0.035038685602083675,0.0007199118165197263,0.003509660972895226
C22orf29,0.03761042277920179,0.0007209086425305315,0.0035133380815653495
CLEC1B,-0.07891660712234216,0.0007213612822738947,0.0035143615245392164
APH1B,0.04768898196147031,0.000723419462057024,0.0035232035939589566
PARD6A,0.025573849906026958,0.000725301834108684,0.003531183786631993
ARCN1,0.06544361391062914,0.0007259741959032693,0.0035332695744163148
DENND5A,0.07702992335555692,0.0007262876111612313,0.0035336075781186678
MMGT1,-0.03068244221514682,0.0007316998573431811,0.003558744369965962
NPIPA1,0.05466980722977155,0.0007321363164611631,0.0035596718387457156
PRELID3B,-0.03905762514035427,0.0007351982199438658,0.003572160690260635
REEP4,0.03458287509354907,0.0007349738949084963,0.003572160690260635
GRK6,0.05255178467965216,0.0007355855376801013,0.003572844040160492
VIPR1,0.07580041301482865,0.0007365317472746948,0.0035762406394658666
CUL2,-0.04847651642965545,0.0007368885668383369,0.003576774129385547
PRKCSH,0.04489681159122849,0.0007371607417130379,0.003576896543709093
ELK1,0.03619413630126811,0.0007395520693679466,0.0035872981154472
NMT2,-0.03454204726530197,0.0007407084703206436,0.0035917045477483105
AASDHPPT,-0.043219070786658875,0.0007454946326876778,0.0036137028982089446
MTR,-0.038331365397819894,0.0007466088068291305,0.0036178929267691954
NIT2,-0.02970482775220873,0.0007470632579530613,0.003618884357254896
CSTF3,-0.026998823289820173,0.000749587634418211,0.003629898795357194
CIRBP,-0.07001879458147897,0.000759525989728005,0.003676796268456024
USP4,0.04441263591453737,0.0007607785694435024,0.0036803997327387065
SLC23A3,0.019782633352241952,0.0007605427981403723,0.0036803997327387065
C1orf43,-0.04279456792064984,0.0007625206462043805,0.00368759567266252
FNIP1,0.05175060038108281,0.0007639170396371365,0.003693115621530135
TMEM234,0.01909740997243592,0.0007723132154159707,0.0037324606646929994
FAAH,0.03713183230877881,0.0007755359563422995,0.0037467854541900817
WAC,-0.05820547713595836,0.0007760340003623563,0.00374794146757198
ZNF668,0.039308165110957916,0.0007774942748424137,0.003753742358939173
TSSK6,0.018102051973499123,0.000777966470630888,0.003754770530029251
SLFN12,0.030196212007213674,0.0007784141295815613,0.003755679631198978
C12orf65,-0.03729611161570734,0.0007832927643301842,0.0037779595066794497
KIR3DL3,0.049755427356013904,0.0007848987698270866,0.003784445333613689
SNORD4A,0.03625895676360358,0.0007857260558527573,0.003787173441920578
RTP5,0.057200762757509516,0.000789766622219898,0.003805382487103461
HNRNPA1P33,-0.0664941764016298,0.0007902832693161331,0.0038066055446540977
PROC,0.014408905354867052,0.0007934338185614792,0.00382051044815308
CERK,0.03219550780101699,0.0007961893798569743,0.0038325048115149273
IFI35,0.10607504434950066,0.0008015754385032395,0.0038571490535817014
ENG,0.04526856863784534,0.0008042225344376535,0.0038686015240102867
TCEAL1,-0.014730060647871746,0.0008068343151148168,0.003879876567105912
DIP2A,0.019864288267483765,0.0008100219355534193,0.0038939122849504563
INPP4A,0.016913159027018843,0.0008118108596928528,0.003901217150561141
GYS1,0.02735256769160177,0.0008189901054533961,0.003934412168287559
TM2D1,-0.04976895482031907,0.0008199000465170947,0.00393747754434801
CDC42SE2,-0.07597228998972749,0.000822114342793865,0.003946802830966636
FOS,0.12685908996644635,0.0008284631718657364,0.003975964407323832
MRPL55,-0.02729007046475118,0.0008324012028758332,0.003993540583787204
TMEM173,0.07117764682911165,0.0008330909375037528,0.003995526204902104
TMC4,0.019443018033713066,0.000834019933619382,0.003998657636061943
LINC01278,0.042016020426150824,0.0008344031688747973,0.00399917124354155
UBE2N,-0.08380294800502774,0.0008387904780273634,0.004018869098163524
SKAP1,-0.06991695594479275,0.0008396060453458741,0.00402144641560504
TBC1D14,0.06954681082796199,0.0008406686835007893,0.004025205028702622
S100A10,0.08748465664689853,0.0008482582308124072,0.004060202318270623
LMNB1,-0.07669152902850396,0.0008487911177925627,0.004061410819328536
TEC,0.019970605649789697,0.0008502874403175431,0.004067226976736888
ARAF,0.07088056886806093,0.0008523692329100138,0.004075838880643328
LITAF,0.08637778210641045,0.0008531082583496558,0.004078026407239741
RBM15,-0.06467375348815807,0.0008566775141945395,0.004093737088615543
WDR18,0.06801328608559842,0.000860827911682615,0.004112213546441622
CAB39,-0.11691072769693456,0.0008689952767774933,0.004149860728270759
CFAP58,0.017131592914696014,0.0008698840600096723,0.004152735901509589
RLF,-0.036097532653305286,0.0008709745118882701,0.004156571607970248
CXCR2,0.14501664583158025,0.0008725191237752053,0.004162571471923608
CLEC9A,-0.016285287952306327,0.0008743547072785005,0.004169955080744748
TMCC3,0.05507702820526017,0.0008799861857713433,0.004195431176666272
SASH3,0.054946809759655935,0.0008804853164981822,0.004196429524238128
TRAPPC12,0.05378785405459929,0.0008830656191427242,0.004207342903836585
KDM6B,0.07732082265680518,0.0008839431656311969,0.004210139036830732
C19orf52,0.03707437781551537,0.000886037497322347,0.004218726861018039
RCSD1,-0.056442314130267235,0.0008889051749164803,0.004230989994574532
POLD1,0.03260458712574188,0.000890398473582017,0.004234167396925286
NFKB1,0.06556244369988917,0.0008904497301183665,0.004234167396925286
ADGRG1,0.13437959458990534,0.0008901220643109196,0.004234167396925286
TRMT1L,-0.023877281715503962,0.0008909943317106099,0.004235366557432384
ARMC1,-0.05371189987197589,0.0008915729975786402,0.004236726803454404
TSC2,0.04157715607018986,0.000895225077375392,0.004252686133389695
MBOAT7,0.11302655613820178,0.0009027251429899319,0.004286908515103664
EXOC3,0.05690720500536006,0.0009036468821613989,0.004289879200663946
C4orf33,-0.04208433544291701,0.0009062774724532532,0.004300957703477365
SLC6A12,0.04269621176182792,0.0009091844935617547,0.004311928030369501
ACSM3,-0.016277190400995067,0.0009089488445639583,0.004311928030369501
MNAT1,-0.018545476425229523,0.000910150075137557,0.004315094496986047
KCNK12,0.02539302068696969,0.000913613155915529,0.0043300958606938885
AHCYL2,0.03518590997448001,0.0009148049828114228,0.00433432625810947
TSPAN4,0.033336653152990614,0.0009176247659844611,0.0043462645881356884
NINJ1,0.09610128355360992,0.0009182276306889263,0.004347698268355152
SLC9A3R1,0.0723817248910823,0.0009194379222566667,0.004350584405738504
MFSD5,0.04680959430179854,0.0009193840860765923,0.004350584405738504
RBM25,-0.1125588563254265,0.0009203278548329399,0.004353373170934129
SNW1,-0.04181494242153949,0.000922730486637445,0.0043633132120328945
UNKL,0.01198446501795658,0.0009235248812789294,0.004365644380040474
C18orf32,-0.04112144090376191,0.0009245722670608784,0.004369169564799271
NIPA2,-0.028324675861091997,0.0009310183693346752,0.004398196367072223
TGIF1,0.02264458296871741,0.0009332633710772704,0.004407364416916591
DZIP3,0.018495873502419435,0.0009349998841278049,0.00441412591972201
TMEM140,0.11137201457972878,0.0009356690253829262,0.004415845605619519
OLIG2,-0.07619661420728896,0.0009374410058246946,0.004422767273083022
ONECUT2,0.010461164936931944,0.0009417832571379098,0.004441806804423799
BTAF1,-0.10911355932555722,0.0009430990903413476,0.004446564851726588
GCM1,0.027475575912892403,0.0009446056114724323,0.004452218573565477
DLAT,-0.03329130545397163,0.0009466741641831501,0.004460516784004147
BACH2,-0.02924565803248136,0.000958145584050519,0.004513099394922835
CIITA,0.030902820987294355,0.0009598763805928335,0.004519782020970936
TRAPPC9,0.0339552044445961,0.0009657596014583866,0.004544281182692031
TDRD9,0.0333806031608157,0.0009660205579611132,0.004544281182692031
SLC25A12,-0.03193335656726859,0.0009658980778303452,0.004544281182692031
FNBP1,0.06884741876517708,0.0009701261600168981,0.004562112760287257
MALT1,-0.026164766386670202,0.0009737920813647119,0.004577865792433134
SAMD9L,0.11816896892207218,0.0009747129195666443,0.004580707958145125
ZNF362,0.048423476881882976,0.0009755866520718274,0.004583326976519087
MX2,0.10373363756226084,0.0009781502905797698,0.004593880936691759
DSN1,-0.02788441891997362,0.0009826386879332057,0.004613464750737294
PARP16,0.03531156033278471,0.0009887208447668463,0.00463953712051272
DGCR2,0.06704353107729588,0.00098913468465119,0.00463953712051272
FOLR2,0.030129422737216416,0.0009891529016945097,0.00463953712051272
DNASE1L3,-0.01740407727288673,0.000992823792169583,0.004655247590088779
C10orf88,-0.029923673225123792,0.000997647440398016,0.0046749659722749
ZNF383,-0.02447486735144988,0.0009976746630973293,0.0046749659722749
CEP128,-0.016676284587639145,0.0009991002158419573,0.004680131800211808
SREK1,-0.025574188966439593,0.0010004071077383807,0.004684738618972747
PPP2CA,-0.06918018047601038,0.0010016486288672963,0.004689036438433717
RAB33A,-0.03199974646553816,0.0010027622014153112,0.004692732706074109
TAPT1,-0.03647662999358836,0.0010048777776309893,0.004701114254265907
CYP20A1,-0.02868788977726755,0.0010053190271040206,0.004701659925274341
HIST1H3F,0.04396784452242919,0.0010128754372843818,0.004735470572507097
INPP5D,0.033615544450873,0.001014650212763779,0.004742237393246394
NFAM1,0.03836094920335231,0.0010199725504121836,0.004764107533789151
WDFY1,-0.10122664347875876,0.0010199873972852912,0.004764107533789151
NUP54,-0.04508288230204638,0.0010211906965751619,0.004768190215730059
ATP5SL,0.04453639324977665,0.0010245970800395372,0.004781012921163871
SDF2,-0.05264402383930822,0.0010243399995617567,0.004781012921163871
RAI1,0.029285852578301963,0.0010269830452115678,0.004787247670818179
CPD,0.0950837777365603,0.001027140461899724,0.004787247670818179
AURKAIP1,0.06236098328688833,0.0010270177632265742,0.004787247670818179
LBH,-0.04741858804473864,0.0010273904862533728,0.004787247670818179
TBC1D31,-0.04350331514653938,0.0010275858194265203,0.004787247670818179
PIK3R5,0.03716994544357455,0.0010344856844714256,0.004817842653982035
LOC102724002,0.04163467902739537,0.001041674723923619,0.004849764288431276
ZNF446,0.03126298734393984,0.0010430627037138695,0.0048546658742261205
PTPN7,0.03587164992834424,0.0010434036417060865,0.004854692690803392
FKTN,0.05345848861564839,0.0010499342383680649,0.004880374681810992
ZFX,0.035701077785895485,0.0010497206189665521,0.004880374681810992
SLC39A8,-0.03195824447464535,0.0010497786839432624,0.004880374681810992
COPS2,-0.02570371957328277,0.001053595505872416,0.004895822042687224
ANXA5,0.09058517068364935,0.001060160254288264,0.004924746992659146
CRISP1,0.01969706099631452,0.001067730228986773,0.004958321460931202
PPIE,-0.02987243677363427,0.001069451376131293,0.004964722349963348
PGK1,0.05495309896047651,0.0010719355679720145,0.0049746602904539115
PLD3,0.026124056021418873,0.0010756660808335739,0.004990373963739104
CPTP,0.028483632375297496,0.0010831898262696092,0.00502367001078739
TGOLN2,0.06304881371799276,0.001083655843483949,0.005024222547061944
VAMP2,0.07108739878094639,0.0010862033073584171,0.00503442198520938
SCPEP1,0.06969196625258434,0.0010902309115266037,0.005051472975864149
S100A11,0.10004791923302925,0.0010918055627806384,0.005057151190059088
UBN1,0.05644181372777801,0.0010923601939803974,0.005058102637344014
BBX,0.06417598134295943,0.0010938733284823234,0.0050634903450744555
ANKRD36B,0.03652098047529151,0.0011039549504159754,0.0051085250804552675
MUM1,0.04670742231753078,0.0011097030828563356,0.0051334843347464595
NOC3L,-0.05875421008806203,0.0011166803114801387,0.005164111632017346
CLDND1,-0.09307669671502339,0.001117667623181328,0.005167027722361429
GRPEL1,-0.0410623359360871,0.0011234158694253997,0.005191944943445275
LRRC47,0.04313525995034606,0.0011287006486636964,0.0052147050064577285
MTFR1,-0.022629277815684468,0.0011303207942223773,0.005220524994743914
LCP1,0.06711673656880635,0.0011312560651868604,0.0052231791036552394
KIF5C,-0.032686957219628,0.0011324405154753468,0.00522698165269118
FCHO1,0.05854210051391018,0.0011420015990450682,0.005269433310152522
FBXO38,0.034626118588581,0.001143469796683857,0.005272848307917537
EPS15L1,0.045023190354776865,0.0011432153717559582,0.005272848307917537
PAPSS2,0.039180710262757934,0.001144429231424705,0.005275592930603254
SLBP,-0.04007881490074361,0.0011506075844732167,0.005302386335828848
MXD4,0.07439139413735951,0.0011555766321941065,0.0053235915841919335
ARHGEF1,0.035573530492393424,0.001161220474449119,0.005346191148099504
SLC22A18AS,0.03923778436786307,0.0011609454875727945,0.005346191148099504
PPA2,-0.0653277606469711,0.001162450689958636,0.0053501543671308814
RPL28,0.039339703909668344,0.0011643921084411625,0.0053573873248608
WDR70,-0.03396194918059692,0.0011666376740702407,0.005366014630432952
ST3GAL1,0.04590942631712647,0.0011683425595461008,0.005372150359512928
CACNA2D4,0.04090746220417163,0.0011702920177692627,0.005379406406020312
RALGPS2,-0.01636710686563081,0.0011724180350298752,0.005384654056643399
ADAM9,0.02236735091434916,0.0011719389028164817,0.005384654056643399
ABCB7,-0.04064338903292697,0.0011725489432928252,0.005384654056643399
TPST2,0.06052641970780215,0.0011788330874607123,0.00541179665254547
CBS,0.0824228315029103,0.0011812691067725363,0.00542126164210818
KDM5B,0.040856290585562505,0.0011881663299498808,0.0054511881922692665
STX1A,0.02711937334007697,0.0011899479746465015,0.00545682425983305
SMC6,-0.03173900856327183,0.0011901482903074153,0.00545682425983305
FRMD8,0.04470133297841361,0.0011912568731239682,0.005460178655166948
MAP3K5,0.06533807660210478,0.0011979554555993808,0.005489144833565781
TOLLIP,0.04776316887687315,0.0012033742198968827,0.005512230297592173
NBR1,0.020954092195266227,0.0012041346549723957,0.0055139697573886115
TRIM62,0.036365229131001264,0.0012079321269204521,0.005529610912236355
TMEM43,0.07524815275890084,0.001209612761750017,0.005535554894529935
ITPRIPL1,0.017310691623587893,0.0012135453209339362,0.005551797355782416
AP5S1,0.04360303260806031,0.0012161711398561465,0.005560297597751397
ZNF484,-0.02390399272270205,0.0012161438720378523,0.005560297597751397
AGPAT1,0.0519013033462441,0.0012183020693046275,0.005568282477692718
RNF213,0.03432390737657265,0.0012193590508892786,0.005571355360593158
FCGR2A,0.08526125705083487,0.0012286710280179237,0.005612132188524631
TMEM243,-0.09414842380018484,0.001229759878906422,0.00561533483167737
PNKD,0.028947092545591246,0.0012305588936544285,0.005617212422215803
KBTBD3,-0.01205838641420609,0.001232260655189053,0.005623208358461954
WNK3,0.016688050119340048,0.0012331482021808774,0.005625486160752072
RASGRP1,-0.0850417612239891,0.0012384685361846836,0.005647978047260377
RBM45,-0.035866440581507675,0.0012394280022669166,0.005650574499475612
IL18BP,0.025517427441805296,0.0012415689683045522,0.005657713899159764
VARS2,0.061584572582695785,0.0012417752337357698,0.005657713899159764
CEP164,0.03307517754100875,0.0012431406569531958,0.005662153860160405
C11orf96,0.011571237721752503,0.00124716253948801,0.005676902018210037
ELP6,-0.02666226634812041,0.0012471363982973242,0.005676902018210037
RAB32,0.06916637014665383,0.001250403478591348,0.005689866158943476
HOOK2,0.028040748905149293,0.0012529179539781902,0.0056995174765766664
PLEKHM2,0.05488547944213629,0.001253353282432998,0.005699707674335806
PHYKPL,0.02959866557093349,0.0012563355350765895,0.005711476424999787
HSP90B1,-0.08517616214538215,0.001261598786355834,0.005733604274106652
ADCK1,0.04304013958759878,0.0012664752287368417,0.0057539608572849486
MSN,0.08619938650345205,0.0012785783666084782,0.0058071273320656
KIR3DL1,0.08463844532667153,0.0012809405801151431,0.005816032402002424
XIAP,0.03492015841137164,0.0012819182779787756,0.005818647551941268
ACYP1,-0.028068759565654133,0.001283093841849234,0.0058221588989173885
PTK2B,0.04710940454311974,0.001283660825723568,0.005822907422417838
DGAT2,0.06095056328723647,0.0012859598022935833,0.005831509635698266
PFKFB3,0.07155140695060247,0.0012867902939507775,0.005833449332576858
HNRNPA2B1,-0.08208081542779588,0.0012878109559407444,0.005836249651391033
DEPDC5,0.021186511917643536,0.001290282754373676,0.005845622588160251
CEP250,0.025035963074975243,0.0012933430109104067,0.005857654837406607
PIEZO1,0.07041142820328261,0.0012970181983956953,0.005872463765415208
PLA2G16,-0.06336346160565309,0.001297918857990374,0.0058747052309789305
CCDC50,-0.026210045971144957,0.0012995751244026755,0.005880364292986052
SEC16A,0.0737721461827654,0.0013001975117559916,0.005881343148117984
NOMO2,0.04983894076026374,0.0013011773717883225,0.0058839378872875625
PSEN2,0.019902077620187697,0.0013030363959201936,0.005890505355339602
SAMD9,-0.11184490900155453,0.001311858766530357,0.005928537402316908
C19orf66,0.055766456909293716,0.0013137199867259927,0.005935096783449557
FURIN,0.0883909266858991,0.0013148190858481225,0.0059382100528295
RPS6KC1,-0.019171742359144872,0.0013161382991749438,0.0059423151886689165
CCNG1,-0.036580675932633255,0.0013168351906995837,0.00594360888192358
BCL9L,0.040812485051984204,0.0013179984572591007,0.005947006123034521
AURKA,-0.019586964739233714,0.0013190013625181932,0.005949677899319062
ALG3,0.04540392856614517,0.0013199922484825682,0.005952293812895864
CRABP2,0.018277969059909083,0.0013226200072041483,0.005962287016602827
NRROS,0.06790699308136716,0.0013243144404075442,0.005968067938662996
MEF2D,0.054525294034547755,0.0013247621595460525,0.005968228652835156
NBPF10,0.02904305283984243,0.0013315117651855344,0.00599677127081694
RBM12,-0.02267922429806024,0.0013382474975589577,0.006025233681891185
YDJC,0.028727385895171764,0.001344556815396218,0.006051759140521697
VMA21,-0.06205295444065939,0.0013488651841570341,0.006069264780158584
SCAMP1,-0.041975312629360495,0.001350509568826279,0.006074776582260815
KLHL42,-0.05363334217909177,0.0013546878882187176,0.006091679407935395
TNFSF13B,0.09648384811166011,0.0013593282549630684,0.006108752852896395
ZNF525,-0.02669231045656506,0.001359070982884205,0.006108752852896395
SEC61A2,0.023985877061494243,0.0013633472734995346,0.0061249137436002665
SPINT1,0.01957195623750696,0.001364474256741226,0.00612807601074106
FER,0.017562155417222947,0.0013683807313612441,0.006143715596105474
ADGRE3,0.0994039638323514,0.0013823159457892545,0.006202436232593421
SPAG16,-0.016315028001043785,0.0013821062726873568,0.006202436232593421
NEU1,0.04613771406439149,0.0013870502934491347,0.0062217517653506554
RDX,-0.03145270528445554,0.00138806296446464,0.0062243665564414375
TUBA1B,0.07392020552997636,0.0013894290917204962,0.0062285642106096155
LRP10,0.10654129426703918,0.0013924030905676568,0.006239964840279067
MRPS24,-0.058238024117171605,0.0013960049944644632,0.006254171462982767
CNPY3,0.055942533387359106,0.0013994537527545917,0.006267683412151362
CNDP2,0.07459705016571938,0.001402722071173688,0.006280379127938082
GAPT,-0.1087226926137621,0.001404791207873961,0.006287699584315961
RAPGEF6,0.06728908750462459,0.0014137341830610948,0.006319915403536079
ELP4,-0.025840036634877883,0.00141335343057525,0.006319915403536079
KDM4B,0.03231695295375392,0.0014135660407810183,0.006319915403536079
RPL38,-0.05693876328809111,0.001412523351025769,0.006319915403536079
PNP,-0.07559506732599885,0.0014156958133788521,0.006326731922548378
SUSD6,0.07236171344624509,0.0014270319187097908,0.006375425758973661
GPALPP1,-0.01685403027486565,0.0014306596761881495,0.0063896622725590985
NUP210,0.05155833713557545,0.0014360191540056396,0.006409916994237871
C19orf54,0.02628513569194446,0.0014360798568283546,0.006409916994237871
SIRPB2,0.026934094802937736,0.0014370385250608237,0.006410245148438858
ALPK1,0.084990735374328,0.0014370252993477245,0.006410245148438858
ZNF197,-0.011412806740344728,0.0014408337515642302,0.006423701941718013
ADD2,-0.024748032721300106,0.001440942254117773,0.006423701941718013
SMAD7,0.023034730994622166,0.0014416286271893904,0.0064247843188341945
KLF10,0.013987700604958242,0.0014457166957904171,0.006441021415511658
FAM216A,-0.02951610899845125,0.001448831068941858,0.006452911808903404
MXD1,0.10020286931071354,0.0014499493574437836,0.006455907314237861
CD300LB,0.05836198126733727,0.0014588836322322587,0.006491696015131193
PPP1R11,0.0729321775561349,0.0014588105191369234,0.006491696015131193
CDC16,-0.056194450463049606,0.001464250209239898,0.006513574947982396
PHF19,0.027943124320584545,0.0014647576006933919,0.006513831467130208
ZNF512,-0.05578906792526084,0.0014670777955866957,0.006522146958648772
ZNF641,0.09297015529664598,0.0014678872832928134,0.006523743298930074
TSC22D3,0.063181493530859,0.0014710424422949646,0.006535760347914192
MRPS30,-0.04819360100500791,0.0014757670912779349,0.006554741045712851
CHI3L2,-0.0355363719598758,0.0014764780368581912,0.006555888377024538
CADM4,0.01386712269640622,0.0014825630607579168,0.0065768586131753955
RPN1,0.049832514610898215,0.0014825028103558238,0.0065768586131753955
IL7,-0.013954280171767586,0.0014825466565769386,0.0065768586131753955
USP33,-0.025794729134288374,0.001484667982950879,0.006584179750477811
PTPN23,0.03388706923347318,0.00149295902848527,0.006618922120777671
OXNAD1,-0.04165417725650933,0.0014943773323756802,0.006620755801498432
CASP5,-0.05620646457336864,0.0014947439568420238,0.006620755801498432
TCF7L2,0.02894421762037247,0.0014941073352151045,0.006620755801498432
LOC100419583,-0.05507101134465486,0.0014973965525318452,0.006630477427964306
CMTM3,0.04522955503034254,0.0014995410330808218,0.006637943864041144
CHST7,0.0712988661471261,0.0015003983760535984,0.006639709770473669
SKA2,-0.031183595970748712,0.0015012799608471994,0.006641581842672827
ELMO3,0.027632905161148358,0.0015033419907989293,0.006648673402971509
C15orf52,0.0489226063274133,0.0015039402999303191,0.006649289164893389
SLC25A44,0.08676639834484767,0.001504869027269904,0.006651364965205154
ITLN1,-0.0853805731836399,0.0015129762660041329,0.0066837228195462586
CCDC191,-0.015005500846672959,0.001513112891831827,0.0066837228195462586
DNPH1,-0.03908074416056628,0.0015145956112803199,0.006688232571275657
ARSG,0.05389586379548028,0.0015164101438039084,0.00669420436539342
CD68,0.06704471456891525,0.0015185446140824114,0.006701584457760404
RAB12,0.040384448652039495,0.0015202287501846457,0.00670311973287232
MFSD3,0.04039037974556603,0.0015205207108057671,0.00670311973287232
KIF1BP,-0.018086569144720954,0.001520626900667641,0.00670311973287232
YIPF3,0.07233748194912692,0.0015207436786950042,0.00670311973287232
MEFV,0.07158659149565327,0.001521306381459691,0.006703559972334093
ZNF551,-0.01644959710833227,0.0015235724635781884,0.006711503516565231
TREM1,0.0822114056374863,0.001527352623182441,0.006726109879651711
PROK1,-0.018605123880448105,0.0015319506719416347,0.006744308064560073
MAML1,0.02533446972439979,0.0015350404995588458,0.0067554106614104185
RALGAPB,0.03379937349959228,0.0015358718108274307,0.0067554106614104185
LSAMP,0.02517060733654297,0.0015354109661786636,0.0067554106614104185
PLEKHO2,0.07465973807688364,0.001538495439201697,0.00676489615707267
TLR9,0.021763507564712015,0.0015433992906338896,0.006783589684256198
PCNT,0.054804388090971656,0.0015436834851773288,0.006783589684256198
BAZ2A,0.04093085841971167,0.0015458001303056887,0.006790830781725082
GLYCTK,0.033614339696778295,0.0015490567651272515,0.006801011878176147
RALGAPA1,-0.04254961087393916,0.0015489191334190871,0.006801011878176147
NPIPB3,0.0327769955628856,0.0015542590299664157,0.00682178417879805
FAM168A,0.0314998424459656,0.001563538507643166,0.006860433730597884
ARF3,0.08132849400148423,0.0015681908503954159,0.006878763257761115
SIAH1,-0.0309657664066485,0.0015751162576404449,0.006907049311433304
STXBP3,-0.0696192225275416,0.001582418197372483,0.006936968877343536
TMEM154,0.11264642390386825,0.0015844529356062289,0.006943787086027419
TPD52,-0.01789855831819054,0.0015863038219865696,0.006949795691970197
NCOA1,0.04443673442304963,0.001601615822907959,0.007014757659207402
CHAT,-0.01452083930533643,0.0016039329710886086,0.0070227826944520575
CUL4A,-0.029651897921409542,0.0016050421757407033,0.007025515525363658
CCT6P1,-0.028755933423506796,0.0016060791777888419,0.007027930758638545
MAN2A1,0.030977793361870454,0.0016067295789764543,0.007028653343973109
TARS,-0.048297616476879135,0.0016100168852446668,0.007040907175689539
SLC2A11,0.021774120430046118,0.001611002686563504,0.007043091733228431
RNASE6,-0.10759649384866243,0.0016118372201094431,0.0070446138491445905
TMEM256,-0.09088142918301578,0.001615657847888142,0.0070591819815420355
C10orf76,0.022957260657792133,0.0016178735075312325,0.007066730965947639
IL5RA,-0.033354992196842126,0.0016255204427462508,0.007097991586595326
RGP1,0.016149334921539804,0.0016282234041790377,0.007107651532890049
NDUFA7,-0.045509137773358965,0.001631481638864121,0.007119728851252766
KIR2DS3,0.022995139206953397,0.0016379854300048492,0.007145958122948866
PCK2,0.026163106988149387,0.0016425274257608482,0.007163615547943428
LILRA5,0.08991945754510944,0.0016451708153509734,0.007172984373733745
SIRPA,0.07385213380758948,0.0016462515779012848,0.007175536519507135
ENTPD6,0.023075348693495812,0.0016477379210420504,0.007179854406851101
ZAK,0.018055173044418282,0.0016508249935391624,0.007191142618472549
GTPBP8,-0.02285402817389315,0.0016533730758154196,0.007197912723207255
CAPNS1,0.06830816519861571,0.001653156316591406,0.007197912723207255
MICALCL,0.07528503841629064,0.0016602236540950882,0.007225564725334512
ANKRD46,-0.052489831077012106,0.0016608557914255786,0.007226144572847126
FIGNL2,0.022171273101315947,0.0016650857738985173,0.00724237307782166
EFTUD2,0.05497134376817847,0.00166675806822826,0.0072474703873365715
IPO9,0.04711144674524714,0.0016676288885584304,0.007249080678835626
C1orf56,0.0382422278161858,0.0016723585275446357,0.0072674590197889305
RSRC2,-0.04579438106743261,0.0016761178466080113,0.007281610944892152
COQ3,-0.025472794416683264,0.001681496668439664,0.007301623162000412
ZNF775,0.024566969970629238,0.001681732592407717,0.007301623162000412
TBC1D13,0.03623124668207822,0.0016831802987187815,0.007305718743375138
PLPP6,-0.0382672509883788,0.001686498106590509,0.007317926475691112
FAM21C,0.01583121523657205,0.0016885514926449508,0.007322449047745349
CDC23,-0.045205969945828706,0.0016881664306941627,0.007322449047745349
SEPT9,0.0741600747859632,0.001690134763919992,0.007327121197431057
PPP4R3B,-0.07153384867519552,0.0016926908010693232,0.007336006452031142
ANO9,0.02900211563067767,0.0016940473150373208,0.007339689294346561
FYTTD1,-0.022631114903600924,0.0016947670375537388,0.007340611773902019
LIMK2,0.04212272792711591,0.0016978787067956403,0.007351890938483723
RPS11,-0.06483574469958775,0.0016984348006574461,0.007352100912349805
CTIF,0.03003830723680867,0.0016991892109015948,0.007353168966447176
MUTYH,0.018566814800366593,0.0017017907925427323,0.007362227550534329
SESN3,-0.1555973417664589,0.0017059304017052433,0.00737442940484449
PCBP2,0.053725463386268046,0.0017061387003337396,0.00737442940484449
MGST2,-0.06623806541992039,0.0017059068378645107,0.00737442940484449
MSRB1,0.08677880311935127,0.0017123401936871931,0.007399026063653134
TIRAP,0.010731476529033834,0.001716477177204055,0.00741468995962527
NFATC2IP,0.014899556498097155,0.0017174912244615963,0.007416858346780489
AGL,-0.014793562729117582,0.001720605890276828,0.007428094102762914
PRRC1,-0.04959526237084866,0.001729136896616384,0.0074626992880189825
WTAP,-0.023414776510491286,0.0017364250808297194,0.007491921617735375
TTLL4,0.03686076374396574,0.0017405228953714645,0.007507365579678467
DIRC2,0.06373482744884917,0.0017433110877369746,0.007517153258345442
GPR84,0.0355096051324324,0.0017452829038317645,0.007523415946160499
HECTD3,0.036460043277513954,0.0017564490002496876,0.007569297030531531
SLC25A35,0.018746821271534486,0.0017609460930516803,0.007586419753646799
ELAC2,0.032238165059085944,0.0017663220911801995,0.007607317623744874
VPS26A,-0.04846647206189125,0.0017707929279508823,0.00762430581701563
OGFOD3,0.015546854449558722,0.0017779161366731988,0.007652700541924105
TMEM45B,0.060021804112454724,0.0017865806792420412,0.007687710801586965
SAMSN1,-0.04299714671300148,0.0017879168260080721,0.007691175321621894
COL9A2,0.05456007367272253,0.0017893839631078587,0.007695201105004224
NFYC,0.05362343185252527,0.0017899262452906652,0.007695248363547046
KLHL18,0.03208146587786498,0.0017926631217401925,0.007704727790885741
MCUR1,-0.040388536532193875,0.001798319228804414,0.007726744500149253
S100P,-0.21098720606158494,0.0018005595386517918,0.007734076025454494
RNFT1,0.03545710240061073,0.0018015726383128665,0.007736133440060349
RUVBL2,0.04096534235418847,0.0018032095487368507,0.007740867547096783
AIFM2,0.014413493291164592,0.0018170723292064734,0.0077980668492523145
SPG11,0.06729887601442641,0.0018183669553457327,0.00780131130960533
UQCRC1,0.05468672105441108,0.0018192702727521898,0.007802875519852744
SNRPA,0.04006117934227227,0.0018250796303269203,0.007825474649394646
SPATA20,0.07281956157432301,0.001828077572098324,0.007836009338346293
TRIM28,0.06205268372367989,0.0018317204582877112,0.007849301514153613
COA1,-0.032192695133314686,0.0018357340852043179,0.007864174058000398
NBPF1,0.012748514393436494,0.001836941087297697,0.007867017950449392
HIST2H2AA3,0.09951887905172363,0.001841570959524144,0.007884514861882264
NMUR1,0.03425630785691958,0.0018438713731760447,0.007892031019232219
PTP4A2,0.015277493611136173,0.0018490772461115027,0.007911974839787003
MDFI,0.039055843988017536,0.0018496680615608576,0.007912165447031145
GDAP2,-0.026763296916747947,0.0018505151000984545,0.007913451641519343
LINC00921,0.0446989645426461,0.0018515393712201205,0.007915494761733243
NUDT18,0.050802818859322585,0.0018637090614651076,0.007965170270363121
NUAK2,0.070825990002092,0.0018691465476624541,0.007986052683287016
CNTNAP3,0.022273004604916657,0.0018727637313767915,0.007999147710192112
FCHSD1,0.01475880776330829,0.0018796112292428458,0.008026028609773991
CTSB,0.09473075650396368,0.0018824185376326117,0.008035646949328248
ADK,-0.021923931435411603,0.0018965825364505788,0.008093724648777308
UNC13A,0.012425890427066655,0.0018972944047540824,0.008094377660812408
AGA,-0.040787369683068064,0.0019015773899737412,0.00811026116501168
BPTF,0.015286645691149126,0.0019038343571599,0.008117496858729464
ILK,0.041095111367720705,0.0019091820581440975,0.008137902569205152
IMPA2,0.0930128040080973,0.0019112130242430574,0.008144162825282861
RNASEL,0.0528132703548323,0.0019150795708314328,0.008158238971741904
AAMDC,-0.031550280290357335,0.0019212436650738068,0.008182091515709797
ANKHD1-EIF4EBP3,0.03133732781211762,0.0019269232913322928,0.008203867416712795
CASP9,0.028465387004447784,0.0019330450228002697,0.008227512227516635
IPO11,-0.04447198024181098,0.001948420429291502,0.008290517478806733
THRA,0.016939960895290262,0.0019581139958927303,0.008329316627462644
NAPRT,0.08121028587253853,0.0019629686925441273,0.008347515720143611
TAX1BP3,0.05811493546210755,0.001964201430844957,0.008350306288335297
PLP2,0.05570630087390782,0.001968395910142395,0.008363065890605738
RNPEP,0.07283498625995133,0.0019689350101467526,0.008363065890605738
ODF3B,0.017121364073688028,0.0019684891394079387,0.008363065890605738
SLC16A12,0.047280214530081466,0.0019755049247003214,0.0083885116767398
UBE2Q2,-0.07791619849065778,0.001979437402167509,0.00840274658059619
MBP,0.07631075194513492,0.0019896210627867858,0.008443501750191564
TGFBI,0.09523111744633894,0.0019948202459875108,0.008463086245718543
CDK9,0.04136173458411907,0.0019959183786914976,0.008465265533519077
ZER1,0.039393133344927556,0.001998499122398491,0.008473729885485873
PREB,0.03423920602430908,0.0019991246863514233,0.008473901655579168
TMEM114,0.04264870711654556,0.001999814965094406,0.008474347558346218
IL10RA,0.06535358166569516,0.0020053959806740685,0.00849551195790676
UBE2J2,0.015709656213807932,0.0020117439804398897,0.008517783514936
ARL14EP,-0.06899052729348654,0.002011829425890365,0.008517783514936
CDIPT,0.058785905286748985,0.0020125741292412827,0.00851844643130647
ACTR3,-0.10720058888188078,0.0020229752093792117,0.008559968721194421
ANKAR,-0.02198214794988118,0.002024912889488158,0.008565665388827828
ZCCHC24,0.037396092803976266,0.0020308356853720746,0.008588211406402665
EVI5L,0.039225075064369896,0.0020381697049210667,0.008611683198972207
TNFAIP1,0.028864090396225173,0.002037888195367402,0.008611683198972207
RALB,0.08028095437612848,0.002037412848145001,0.008611683198972207
XRCC3,0.02449762908607589,0.002040385939219799,0.008618533083598591
DAAM2,0.05181338468293717,0.0020428963414521706,0.00862662116897762
SC5D,-0.0454734750807102,0.002049693654763862,0.008652801776624825
RNF122,0.04013107286140016,0.0020522878241213843,0.008661228684316472
TIMMDC1,-0.016043224932661637,0.0020604640286667982,0.00869320157040778
ISOC1,-0.04800030977864722,0.002063408443474733,0.00870308907841818
DAPK1,0.046264712466653535,0.002065441923851006,0.008709129788954285
USB1,0.06759796502263882,0.0020676644235067205,0.008715963768938108
DHX37,0.028339336321111297,0.0020691687434370508,0.008719767262130416
MS4A6A,-0.09970591846131605,0.0020715552098845304,0.008727284950543205
CC2D1A,0.027445447346743812,0.002091506716423097,0.008806216069962831
SEPHS1,-0.03023858286834802,0.0020911963938003543,0.008806216069962831
PRCC,0.026487224658753306,0.0020950261275568347,0.00881847091878326
AQP12A,0.021030870678924174,0.002096008232340831,0.008820041614533584
KIF15,-0.012861920269203075,0.0021171772453016688,0.008906533610499381
ACAD10,0.035504709889339736,0.002122968827119316,0.008928304440184718
TSHZ3,0.05445152687057497,0.0021242924988628966,0.008931277954580609
CRY2,0.04014764205330312,0.0021261574833641023,0.008936524953292413
CTSW,0.10679320027094974,0.0021289726623678353,0.008945761543874595
GRAMD3,-0.018131475049037782,0.00212994056940746,0.008947232948752219
C8orf33,-0.025840088231711356,0.002132863346470067,0.008956912934262816
C1orf122,0.032212274011719444,0.00213846261170953,0.008977823903768358
RELA,0.04308657536517657,0.0021443625280416663,0.008999984600450737
EPOR,0.043646945539229876,0.0021531130168577404,0.009031476668452798
SHMT1,0.019066398379427696,0.002152878968520649,0.009031476668452798
RYK,-0.03271660745358229,0.0021614016224316386,0.009063606989012951
EPHB6,0.046274534078063034,0.0021620244509140945,0.009063606989012951
NDEL1,0.05942456907465399,0.0021638326261073644,0.009068562429554129
STT3B,-0.04403520711305475,0.002164855924452493,0.009070226557642438
BASP1,0.10823428207563168,0.002165865797498167,0.009071833490735527
TOR1B,0.050637463193463184,0.00216709234912436,0.009074346801016835
MED30,-0.05955565121287876,0.002169979370982336,0.00908380959806594
NPR1,0.027341867590006785,0.0021936631172929802,0.009180299506174957
SELT,-0.03427366548950861,0.0021973290693635106,0.009190330418903
ANXA3,-0.08047262157250668,0.0021967407656910765,0.009190330418903
REST,-0.01263858940796414,0.002200506534277315,0.00920096323397016
GNG2,-0.07764204487022752,0.0022033624835941642,0.009210245948738203
ETV6,0.05525692134118465,0.0022043804537276138,0.009210691020310574
CES4A,0.024939958120958394,0.0022047408013957993,0.009210691020310574
BPNT1,-0.02007462437452734,0.0022054806622193307,0.009211125118680734
SIPA1L2,0.09032331852806319,0.00221849055963261,0.00926278964131413
INTS9,0.040433176284224714,0.0022271128968016697,0.009296110431491464
FAM98A,-0.044858633755323396,0.0022286130084614997,0.009299691966164321
MEF2C,0.05086520732458322,0.0022294393432458633,0.009300460670383953
C6orf203,-0.020444789839441313,0.0022313483448037283,0.009305744148038352
FAM222B,0.038541133015028706,0.0022343341873094467,0.009315514210993098
EMC2,-0.019668756064696424,0.002237455239609514,0.00932452227345126
CXXC1,0.06928106702448211,0.0022377823406874195,0.00932452227345126
CUL9,0.0319549855988388,0.002243120117685985,0.00934407586556336
CD84,0.03318373995562229,0.0022485142615090844,0.00936385295103438
ABCB9,0.03306490456995714,0.0022528977869659943,0.00936969169583596
LINCMD1,0.02028398002256271,0.002252247985753703,0.00936969169583596
CYP21A2,0.013383123973260247,0.002250711515182576,0.00936969169583596
UBE2M,0.06291651036329071,0.002252331824020646,0.00936969169583596
RBMS1,0.03588624337109003,0.0022531507992679264,0.00936969169583596
PKN1,0.0347035804285456,0.0022557107986939367,0.009377645008117962
LILRB1,0.03959384178956782,0.0022796966325821177,0.00947464161443885
SLC35E3,0.05463202767034048,0.0022941267700929283,0.00953187955766666
OSBPL10,-0.05107361338369554,0.002300325048651573,0.009554891885480178
UBLCP1,-0.07054346950784485,0.0023037389314423855,0.009566328750863391
B3GALT4,0.05632587456541405,0.0023080117538647536,0.00957857943924845
TMEM209,-0.06551761151243163,0.002307562225158755,0.00957857943924845
PHF2,0.023076392895134745,0.002315413544449816,0.009606545338817283
IFT122,0.016411081232199365,0.0023246377291800675,0.009642054086324198
MIER2,0.025218210789055284,0.002335236975191473,0.009683244302511678
TOPORS,-0.0435534637680286,0.0023440843823839255,0.009715688568807482
ZFR,-0.06998661964372133,0.002344402896160049,0.009715688568807482
SNORA10,0.024394862481483592,0.0023528113871624247,0.009747746033083685
EXOSC10,0.042759089899703895,0.002355097459767948,0.009754427111032016
CXorf57,-0.037557049724156855,0.002356331729582875,0.009756749219919487
KLHL12,-0.03477108222426217,0.0023577752821532256,0.009759936320865196
TTC38,0.09101692019632424,0.002359441285311896,0.009764042164702143
SFSWAP,0.02804046983431263,0.0023606844323336373,0.009766396263330592
PBXIP1,0.04459623918383038,0.00236666038482666,0.00978832353336075
SNORA25,0.05437841494422102,0.002368126731044869,0.00979159222736337
PRDM8,0.050817214542660416,0.002377523999660002,0.009827642012293226
DNAJC25,-0.028958453303231657,0.002379019507381991,0.009831018129791943
WWP2,0.025387462941292682,0.00238458167621802,0.009850878028956995
DKFZP564C152,0.034582287260111144,0.002385185670225917,0.009850878028956995
ZNF77,-0.017809295577758455,0.002388161265655341,0.009860355693201813
C12orf43,-0.028137836250170523,0.0023937546307996158,0.009869079509846578
GIGYF1,0.025917367325171803,0.002392828644855038,0.009869079509846578
AGO2,0.086388866432479,0.002393469479311309,0.009869079509846578
RAB1B,0.04994511310421945,0.0023913247432809062,0.009869079509846578
CBX1,-0.0418332375271353,0.002394362427340574,0.009869079509846578
H2AFJ,0.06431014556468373,0.002392878875875108,0.009869079509846578
INHBB,0.019558563667074758,0.0023962837801273554,0.00987418898189605
SLX4IP,0.049056898237820334,0.0023982186785756897,0.009879351348262311
PRKRA,-0.04515581024135695,0.0024019527412547093,0.00989192024575866
HCN3,0.017625717759639947,0.0024036939935513342,0.009896277374246027
TUT1,0.03056651364644747,0.002423914384517883,0.009976691089899691
ARHGEF12,0.029952158856477062,0.0024283110124394304,0.009991947927321792
UAP1,-0.027383420107306655,0.0024305993985054663,0.009998523626229246
ARL6IP1,-0.0473644003485294,0.0024338367069843534,0.010008997973867511
LGALS2,-0.08321792798089778,0.0024381292435007337,0.010020226909560349
GPS1,0.02975090907836897,0.0024393344437385936,0.010020226909560349
AKR1D1,0.055444529513213325,0.0024388882443597973,0.010020226909560349
LARGE1,-0.014889889206710194,0.0024387600428504063,0.010020226909560349
CLN6,0.026163792896093163,0.002446336235763135,0.010042197873126107
KAT8,0.05767837680776111,0.002445630007432159,0.010042197873126107
MED22,0.04891902284636984,0.002446763069197876,0.010042197873126107
BCL2L2,0.028801874383539428,0.002458787956272109,0.010088692566188448
KDELR1,0.048114227069576465,0.002459848947213066,0.010090187525186646
ORAOV1,0.03644731462283968,0.0024666228022455256,0.010115108909321685
AARS2,0.034746032290618345,0.002468915571755401,0.010119351246737577
KIF21A,-0.030907577280420817,0.0024690546331103697,0.010119351246737577
TRAPPC3,-0.04707528219629786,0.002472481239512263,0.010127135398972822
UBXN4,-0.0939981613922054,0.002473051498630687,0.010127135398972822
FBLN5,-0.039380568943384375,0.002472549626892829,0.010127135398972822
HCFC2,-0.017993204408097263,0.00247588823170201,0.010135886135661932
LARP1B,-0.014577771965299746,0.0024807137654303656,0.010152771454787629
LOC100130705,0.013787120904781958,0.0024917834409695205,0.010192316113810374
STAT1,0.0991747825138507,0.0024913887309490432,0.010192316113810374
ACTR2,-0.09374401094985174,0.0024951449858967513,0.01020318463459304
SEC63,0.017927035506723143,0.0024961032964693052,0.010204222451612028
MME,0.03699088309287202,0.0024968828856473165,0.01020452926515681
FCRLA,-0.11944512508952698,0.002504152536204918,0.010231352703636681
HMGN4,-0.08994153220190171,0.0025156380320226685,0.01027248414316784
ZNF689,0.04600390602133153,0.0025150362720455345,0.01027248414316784
CECR5,0.03200613231370042,0.0025198545693519837,0.010286802024378278
CPSF4,0.027167834032339577,0.0025212942977935106,0.010289597754885254
TXNRD2,0.037560179473068445,0.0025219602340405033,0.010289597754885254
NPRL2,0.05055323555616553,0.002524666246526874,0.010297737514698745
ETF1,-0.02964315810503848,0.002527171427734081,0.01030505376106431
ARFIP1,-0.02588720722138138,0.0025328544461656172,0.010325320517383283
N4BP1,0.04297840762265537,0.002540775641547196,0.010354697352889585
VPS33A,0.030130912363060425,0.002545447436106031,0.010370818752337483
PRKAA1,-0.048756524982628946,0.002565651864417034,0.01045019730152315
SHTN1,-0.07425218742032147,0.0025850118664770424,0.010526092739402158
SYVN1,0.03158369039969244,0.002596233793156012,0.010568816824078606
UBXN11,0.016867821932949667,0.0025976979425483414,0.010569587417571587
KIAA1324,0.16175485034360015,0.0025978825743271784,0.010569587417571587
WRN,-0.022209747497846877,0.00261089383679812,0.010619541233413077
GAS2L1,0.01956395343657391,0.0026151648820058344,0.010633927049683465
APOL1,0.014988801837297672,0.0026186245279517704,0.010645006360610002
RPL39L,-0.021367406812283996,0.0026227820056875114,0.010658915423787293
GSPT2,-0.03787181460927247,0.002625067022376881,0.010665209187126717
OSBPL8,-0.08115072858954875,0.0026264933245996923,0.010668011585390337
NAA60,0.03425258476132509,0.0026348735810416747,0.010699049326551056
PCF11,-0.05701772185299259,0.0026367548297692544,0.010703687487213532
MECP2,0.02929057931592638,0.002644158882953964,0.010727730325127511
SULT1A4,0.01685556888287376,0.002643867300343533,0.010727730325127511
ABCB4,-0.016247687236175423,0.0026454412418263624,0.01072992745634641
SLC35A2,0.019972510693942347,0.002651657613403364,0.010752130143486653
ISYNA1,0.028454205341867045,0.0026558976397335937,0.010766308820011578
POLE,0.026480293214269146,0.002657252550712214,0.010768787337581338
CYC1,0.0512521150423062,0.0026807896086884263,0.010861134739088998
MICALL1,0.0269895702038756,0.0026838107628525303,0.010869856704544758
SPDL1,-0.019712487450714633,0.002684443346600152,0.010869856704544758
OXSM,-0.01911955002190613,0.0026885447160124275,0.010883421371359418
DCAF1,0.0234498734072357,0.0026929131413117864,0.010898059217312074
PIN4,-0.02794618553375461,0.0026977024896615766,0.010911343998955117
NIPSNAP3A,-0.01962518834828053,0.0026974044377367982,0.010911343998955117
ZNF671,-0.037348385521444705,0.0027074432149491647,0.01094768495961019
VOPP1,0.040559390879646884,0.0027146609556602864,0.01097380666530382
PRPF19,0.054162799999441624,0.0027159370408711804,0.010975901813609983
ARRDC1,0.030640231826346565,0.002717656887673979,0.010979788664175708
AAR2,0.04894451263032451,0.0027258684893888005,0.011009893809343946
TJP2,0.017423523540453623,0.0027310414350792756,0.011027712335012051
SNORD35B,0.025753660510734022,0.002734149212564283,0.011036629908341138
OSBPL11,-0.05262017289889176,0.0027347738705493195,0.011036629908341138
TRIM60,0.02078060273575133,0.0027402628469877207,0.011055701135312018
ZMYM1,-0.03954175988935216,0.002747084641550368,0.01108013755171694
EMP2,0.022214518497190916,0.002751759791357063,0.011095904459358492
RBM39,-0.04102964786373153,0.0027571125161842697,0.011114394011804331
ZNF529,-0.04890336432801945,0.002760606394524336,0.011125382030687391
WDR53,-0.027806700929582817,0.002781145177012947,0.01120503664641322
PKM,0.06580191831660631,0.0027973698422487088,0.011267270521448915
ATMIN,-0.02140415075155566,0.002800781750090696,0.01127787680520257
LACTB,-0.03388025506548509,0.0028063640146288927,0.01129517354260544
TMX1,-0.0933270968517581,0.0028072527834450936,0.01129517354260544
POLR2K,-0.01990999639883384,0.0028074167877229763,0.01129517354260544
ARHGEF18,0.06891673675306897,0.0028107185931365874,0.011305317440430528
PRMT5,0.03555210944229881,0.0028124619550718333,0.011309189049766915
SLC25A34,0.016384784459778423,0.002817351273228276,0.011325705201620413
OLAH,0.02428898987978556,0.002820201526524811,0.011334017455656317
CARNS1,0.04864599111262713,0.002826614338814238,0.011356638580689436
C19orf35,0.05560306684900418,0.0028295586742656605,0.01136531554022846
MLKL,0.08291512672322021,0.0028304774398504344,0.011365853961406623
ITM2A,-0.062303736887624694,0.0028317586612069327,0.011367847131075724
VPS53,0.020719832182492404,0.0028446959185864902,0.01141080351389625
GBGT1,0.07614651673218287,0.0028439939582806644,0.01141080351389625
NCKAP1L,0.05864947125630415,0.002844822665608904,0.01141080351389625
INTS4,0.02122820423472671,0.0028466068809270065,0.011414799020860122
IRS2,0.09601988988676702,0.002850030385200695,0.011425363990934643
UBASH3B,-0.04629970274271056,0.0028556004925029623,0.011444526157557528
METTL7B,0.014442170272379151,0.002861345769014443,0.011464379562491063
STAT4,-0.08732397271792891,0.0028676842152175253,0.01148659794613126
EPRS,-0.05522904604221601,0.002872938747567189,0.011504463594073311
LENG8,0.03533877430447241,0.002881916476146335,0.011537224499862773
TP53INP2,0.056360286026378326,0.002884560360105947,0.011544617920910343
PARP14,0.09478133228812524,0.0028918584831346505,0.011570629356276873
TIGD5,0.038024297793585404,0.0029015759234083524,0.01160630369363341
TAF5L,-0.012046160891689972,0.0029054328078579163,0.011618522581174505
MCL1,0.07427044020104034,0.0029105695903249105,0.011629285513961092
DECR2,0.028250351885492186,0.002910754841943702,0.011629285513961092
GPAM,-0.015408590451754023,0.0029103031944535513,0.011629285513961092
MAPKBP1,0.015142676800350863,0.0029113359067676693,0.011629285513961092
HIST1H1D,0.013203213489648924,0.0029127440631335723,0.011631702511835307
FBXL3,-0.02606463864202624,0.002913662696378041,0.01163216386282788
PTTG1,-0.042385334825512544,0.0029173166785850537,0.011643542235499012
MAPRE3,0.029691021529695938,0.002923963382212163,0.011666855544892827
RFC2,-0.015535970870423021,0.002928934052187511,0.01168347034202256
MKRN2,-0.048440964178154466,0.0029474611265968703,0.011754137378201836
GALNT1,-0.03257450244988913,0.0029490364812641873,0.011757182602430633
HINT3,-0.03814919735862965,0.002953077474918773,0.011770053425075262
SLC25A22,0.03602232224355184,0.002958517687431763,0.011788492485491514
PYCARD,0.05001162540672688,0.0029647484817103766,0.011810070684569057
ZNF83,-0.07188479614818633,0.0029710188064818945,0.011831794444070322
ACD,0.043864916944223786,0.0029767887756041982,0.011851514190723255
WDR86,0.026909806489805455,0.0029803296664946497,0.01186235089021943
POLM,0.038268004178413584,0.002984198166729053,0.011874485232665823
JMJD8,0.05911828063799618,0.0029968426150277054,0.011921523876973712
ASMTL,0.03340333843491461,0.0030062539381134307,0.011948707357887283
RGS12,0.02274100218764108,0.0030054207373613434,0.011948707357887283
CEP290,-0.015292054259330001,0.0030079817616880645,0.011948707357887283
SMG7,0.03707298351227717,0.003008281492946418,0.011948707357887283
KIR2DS5,0.0771362368850097,0.0030086257756293095,0.011948707357887283
ZNF443,-0.027818366105453407,0.0030061560094800945,0.011948707357887283
SEC23IP,-0.03485086665218695,0.0030138546105626736,0.011966192483385351
MICB,0.05464928932663238,0.003015868057407102,0.011970905164013283
ST8SIA4,-0.0566254029053459,0.0030195304652747947,0.011982158701106884
KAT5,0.014733387754415794,0.003029157430807639,0.012017068262891768
OLA1,0.010930538902917064,0.0030332672459512486,0.012030077434380582
VPS41,-0.024117424817978517,0.0030384990861847057,0.01204752826835458
WDR49,0.01277143708143047,0.0030406195893447883,0.012052636598814974
FAM214B,0.0841450827773258,0.0030466225881109724,0.012073127651490925
FAU,-0.10571957660045683,0.0030501740319912336,0.012083895152998092
HLA-DOA,-0.07506062902808353,0.0030524854197015016,0.012089745370236958
GZMK,-0.1626028848372254,0.0030760114337602374,0.012179592566042449
ZNF322,-0.01786611867267851,0.0030779408821105594,0.012183901540445298
TBCB,-0.05023139536601029,0.003084955142414844,0.012208330678343335
BIRC3,-0.05916514641981685,0.003101205881204375,0.012269288714385188
KIAA1024,-0.0105178654203959,0.003104735564975384,0.012276837705925964
DCP2,-0.11053444912694133,0.003105087406738931,0.012276837705925964
SSR3,-0.017825766448108737,0.003105656818179559,0.012276837705925964
EID2,-0.029522073456938358,0.003112408873198892,0.01230017192889843
CCDC117,-0.028121689855415966,0.0031145544773721716,0.012305293794396764
CEP57,-0.02831575517042495,0.0031184246736586717,0.012317224699556093
BSCL2,0.05824364441863494,0.0031212272510356028,0.012319748006518649
P4HTM,0.027029388275987998,0.0031216152432976692,0.012319748006518649
TGFBR3,0.10560614928112777,0.0031206706655424275,0.012319748006518649
GPATCH3,0.02973285888177113,0.00312351414177511,0.012323884181277767
FAM220A,-0.02362992822317178,0.003126105641414016,0.012330750030021953
HIST3H2A,0.05272572860562175,0.0031350883810443257,0.012362815167722845
STRBP,-0.028596913322855855,0.003139995349967808,0.012378794950716856
GLG1,0.07121017888193748,0.003142852348555818,0.012383317033863566
SSR1,-0.08298336437610132,0.0031423286964354256,0.012383317033863566
DGCR14,0.0245511553340636,0.003154954504185803,0.01242762062513657
ORAI1,0.05046636914899416,0.0031604210538799353,0.012445769044153612
POLR2J4,0.014886261627918174,0.0031663011533745616,0.012465535717715996
ARMC7,0.0326222958212492,0.003169574044039882,0.01247503001463958
LDHA,-0.06055851816276636,0.003173142455250784,0.012482290961937087
TDRD3,-0.020471028682475634,0.0031731021092880002,0.012482290961937087
NFXL1,-0.07578728054805506,0.003191638687464365,0.012551641256919321
RAB34,0.037866170768723784,0.0032054105361653193,0.012602379534695571
FAM104A,-0.1397919865419528,0.0032085391733589095,0.012611256821419387
NFE2,0.09628815604057372,0.003220058512056412,0.012653100241081138
CCDC71,-0.037756504247432154,0.0032303650955939436,0.012690156779111113
LIAS,-0.026776757122467743,0.0032345762538232683,0.012703254463225656
SDSL,0.030104803976474415,0.0032365809826983764,0.01270768201501851
PEBP1,-0.0717983059720968,0.0032413084807604814,0.01272279458952163
EMC4,-0.052444204236586245,0.003252665094709488,0.012763912552634035
AP5B1,0.052203103170756826,0.0032636561428921775,0.012803574099038543
CDC123,-0.049600212464996574,0.0032662859781893683,0.012810421366936043
OXER1,0.03826534175534757,0.003268122284662482,0.012814153538454626
PLGLA,0.047145860243805515,0.003283757660728236,0.012871974548846487
CEACAM1,0.07032774064121661,0.003295364482621655,0.012913977047156942
CRELD1,0.020408564056800138,0.0032982695633036437,0.012921865392180138
CTDP1,0.02901211776351431,0.0033005458724413793,0.012927286754040276
TSPY2,0.012731166226362056,0.0033033510665175527,0.012934776114474245
BOLA2,-0.034660992703202886,0.0033137877363474165,0.012972135560339455
NDFIP1,-0.039892956204266916,0.0033172104458920166,0.012982025425101315
CCDC28A,-0.053658509511326,0.00331900857913943,0.0129855538250285
CD79A,-0.08755831651328272,0.0033214121140338997,0.012991448301287335
DNHD1,0.011431379848434453,0.0033387781639799396,0.013052324676676233
FRMPD3,0.03154493163527672,0.003338178013214936,0.013052324676676233
CRLF1,0.019440190176104544,0.003349324480197978,0.013090020445544392
ZNF791,-0.050671873424922964,0.0033532908632538322,0.01310198674490653
DESI1,0.038175801494877426,0.0033553274535878174,0.01310640853229934
CHD8,0.07884948635935274,0.0033696841979339517,0.013156826818940247
PPAT,-0.024760467934882513,0.0033700516085520796,0.013156826818940247
IKBKE,0.051386125531265314,0.0033833923937135408,0.013205350425908629
VHL,0.0392399546910962,0.003385881724296005,0.013207947992109706
GPR35,0.02043653448084104,0.003385086695965632,0.013207947992109706
ARMCX5,-0.020721571294778585,0.003389902730779395,0.013220073008241452
NSMAF,-0.06340630567449068,0.003398989357037891,0.013248375093470615
PDE4C,0.04574100233097411,0.0033987980707130025,0.013248375093470615
FKBP5,0.10944792826381011,0.003409636266978409,0.013286298544771397
ENOX2,-0.010791841342328468,0.00342138925046706,0.01332851046362692
MARC1,0.0952401817947024,0.0034276525847623954,0.013349319719736095
ZNF606,-0.015117593453493505,0.00343701914533584,0.013382200349743092
BRD7,-0.032066012191989124,0.003444619059697572,0.013408186632802912
DUBR,0.012192311462776217,0.003461317295092693,0.013469564670102784
HIST2H4A,0.025532585266518026,0.003463148258226877,0.013473069936115523
ZDHHC18,0.08787336483651487,0.0034652347833718363,0.013477567293866186
CASC3,0.07832321820298205,0.0034676497643920845,0.013483339379182538
GNL3L,0.07320998007515378,0.0034742876410447927,0.013505523937974443
CYTH2,0.022979806495233568,0.003475373725678169,0.013506121020317306
FBXO32,0.026149432414477758,0.003477087078111451,0.013509154838885798
SIK3,0.060897213659334426,0.003478289577408775,0.013510202799460634
RASSF7,0.06230964693928165,0.003489984951023791,0.013551995182474153
ZNF496,0.011392806389279642,0.0034949474372813582,0.01356762762840611
LACTB2,-0.030605522229119053,0.0035243927108648933,0.013678270102938669
ZDHHC11,0.01201710255377808,0.003535942425848772,0.013719418723812916
POLR2C,-0.034346363728109175,0.003537068299019542,0.013720111741563751
SYNGR1,0.01577934077647125,0.0035405331730464654,0.013729874826882198
HCFC1R1,0.028217545342342554,0.0035461511357457775,0.013747979938474797
FOXRED1,0.03906984211113507,0.0035618174612947998,0.013805021169225015
PTPRC,0.05700017170127758,0.0035639910116262497,0.013806056649477027
PPP1R35,0.03870460212772997,0.0035632420785023807,0.013806056649477027
FDX1L,0.024176105211844323,0.0035836682183795912,0.013878569645724599
S1PR4,0.060645947303143544,0.0035871768912156743,0.013888444290929652
SH3GL1,0.03619717428728375,0.003589239944873509,0.013889006508562092
FAM84B,-0.040908413789881415,0.0035890407781328975,0.013889006508562092
ILF3,0.024914101856707838,0.003594409301164791,0.013901624977281184
SLC3A2,0.0317517360085704,0.0035944204321953902,0.013901624977281184
TNFSF12,0.023318835159301443,0.003598032010977946,0.013911878175922203
PCSK5,0.041916975897443365,0.0036041564498786325,0.01393183934348602
RP9,-0.037653067746711955,0.0036093844870677696,0.013948325749917176
DOLPP1,0.02559691805829445,0.0036260729396350474,0.01400907987668019
CEP85L,-0.02538546260691188,0.003628679491275842,0.01401167522037838
DCUN1D4,-0.028088879115458987,0.003627832994090814,0.01401167522037838
SIDT2,0.09016319702499942,0.0036303924355147892,0.014014553314497923
ACER3,0.04360539516729833,0.00364220614734472,0.014052667511491989
GFM1,-0.04309109389868215,0.0036417713614497658,0.014052667511491989
USP47,-0.023727398491114826,0.00366230442492365,0.014126449345031728
NSUN5P1,0.04934174200486918,0.003663284759915329,0.014126468706766142
C12orf4,-0.029842054656424644,0.0036661980183689147,0.014127589869208333
LOC105377348,-0.019875022192406888,0.003666381497522606,0.014127589869208333
UNC45A,0.030225923412944056,0.0036665016789805393,0.014127589869208333
PCTP,-0.04983977422704555,0.003680882778786624,0.0141788690033898
NPEPPS,0.02052391405633447,0.003681767904014709,0.0141788690033898
DDA1,0.03846955335862212,0.003697890069605229,0.014237171655545491
MIS18A,-0.01704833664890426,0.003725029635393692,0.014337849917364398
B3GAT1,0.019643676411723376,0.0037532775428356572,0.014442739620199697
SPCS3,-0.03814562053365034,0.0037730506336833263,0.014514970884002469
ATL2,-0.02345213548743441,0.003775986267221442,0.0145224070882728
ZNF627,-0.03224491378878103,0.0037805118748164336,0.014535952746174998
TBC1D4,-0.05393819296010527,0.003782012843289278,0.014537864655573754
ELOVL1,0.033110179227588965,0.003794723633828144,0.01457898597145009
RRAS2,-0.028831444810924367,0.003794184514865871,0.01457898597145009
CDKN2C,-0.011602085014673413,0.0037957396626486237,0.014579022347865993
LRSAM1,0.03737288587171417,0.0037999040514135876,0.014587280752895415
TWISTNB,-0.01900929261933726,0.003799669332649359,0.014587280752895415
AUH,-0.026554602669851768,0.0038218306118443573,0.01466756613194321
CD53,0.04876120531801398,0.0038245958776984934,0.014674290514592047
TFB1M,-0.033829748624504496,0.0038330332550729623,0.014702768449808471
KCTD21,-0.03455265218536496,0.0038573917728894217,0.014792285527807885
MPEG1,0.0482681556222202,0.0038668645512318694,0.014824686649031868
RHOQ,0.05034736268308926,0.0038702967339910837,0.014829994152149964
JAK1,0.08950473229098321,0.003869634343250008,0.014829994152149964
MIR503HG,0.016213684070915946,0.003885902104400036,0.014885851912226956
LNPK,0.023360118282321096,0.0038916756353876416,0.01490402694419741
NT5E,-0.022032832348009457,0.0038954300893361796,0.014914461912224484
DCLRE1A,-0.018834745989746438,0.0039007733622584387,0.014930972880272524
RHOF,0.03427669691344182,0.003906030911905622,0.014947147087989705
C6orf120,-0.027086854409924754,0.003907318871785122,0.014948126396971927
SRC,0.026109194132676095,0.003911420271481399,0.014959865648834586
CTSK,0.03090800423818596,0.003921246428626454,0.01498953108266708
CSK,0.0640307567624756,0.003921094677498304,0.01498953108266708
SNU13,-0.03198821498472526,0.003928706396398587,0.015014085341803995
PACS1,0.0836521162282331,0.003944703535459231,0.015071244000947375
ZDHHC19,0.043929129490283714,0.00395507745086265,0.015103125545479617
CYB5D2,0.029331031674799668,0.003955133609086177,0.015103125545479617
TUFM,0.05087845622187004,0.003959026369150681,0.015114005780384417
ELMO1,0.0220776060713348,0.003966692052284932,0.015139280022475615
OTX1,0.03413090354094006,0.003994059107258513,0.015239713411362566
ALPL,0.1496926052026062,0.004015293384149303,0.015316699862001187
COMMD5,0.015311283817351473,0.004027319076644088,0.015358528042683773
TRMT13,-0.060329107375785895,0.004062565862178966,0.015488866530086904
B4GALT1,0.0421855357726022,0.004072037967208528,0.015520894188696926
TLR6,0.05626166049460757,0.004084808730898799,0.01556547478514554
TYMP,0.08365311417663435,0.004088957031432672,0.015573087994549258
PPP1R3B,0.018090913412915022,0.00408797131987418,0.015573087994549258
SERINC1,-0.07646765325988447,0.004094079395109464,0.015580306347547417
PI4KAP2,0.03857822477986872,0.004093930007058342,0.015580306347547417
RNF113A,0.035682016743169065,0.004092610705971391,0.015580306347547417
SRRD,-0.09780530442882185,0.004120790459347727,0.015677837933594032
MAP1LC3C,0.018493574344147667,0.004130873241664062,0.015712071437043663
ZNHIT6,-0.04222284359834383,0.004139739773245226,0.01574166208340348
PFDN2,0.031496651646518714,0.004144624640160178,0.015756100600545934
ICAM1,0.038699653691952385,0.004151948200112007,0.01577979998174293
IL1B,0.08824318588930602,0.004161697501706378,0.01581270372893892
TMEM170A,-0.029388963753685715,0.004171440793888132,0.01584556739015885
PREPL,-0.023877662640353847,0.004187035377967264,0.015900634613130005
PRKRIP1,0.03166884261792635,0.004188829328829845,0.015903277588144554
CYP4V2,-0.06466791357456536,0.004192447298197281,0.01591284241800037
NMI,-0.08438351882253592,0.004200779517465951,0.01594029094340499
MFF,-0.04155576053223786,0.0042029534219768724,0.01594382970086719
KIAA1024L,0.020207175193221794,0.0042039136721632,0.01594382970086719
EAF1,-0.03526482986935342,0.004220035549365133,0.01600078400445146
CD300LF,0.06772615496973522,0.004268426247843319,0.016180027682220006
RIPK1,0.041800652320205245,0.004276153917233916,0.01620507936609525
EHD3,0.023718088007787408,0.004277292262707408,0.016205153317565814
HLA-G,0.10317722965810994,0.004285006627315449,0.016230134934633097
LARS,-0.040072426737901345,0.00430581766072075,0.01630469620859591
PRDM11,0.023856108637895446,0.004319380564953474,0.01635177943094253
NPHP3,0.05095839799694524,0.004328466030339704,0.016381892339545408
ZNF684,-0.019228939523400435,0.004357924579060637,0.01648476876550386
DCUN1D2,0.017147560952238017,0.004357741559358377,0.01648476876550386
SLC25A28,0.051972717823792536,0.004362467463084422,0.016497644578411165
SUMO1P3,-0.028155838546839007,0.004364152635139355,0.01649970941460674
NUBPL,0.08927591338083296,0.004389491520813924,0.01659117828483008
CD33,0.062133984391255836,0.004420409316702397,0.01670368080957932
DHX15,-0.06693965906270805,0.004422268929148159,0.016706349287893045
KAT2A,0.04249776442886688,0.004437650787371684,0.016760087093687478
CLK1,-0.07071675558236912,0.004440710819937743,0.016767272032319674
CRTC2,0.03672194775130855,0.004460116204726309,0.01683615405505756
ADGRB1,0.009936608698177807,0.004464105462583937,0.016846822178234952
CYB5R3,0.05125498749310786,0.004468247575672751,0.016858061444658536
ORMDL2,0.022509594898578733,0.004477197173512593,0.01688303146606519
SPRED1,-0.03596414326592523,0.004476150614416157,0.01688303146606519
PPOX,0.03879774609803288,0.004479985289428914,0.016889148082271835
RNF126,0.0295983312093151,0.004506871425956406,0.016986085280653807
ADCK5,0.020606818231368784,0.004509370692754195,0.016991083536381832
CELSR3,0.031210116159752666,0.004510701858286129,0.016991678989705144
GNAQ,0.05632964089489345,0.004521916638848103,0.017029495735069143
ODF2,0.016319579340278167,0.00452317334798728,0.01702980056466019
C18orf54,0.01171948836288017,0.004531393990161891,0.01705200235625184
COMMD7,-0.0538968126200956,0.004531424818366014,0.01705200235625184
POLR3A,0.031612814581558624,0.004539629056440296,0.017078438247657465
DNAJC19,-0.02187493749882652,0.004550196000475884,0.017113746785482394
TRRAP,0.05546484137028962,0.00455785537188318,0.017134924682408105
SAFB,0.050501100633161045,0.004559375844103896,0.017134924682408105
NEURL4,0.026640382028706,0.004559219416108183,0.017134924682408105
MAP3K3,0.03998800497772592,0.004561445190576027,0.01713825477050666
DNAJC25-GNG10,-0.019426033448675994,0.0045629575657756515,0.017139491022483022
KDELR2,0.046488110665213966,0.004564501633297624,0.01714084564601576
GALT,0.03053735515650491,0.004572971988469663,0.017163753895049132
HNRNPA1P10,-0.043732586029975984,0.004572799589239321,0.017163753895049132
TAGLN,0.04637415744497808,0.00457482031290376,0.017166242852875144
SLC46A2,0.042494360437286716,0.004585345623189543,0.017201281016906846
INIP,-0.03439376970130681,0.004615816935166557,0.017306625029498424
C3AR1,0.04338748615117005,0.004615399879749213,0.017306625029498424
NRAS,-0.023306069811842356,0.004626225821957188,0.01734116325187058
TCTA,0.05540855753357388,0.004627680785244578,0.017342128976321466
ZNF45,-0.025915062531677968,0.004635180175942173,0.017365739696933894
LRRC29,0.022525550087454604,0.004661466571033254,0.01745709117396464
ZNF433,-0.01202304488798056,0.004661973809782879,0.01745709117396464
RBP7,-0.06967068535996468,0.004677437303711607,0.017504153250154038
ACOX1,0.03225686476631129,0.00467816744209792,0.017504153250154038
GSDMD,0.055564659706822894,0.0046764034362469075,0.017504153250154038
KCMF1,0.013192816981187683,0.00468391464992195,0.0175157784288334
GRHPR,0.03315469967184015,0.004684902349716969,0.0175157784288334
RALGDS,0.03834267551222226,0.004684203715809482,0.0175157784288334
MBD1,0.028986873861835072,0.0046955190477292,0.017544982124006486
SCGB1C1,-0.04065571066151641,0.004696347396766994,0.017544982124006486
LUC7L,0.014947354720569628,0.004696074251357845,0.017544982124006486
RASIP1,0.013504537233187008,0.004702575272382637,0.017563718474778268
ZNF438,0.04540764749834558,0.004711455802002803,0.01759235004800428
ZRANB2,-0.07277180094446933,0.004713892155860009,0.0175962464707284
STK11,0.05010198234886687,0.004714929063304123,0.0175962464707284
CHORDC1,-0.01465986239734196,0.004717986092505234,0.017603119671263733
NANS,-0.03120283324825035,0.00473366016441695,0.017657052233174122
NUCKS1,-0.04163635509017283,0.004756068074816216,0.017736068484973756
GNMT,0.01523031005351072,0.004761276515065115,0.01774712851033482
PODN,0.02101236813976115,0.004761484492623662,0.01774712851033482
LANCL1,-0.05498380041118178,0.004763821702846416,0.017751271814774247
METTL14,-0.02193312104410161,0.004765222992224518,0.017751926393873435
VASP,0.05468912318660557,0.004774573299641253,0.017782185567499074
LTBP4,0.03717618011614121,0.004780376479628351,0.017799221833145768
PFKFB2,0.014589591666364754,0.004791738943993794,0.01783694342451969
SCAMP2,0.0335661914369485,0.0047973316269148735,0.017853173505713006
PLEKHF2,-0.018014850469085353,0.00481734871232619,0.017923061584724516
PM20D2,-0.01931797510367428,0.004818604914367461,0.017923131376399153
RANGAP1,0.06060901478190672,0.004828831760771355,0.017956559492429348
PPARD,0.012784565489495137,0.004834897147159176,0.017974499558381287
TMEM164,0.038118184516570786,0.004846131836639404,0.018011643192682864
NASP,-0.024683208500047016,0.004849247513742193,0.018018599535413526
WNT1,0.01279090633414004,0.004860685941536951,0.01805646965304468
LRRN3,-0.06831115601432369,0.004872246054396776,0.018094772269713566
KIAA1958,0.028886522884564947,0.004882311133029527,0.018127504345244724
NCOR1,0.037177738651033465,0.004883864625535205,0.01812862512461607
KIAA1551,-0.08378300206477896,0.00488677327084899,0.018130129112442817
SULT1B1,-0.03161655265216545,0.004886035579610618,0.018130129112442817
SPTAN1,0.06496993256993022,0.004903771958217379,0.018188535990479007
F11R,0.025724458776272385,0.004906687549134815,0.0181946908504016
ZNF181,-0.013434162663070737,0.004907945647272171,0.018194697915303336
SMS,-0.04109633935160417,0.004915543105755234,0.01821820019031699
PLEKHA5,-0.010200615694193615,0.004933183812898742,0.018278903644416828
CSGALNACT2,0.04295053012319361,0.004943665411460855,0.018313056219846295
CAPZA1,-0.04799199873518756,0.004945998240035264,0.01831701317020475
SIRT1,-0.05139207326876072,0.004951969752780152,0.01833444015829952
DHX35,0.02490107483262527,0.00495375702441847,0.018334732291423697
BARD1,0.03783927513042773,0.004954580377563681,0.018334732291423697
ZBTB47,0.019172916840890508,0.0049586232860803145,0.018345006302832
ACOX3,0.029040672472235407,0.004965087769200967,0.01836423167750429
BMI1,-0.08217095969301891,0.004975427027399351,0.018397775099528262
PLAGL1,0.025238106252846393,0.004987883417482698,0.01843912797825916
KMT2A,0.050208998138467464,0.005018525031518681,0.018542937897070556
PPP6C,-0.04450047944910018,0.005017543467480874,0.018542937897070556
KDM6A,0.046749438203866234,0.005023693900710566,0.018557302335601083
INO80D,0.020925740228694423,0.005029542731947631,0.01857417055826861
PLS3,-0.0156573816273049,0.005032459381803902,0.018580204355352466
PGM1,0.04945465327761234,0.005063681845947639,0.018690715559812845
MYO9A,0.02576741374433933,0.005072663169952465,0.01871744583111568
KLRG1,-0.10743478891867575,0.005073508169908876,0.01871744583111568
DVL2,0.025391272720256097,0.005083061106834721,0.018747913692741047
HCFC1,0.07342616200943297,0.00508487915333365,0.018749844617333145
FANCB,-0.01149471129802393,0.005089917254900412,0.01876364508016736
UBE2B,0.03322037514669418,0.005103491672837311,0.01880889908126606
CITED4,0.05326334791416443,0.005105390117230151,0.018811109249036253
OCRL,0.017537835768187904,0.005108323218732411,0.018817129577853572
NCF1B,0.06742816832852583,0.005110024072775675,0.018818608866026664
SPOUT1,0.04479210938516154,0.005124826266910637,0.018868323246043126
SDPR,-0.10086669149354144,0.005128997215435809,0.01887888072893831
BTN2A1,0.03783407456438681,0.005131392390416627,0.018882898217173382
ALKBH5,0.049291058710286606,0.0051337078136162,0.018886620262234453
TOB1,0.050365189378480224,0.005138414353203194,0.01889913496490479
ZNF784,0.024194623413211325,0.005147768940413276,0.0189287345348936
PANK1,-0.0073524143325007785,0.0051576842052513325,0.018960380210370636
VAMP4,-0.024447951198195206,0.005165655377625883,0.01898486487935379
PIH1D1,-0.032336269590818034,0.005182786095687127,0.019042991834077205
OTOGL,0.010393570078482739,0.005192062010496322,0.019067400141995112
GMFB,-0.08321293810088903,0.005191372980666188,0.019067400141995112
LY6G6F,0.05279842138265867,0.005193994404327056,0.019069661584860093
PRKAR2A,0.03232709920485011,0.0052021112804391135,0.019089784592318245
ZNF490,-0.01675208594077393,0.005201501237297195,0.019089784592318245
SLC30A7,0.05991838821316087,0.005210480079170387,0.019115651840603824
NDUFS8,0.05874982376965221,0.005222960811525958,0.019156587590311972
NTPCR,-0.03906299731979601,0.005239004242029536,0.019210566440900204
TMEM263,-0.015759475034271553,0.0052474578765310045,0.01923669447827767
RNPEPL1,0.02918094380028524,0.005256339101338912,0.01926437640278158
INF2,0.03704305158721066,0.005284843659490717,0.01936394524767608
COG1,0.029428245279819798,0.005296463971183705,0.019401614607644103
MGRN1,0.07174910059628914,0.0053031529632819995,0.019421205441258277
CMTM7,0.0385197218604425,0.00531062074095776,0.019443637717905006
TMEM65,0.015220336528194878,0.00532099123218665,0.019473193523596832
ZMYM3,0.01179193239288967,0.005321382212537714,0.019473193523596832
QPCT,0.05303278155560065,0.005353301480327854,0.01958505143750155
ARFGAP2,0.04076625803822864,0.0053582973936849385,0.019598378649023397
ODC1,-0.1099166839582395,0.005370539114958836,0.019638194531952483
ASPHD2,0.03631710904872065,0.005374636264071818,0.01964821596386073
TCHP,0.029014961827003027,0.005378787715310392,0.019658430802057966
TF,0.011328109519509688,0.005386559490062605,0.019681868732105645
SNX13,-0.03821047005361056,0.005392976722445751,0.019700346746003593
MINOS1,-0.014131677203697457,0.005397048110716275,0.01971024831962041
FLAD1,0.021599760429823256,0.005406510092798056,0.019739826615600465
PIFO,0.016740771594178305,0.005417087378613351,0.019773461086652164
POC1B,-0.047873447296496785,0.005425468500852893,0.01979906418905349
MED13L,-0.03154563430250246,0.005427001282377563,0.0197996691622057
LRG1,0.10140097188737585,0.005433059557659801,0.019811791196662775
NSUN2,-0.058214166221988606,0.005432658613629175,0.019811791196662775
VPS26B,0.02693322804783449,0.0054504322552101575,0.01987013863188118
ERLEC1,-0.0595508831102638,0.005462013175150447,0.019907347465747124
LDLR,0.04930465519286731,0.0054694256592912474,0.019929348741930673
C19orf25,0.035178414070593966,0.005485582508130753,0.01998319342247631
GSE1,0.038926327894956536,0.005496869504434195,0.020019275308580557
IP6K2,0.019243870101862015,0.0054988259667718,0.020021366340553733
NFKBID,0.027605198610208603,0.0055036918295973125,0.020034046860992076
MPHOSPH6,-0.02101716696701761,0.005525364964512133,0.02010788596633008
LNPEP,0.012111236994931218,0.005537002678739929,0.020141851299150505
COL8A2,0.05385606095372708,0.005537479416819754,0.020141851299150505
ACAD9,0.032679390138377507,0.005541462116439237,0.020151277251947253
TPGS1,0.015366919399665058,0.005559354678849885,0.020211268365577743
GPC2,0.025316863397096157,0.0056010915009797185,0.020354355860157214
SLC6A7,0.01904248273068454,0.005601523229673202,0.020354355860157214
DCTN3,0.023260998515702624,0.005615951407280983,0.02040166545850458
THBS3,0.031147556315363367,0.005632094943916785,0.020455181335930467
FKBP11,0.058902535242506104,0.005642612910025785,0.020488244018253565
MERTK,0.01806950370723559,0.005660011844812578,0.02054626856147002
CD300C,0.06831448066094126,0.005665239548366961,0.020560092613016053
PEX13,-0.012585681261020554,0.005698104483391319,0.0206741847037675
NAIP,0.020412918392501922,0.005705639397375572,0.020696338850886
ESRRA,0.02967579877608184,0.005714216894337381,0.020717075719044464
RAP2C,-0.05541797064579246,0.005713332334012522,0.020717075719044464
CORO1C,-0.06014028991445386,0.005726742823723392,0.020757293057760164
CACYBP,-0.03029518479573845,0.005750015154757382,0.020836432199526127
MAP1LC3B2,0.014240321908173925,0.00576746680334509,0.020894444517171155
PSMA1,-0.023388863545751093,0.00577141737315052,0.02090352819022559
YME1L1,-0.03505377710779811,0.005772905633394032,0.020903691298519787
CEACAM4,0.0453151872585682,0.00577899996057269,0.02092052872505245
ARID2,0.020898134045909345,0.005794155920536434,0.020970153511506672
IST1,0.04307356875976609,0.005796287272980056,0.02097262674540173
FGD2,0.08416896864465251,0.005815368081075115,0.02103641141016283
RPH3A,0.031872052974655674,0.005819374589780467,0.021045648329183594
ERCC1,0.025730423148004,0.005825040414136571,0.021060880019559185
SAC3D1,0.037659990926488085,0.005840293203882674,0.02111075786499542
CCT7,-0.03205304959183053,0.005845700770310636,0.02112503242444592
FGF7,0.010827392225595922,0.005851425458880948,0.021140445584043818
AHR,0.03653214374264202,0.005853351878586239,0.02114213182280376
CLDN14,0.03626914443992746,0.005855941623537914,0.021146056206997926
SEPT7,-0.038583207811593745,0.0058579406562628104,0.021146056206997926
C14orf1,0.02831657939152432,0.005858818251773175,0.021146056206997926
PPP6R1,0.05479282311669742,0.005868725347715819,0.021176536605958127
CTSC,0.04109851430465561,0.005876482636212393,0.021181838168703632
ST13,-0.05225529178364763,0.005876578291136733,0.021181838168703632
SAPCD2,0.025348144847402665,0.005874013587723838,0.021181838168703632
SKA1,0.016856324421326008,0.0058726425975692935,0.021181838168703632
PCSK6,0.010222108089599224,0.00587750673847141,0.021181838168703632
UXT,-0.028834459450717276,0.005893784287414681,0.02123521682062543
ZDHHC24,0.027390455177450868,0.005895320698457922,0.021235470031451015
CENPK,-0.029315075546409552,0.005905754442366963,0.02126776413307884
TAF13,-0.009187986304437956,0.005913790286425151,0.021291409025250282
UBAP2L,0.04951322482173559,0.005915657211638191,0.021292837736920367
AHI1,-0.01836915814966833,0.0059214413840867055,0.021308361989344556
STK26,-0.0635419487265576,0.00592986748301405,0.021328085578340077
BMF,0.014691882274481927,0.005929338588604257,0.021328085578340077
ASXL2,0.05818304686159692,0.005959133515148587,0.02142802627443201
THUMPD3,-0.014825859771516292,0.005960904640174153,0.021429074908980498
GSS,0.031455664693251784,0.005971049371705198,0.02146021813890275
AVPI1,0.03684344279572915,0.005987781639803716,0.021515015944162
PCOLCE,0.01977061813230918,0.0060014257407456145,0.021558693062737968
ZNF160,0.020959135486902092,0.006016377455635885,0.02160704464850735
FANCE,0.030967815174776092,0.006024040602619736,0.021618484660144762
HPSE,0.04589153371235977,0.006023644285584182,0.021618484660144762
NLGN3,0.01144419524378204,0.006023948923635622,0.021618484660144762
LMOD3,-0.08230568660778737,0.00603569701287054,0.021654950590640796
FLNA,0.05245968148761726,0.006047204711822797,0.021690865043596186
PUS7L,-0.02816122849270375,0.006052658730287331,0.021705052995662714
PLA2G15,0.026971445767053126,0.006059357838801529,0.021723697756733006
MUL1,0.033040109499190784,0.006079997909285193,0.02178690987582552
MPV17,0.040932694544781434,0.006079178618193527,0.02178690987582552
IL12RB1,0.028873798746301915,0.0060840836775632855,0.02179615829478769
ROPN1L,0.07492649901615156,0.006086439641388092,0.021799206668116994
NDRG1,0.04672165268561379,0.006091389454797362,0.021811541375348575
GNPDA2,-0.02716642216743903,0.0061080303459931755,0.021865722078933555
LY6G6C,0.02427791195964346,0.006117678710812003,0.021894850122906113
S100A13,0.019360265496322526,0.006131928082534615,0.021940426469227114
HNRNPLL,-0.025567087520635745,0.006139277827114786,0.02196129909803175
DYM,-0.03364697415253559,0.006143909462166767,0.02197244065432678
C4orf3,-0.056474884489613686,0.00616135191979887,0.022029380697696083
SYTL1,0.0503410765485679,0.0061695045159144936,0.022053085737538385
SERGEF,-0.03218341560039395,0.006200099981934455,0.02215698202278279
LRRC26,0.021544709353300995,0.006202886443798677,0.022161471941780968
FOXC1,0.02169121914208194,0.006223576953503841,0.02222991087411828
NR1I2,0.010430746755897502,0.006231437063168424,0.022252498624983102
NONO,0.030757192492112395,0.006240558428263982,0.02227957808108837
LMO4,0.03984918652535541,0.006257615393568583,0.02233496829976524
ZFYVE1,0.018800531692969358,0.006260943284825369,0.0223413408567161
FBXO34,-0.033184912633118735,0.00632555945915911,0.022566355469571562
LEO1,-0.01738515105398175,0.006352812391418011,0.022657999181802137
PDE5A,0.04136768882839181,0.006386577925352822,0.02277281995834817
ARHGDIA,0.06474573256348393,0.0063982625913181984,0.022803256735396845
TMED2,-0.060792973275294315,0.006397688974823264,0.022803256735396845
OSGIN2,-0.053449289135759415,0.006400274126651802,0.022804814378948265
PTCRA,0.045775492385493166,0.006414534775414286,0.022850005333767957
NFE2L1,0.03136335116134781,0.006425971432163745,0.022885116848650033
PFKM,0.01940616317505306,0.0064276807975828494,0.02288557735304572
OR4M2,0.009049613485990093,0.006433984325501541,0.022902390997926843
LAMTOR1,0.05172839037984289,0.0064511297033215224,0.022957779514228237
OGDH,0.018996789522039315,0.006483953833834611,0.02306892344123324
LOC100128905,0.01075408281318424,0.006490297563297736,0.023080154654260842
TTYH2,0.014732316281244273,0.006490046229999716,0.023080154654260842
ABHD12,0.014819797390023481,0.006497185796045126,0.023098978662228178
LOC153684,0.040925040537070245,0.006501461902679408,0.02310850900574443
HTR7,0.01199740289253537,0.006547945933916201,0.023268019849568757
ARMC10,-0.026367333492763656,0.006551549973030083,0.023275116460477734
TTC37,-0.04874708834797481,0.0065572148020663565,0.0232895289831116
MPP6,-0.015643824881191648,0.006575919687104316,0.0233502379867661
GABARAPL1,-0.0600375212150297,0.006651358135257689,0.023612321380164794
SIRPG,-0.03562229600965505,0.006657995299590708,0.02363009162442338
IL1RAP,0.024333495366763103,0.0066673671290715456,0.023651762306508027
ORMDL3,-0.06972742026000578,0.006666330506452008,0.023651762306508027
OTUD5,0.03873181209366816,0.006675415736764155,0.02367451555614398
STARD10,0.059370241139007796,0.006697760536303908,0.023747947027619537
PPIAL4G,-0.02116191280380253,0.006708542098123656,0.023780353340485325
CRLS1,-0.06183126901083735,0.0067493664122806945,0.023913361818853614
SUSD2,0.012321465192043135,0.006748198768355806,0.023913361818853614
DHTKD1,0.030312736120279737,0.006761101570313061,0.02394908171788075
FAM89B,0.06356964676154853,0.00676548483732717,0.02395874874910678
JMJD4,0.024379093438858135,0.006790039213950783,0.024039825953278696
CXCR4,0.06178674984033883,0.006802318085885157,0.02407153070021027
BCAP31,0.04414276382451554,0.006802073395447659,0.02407153070021027
MID1IP1,0.05774400923147205,0.0068087196512099536,0.024088298834422317
TRIO,0.028439597314937615,0.006813568245305408,0.02409956592551979
ARRB2,0.04011403044110029,0.006831278915360265,0.024156309523944843
NAGA,0.028733234154563192,0.006833189018271539,0.024157166155881128
ZMYM4,-0.029073603357470112,0.00685804233648696,0.02423911303115596
MAP1S,0.08339264278363956,0.006868210865828984,0.02426913056371481
PPARGC1B,0.025120531505853805,0.006881370021860842,0.024303770640485837
ZNF25,-0.04596084337004136,0.006880406337744679,0.024303770640485837
GUSB,0.042626264836796324,0.006896523920001831,0.02435068272440884
HMGN5,-0.018562171859328735,0.006898015135200875,0.02435068272440884
CAMKK2,0.04725578481899362,0.006903805789498595,0.02436518592960469
BIRC2,-0.06135023597877165,0.006908737424305159,0.024376651121470378
MLH1,-0.028300943859386862,0.006914619759152529,0.024391464342806927
GPR141,0.021130360580937868,0.006930099155886475,0.024440115942015995
DR1,-0.05868255028453451,0.006951437354740939,0.024509400838867518
MAD2L2,0.03932726416853427,0.006963682397909008,0.024546599136362635
ERV3-1,0.04056470831078496,0.006980373337042303,0.024599447059299444
MBLAC2,-0.013034509555025053,0.006984249486607231,0.02460711981610779
KIAA0232,0.038474884639760454,0.00699606029413115,0.024642737670281026
AASDH,-0.029920544240326308,0.007003723833501569,0.024663733528917268
RGN,0.009915835301296028,0.00701321999696112,0.02467741767115288
PCNX4,-0.029202119739020205,0.007011808905489916,0.02467741767115288
PSRC1,0.016587189144861902,0.0070136620970588015,0.02467741767115288
DUSP7,0.013782087766267992,0.007014424782666143,0.02467741767115288
PRPF8,0.07633953068015487,0.007025374888307361,0.024709939262322442
RPS15,-0.04681837647220988,0.007034521173313824,0.024736102130196023
EHMT2,0.02102430392672794,0.007040054990267102,0.02474955254345357
KDM1A,0.03669001662341298,0.007091178727250481,0.024923230450253814
TCEANC2,-0.028001459841838106,0.0070985123996553596,0.024942953322806462
UBQLN1,-0.03037581915408527,0.007101614807834475,0.02494780229849006
SGK3,-0.022003176378602163,0.007118002263192095,0.024999307657631985
IER3IP1,-0.0330660097712121,0.007123520986932765,0.025012624963571917
SUN2,0.08194385553824013,0.007126833144834165,0.02501818983756133
TMEM119,0.02634886630482658,0.0071463757888604595,0.025080714060056915
TMSB4X,-0.027384088161069187,0.007152692486587251,0.02509680183520585
ZNF184,-0.014203224286782223,0.007162397881549645,0.025124768931064436
STIP1,-0.050956601734217344,0.0071683764247249876,0.025139652333103325
UHRF1,0.025251278044329695,0.007198525938879718,0.02523316788449512
N4BP2L2,-0.0462226122791094,0.007198514374969326,0.02523316788449512
HDAC3,0.03014694293779918,0.00720378891588008,0.025239399772038484
PJA2,-0.11706566446877886,0.007202195805788513,0.025239399772038484
KCNK7,0.016752697791464932,0.007244602242781663,0.025376256078464235
CNNM4,0.016575468902023438,0.007258005823742725,0.02541705907908357
DDX28,0.032045180481511615,0.00727872893693357,0.02547731027611064
LYG1,0.01974286160642702,0.007278063174436501,0.02547731027611064
NUGGC,0.01769352932355517,0.007283764345867684,0.025488775739441298
SCP2,0.016309201191364586,0.007289319720863275,0.025502054791541953
SLC39A3,0.028668430350461627,0.0073209293879778784,0.025606457680625836
GAS6,0.019249216854956508,0.007325483189720612,0.02561619954609207
FTH1P3,0.08025458372742378,0.007330300753168925,0.025626858824257474
TYSND1,0.022258420298585158,0.007336311691786568,0.025641684011543597
RAP1GDS1,-0.018903194513189447,0.007343450135770821,0.025660441921955265
LRRC45,0.012810139945806043,0.007368712555288267,0.025742506669270443
RUNDC1,0.03537873330548624,0.0073776245149909025,0.025767425482307267
ZFYVE21,-0.03247761289830553,0.007406988969174536,0.02586374836777338
CPED1,-0.01962232473762171,0.0074245960432070554,0.02591273472043638
SQLE,-0.018206805151118388,0.007422817773941904,0.02591273472043638
POLA2,0.02636962574228896,0.007430128416091745,0.02592579618855043
ADNP2,-0.02746977108607851,0.007450031336160086,0.025988982146662495
PAN2,0.03362713155261776,0.0074935316267868415,0.02613443584935724
TMEM69,0.037937056975851036,0.007499393965310464,0.026148585024929408
CMKLR1,0.034983990372174034,0.007524561910913421,0.026230025202808663
PTMA,-0.06933779556157926,0.00755105655558839,0.026316049843874454
MFSD14A,0.023620187865361686,0.007563436567318969,0.026346516411988444
SNORA64,0.016485802254813997,0.007563044198150578,0.026346516411988444
TRIM8,0.05376091440300712,0.007573465204497815,0.026375107002151083
LINC01210,0.016889701159732873,0.007580266289360425,0.02639244637862894
ADAMTS4,0.011836982279922914,0.007590678877194495,0.026422348679953155
FAM155B,0.02067489773126141,0.007593853991707918,0.026427049787577483
CXCL10,-0.04249372394730244,0.00759970878939181,0.026441071848558966
COG6,-0.032049765955652454,0.0076141742507433345,0.02648503838803229
PRDM4,-0.03337150253943921,0.007622216670614327,0.0265052637161765
NDUFA11,-0.05176398775029867,0.0076236487601209135,0.0265052637161765
CCZ1B,-0.051519509497092386,0.007627367005230726,0.026511827142731422
SRR,-0.014146429510667247,0.007635661683712725,0.026531715586176768
ILVBL,0.02783851877399801,0.007636752435706362,0.026531715586176768
SSH1,0.05460922837475035,0.00765317492417001,0.026582394628699862
SLC35A4,0.05120107042311872,0.007708105233491557,0.02676676964802007
TRAF1,0.016737851556591465,0.007717878495632296,0.02679428382807722
NDUFB8,-0.05611058462812046,0.007728257655722509,0.026816350110450086
RNF128,0.014284674693017863,0.00772978885053363,0.026816350110450086
KLHL5,-0.024633832791600696,0.0077287600620760556,0.026816350110450086
CTDSPL2,-0.022383295660460156,0.007748029749198442,0.026868090365134704
OR13C5,-0.010857886116098392,0.007748412969840352,0.026868090365134704
IL16,0.03417754666652417,0.007764305655570009,0.02691353845893869
ST3GAL4,0.044465129329996245,0.007765235930675558,0.02691353845893869
CHIC2,0.05434429604111379,0.007778877121643655,0.02695436751911165
CCL3L3,0.09348196969733014,0.00778459979501029,0.026967745379318116
PASK,-0.06358664286117133,0.007795973815836824,0.02700068980119095
C1QB,0.050958624326704616,0.007814535824036906,0.02705204036217747
GLMP,0.07597204779442279,0.007813225774828484,0.02705204036217747
TRAM2,0.030713783705684783,0.007838468630814503,0.027121925381920032
EXOSC4,0.031824572066827095,0.00783709928396555,0.027121925381920032
OSBPL2,0.050227249438723476,0.00786648072782824,0.027212349381863923
ZFPM1,0.0499378682816376,0.007875510005214094,0.027237079015167368
SDHAP3,0.010933899454821372,0.007892986713028304,0.027291004906063964
TP53RK,-0.03860061493737543,0.00790149438568013,0.027313900878804538
MDM4,0.038838801986210925,0.0079055447460688,0.02732138155620627
SZT2,-0.010045429866526234,0.007921703250919485,0.027370694152270475
GTSF1,-0.03165479336604182,0.007942354133622318,0.027435501376433497
TTC33,-0.020629422644820927,0.007952952529808923,0.027465561383345837
FAM110A,0.04132153708406605,0.007976040177743256,0.027538728470663482
SLC29A3,0.024077610706120467,0.00798296124181025,0.027556055916677712
ARRB1,0.037836059793148635,0.007992583267218618,0.027582696221680834
CDC42,-0.026703931968395267,0.00800037636343173,0.027603013636956924
SRPRA,0.04311249695408215,0.008019661565602406,0.02766296216151113
EDNRB,0.008485673505374436,0.00804604015305987,0.02774734418498075
RAB35,0.04191385526978131,0.008052863776943931,0.0277642653999657
RAB27A,-0.023637512901538926,0.00805959994950128,0.027780877122459913
SETD9,-0.02038497090460112,0.008062900824076295,0.027785642525796107
HDDC3,-0.03361036361120906,0.008080793920210683,0.027840680099983715
SLC25A20,0.0363112539289876,0.008095009849131637,0.0278830256016225
FARSA,0.02661175336799282,0.008140162692137342,0.028031886931268964
ATP8B2,0.021145536963169675,0.008144812012664798,0.028041230613605164
CCDC18,-0.009347163244072476,0.008149895082962702,0.028052062828334546
GNAS,0.029006754594551154,0.008164681320497365,0.028089606709283572
ZNF565,0.01660640253715151,0.008163044428997231,0.028089606709283572
B3GNT8,0.028788735969911272,0.008212456605247347,0.028247262282213862
LINC01252,0.0343872380591046,0.008218614841035393,0.028261732516039088
NAT9,0.030933550358875905,0.00824059162913308,0.02833057895949763
CDHR3,-0.012410924117141064,0.008245017994463004,0.02833906991737118
CYTH3,0.012008983066245982,0.00824750251646031,0.028340884092149736
PML,0.011617370912861524,0.008252480680307185,0.028351264272668233
ZDHHC6,-0.032265449931591306,0.008261068147678451,0.02837403629380476
PSKH1,0.013585968510263058,0.008270891488801132,0.02840104132854329
LOC401286,0.013481507570336504,0.008272930695183587,0.028401310307902126
SNORD56,0.023887668975520526,0.008277795991967983,0.02841127894494414
TBC1D23,-0.03688977349393241,0.008289947122225022,0.028446243572212086
COMMD2,-0.03847504546596703,0.008292372842832449,0.02844782763040862
UST,-0.017070581835927356,0.00830256027049332,0.028476031957808484
SLC2A8,0.040288369083130604,0.008320378776189182,0.028530389724035068
MPPE1,0.07143352836362027,0.008340443593044157,0.028592422485598002
ABHD8,0.03464285895228869,0.008381433212744854,0.02872614260610423
CRYM,0.02048575723292334,0.00838453492692982,0.028729974895115095
NSUN7,0.03639333727918803,0.008387971434722708,0.02873495228489208
ADGRG5,0.05813121813576849,0.008394366360026733,0.028750059673357104
PCMTD2,-0.06633861476264613,0.00841436958063248,0.028811756266165684
PRF1,0.11881399319658392,0.008446210756926831,0.02891394861813477
MDH2,0.051815993554251705,0.008462026728433556,0.028961246487389323
MTHFD1L,-0.0169634555307816,0.008474701296383889,0.028997773110518366
SZRD1,0.03184892348170365,0.00848055855613,0.029010961295934556
NKRF,-0.03158416010920462,0.008483273285128863,0.029013395575397036
LOC101928714,0.038753499114832834,0.00853579099896834,0.029179229839286627
ARMT1,-0.01652566856093518,0.00853392162896146,0.029179229839286627
PLD2,0.025304491586918054,0.008580894643951597,0.02932649316257549
PTPRK,-0.012678867730946841,0.008601218429127323,0.029389018100372765
DAG1,0.019792583896232507,0.00860816669414772,0.029405822263687636
EZH1,0.02255459569227458,0.008614933147829972,0.029421997574432757
PDZD4,0.04554657536144635,0.008640594182042341,0.02950267942779379
DFFA,0.025676750823327765,0.008643472529069074,0.02950555175843424
CNOT9,-0.025432017748024727,0.008665384047296465,0.02957337948657917
ATPAF2,0.019055214247811314,0.008684123405688284,0.029630351804002145
ZFP36L2,0.070987384725548,0.008691138949122998,0.029647304884384714
TMEM160,0.050677862866475465,0.008727184349754549,0.02976325361945959
R3HCC1L,-0.028145406543231388,0.008733370310685645,0.029777338884173932
APOBEC3C,0.04483097796985813,0.008736678935621934,0.029781609250070156
ABHD15,0.0272535025754701,0.008746651053192497,0.029808586789280028
NCBP2,-0.017146623410945416,0.00875146436343943,0.029817974556588266
NAPB,-0.04000337427612699,0.00876286485259499,0.029849796454606264
ZNF410,-0.03191127947798034,0.008766873899840178,0.029850598160002472
TMEM18,-0.018727977936559448,0.008767222077647786,0.029850598160002472
RPL37A,-0.061860815933224345,0.008816981544568525,0.030012963734789785
MCUB,-0.07561808975515127,0.00882922559682169,0.03004758072001066
CLIC4,-0.01949306127413486,0.008838634786078105,0.030072536115000065
IFIT1,-0.10502457713475799,0.008841699043102091,0.030075896885930174
TJAP1,0.044060803464592624,0.008856835845643228,0.030120312371048726
E2F4,0.041582828494853175,0.008870684776399022,0.030160328239756673
RABGAP1,0.05044041508411645,0.008900474614705675,0.03024961988469716
CDKAL1,-0.022425232234140502,0.00890112399534516,0.03024961988469716
CIPC,-0.029810536075594918,0.008916850846282775,0.030295957695885462
KLHL3,-0.04652811846846738,0.008934338229982677,0.030348253968824835
C5orf51,0.03254830105426265,0.008944894705018684,0.030376988254980218
ITGA2B,0.11841370509387339,0.008953026052615224,0.030397475233492476
SGPL1,0.02362888033889199,0.00895981608562694,0.03040855445204958
SPOCD1,0.0316296132335232,0.008960488152537117,0.03040855445204958
ITGB1,-0.062218842922469264,0.008968801341413625,0.03042963659616654
ISL2,0.025285995136838046,0.008979864089506835,0.030460035473633955
FLJ20021,0.03355177107883467,0.009083878345256735,0.03080564129072783
PSMB10,0.05114777286305916,0.009098508730291574,0.030848033813095307
FBXW4,-0.04103567034881994,0.009103663395098695,0.030858287061691903
ANKRD24,0.015166895688505377,0.009108145669400557,0.030866256873092576
RAB43,0.024324316426835857,0.009118980571736011,0.030895746105502785
RRN3,-0.03257874785581105,0.009126412800300429,0.030913695743580778
C12orf45,-0.022644937305386748,0.009132654515798453,0.030927605332435066
PADI2,0.03400542850968957,0.009144026313702666,0.03095395357400943
HECTD1,-0.0509267917908236,0.009144709151007067,0.03095395357400943
MX1,0.16910006521912457,0.009173363557066053,0.031043691065547833
FBXO22,-0.013663068488439123,0.009188195214521355,0.03108661982880806
LIN7B,-0.013777612428408581,0.009199172443337227,0.031116490814875383
ZNF358,0.04137648471159583,0.009205617020898643,0.031123752784943032
RPL10L,0.021679083885646655,0.009204756093141853,0.031123752784943032
GUCY1A3,0.033374819822171276,0.009216053105077962,0.03114918845242971
RPUSD3,0.036393536873953636,0.009217441432416026,0.03114918845242971
FAH,0.03887692999216963,0.009227785829254103,0.031176871926969076
ETS1,-0.09433062782046342,0.00924016931600582,0.031211430124306973
C19orf12,0.02576002395578758,0.00924783180037239,0.031222749602935595
BOK,0.040164331514422,0.00924730324045619,0.031222749602935595
WDFY3,0.019425116493025918,0.00925054956147039,0.031224646900101866
C12orf57,-0.08665962970280283,0.009252958970408863,0.031225502732386296
MTFR2,0.010081034367620312,0.009272484665990203,0.03128410619664619
UBE2D4,-0.02346510148994785,0.009295198754250113,0.0313534370648716
ACACB,0.038495697045395794,0.009305457062826357,0.03138073110546611
LRP5L,0.040045611627787636,0.009344838799472576,0.03150620232112682
PLIN5,0.03171330672688821,0.009357283407154814,0.03154081751669312
TMEM41B,-0.05615434928380214,0.009359578932095712,0.031541214809789275
TADA1,-0.02280421869617033,0.009363838935269238,0.031548230550928036
EFNA4,0.031514556640132696,0.009372079095986047,0.03155397341382193
MLLT1,0.010934424837516943,0.009371864301802018,0.03155397341382193
PI16,0.05128518526721404,0.00936813431130988,0.03155397341382193
DCLRE1C,0.029039988251797766,0.009397349122779244,0.03163169990572497
RNF115,0.04187478823986446,0.009410262655673093,0.031667302567406415
KCNJ15,0.044927888889345624,0.009412298919682727,0.031667302567406415
CLDN5,0.0618009002863289,0.009415404491938817,0.03167039448705105
CHRNB1,-0.027550814602069096,0.009425000444843405,0.03169531145649219
EIF5A,-0.0744204838150857,0.009466716880273314,0.031828209678244825
PRKCI,-0.018332655742636206,0.009476795303857095,0.03185470020447115
SKP1,-0.039022127367829285,0.009504744118900895,0.03194123290444561
SEC22A,-0.02746636850666828,0.009553743493198076,0.03209568263427893
HABP4,-0.020315408632308518,0.009555135564692814,0.03209568263427893
CUEDC2,0.03481950927780275,0.009561638421530638,0.03211007903952
LPIN2,0.03143125198110397,0.009565128264725609,0.03211435275528181
DUSP3,0.0618480181555956,0.00957551511080254,0.032141775403212974
HIST2H2BF,0.014428697049230443,0.009619831730080792,0.03228304976332025
AEN,0.02981520252747405,0.009638189500918793,0.03233716394053922
RPL19,-0.061382118447598444,0.009642223895722501,0.03234320771321091
RASSF2,0.0369292757630717,0.009644486780281592,0.03234330783181259
NCF1C,0.09379145211077677,0.009675442130470474,0.03243960736521628
CACNA1B,-0.01917337691546095,0.009679035707751972,0.032444145612376664
ITPA,0.027802304736960437,0.00969260272955681,0.03248210502889885
KRI1,0.024083599261715882,0.00971057742619686,0.03253481458270537
GNA13,-0.06394496374218583,0.009716261722124048,0.032546330893442346
BIVM,-0.023299266964716736,0.009750509911956952,0.03265349955255133
MPC1,-0.042638864190664094,0.009760085343275946,0.03267801112159242
GALNS,0.024362051034632515,0.009764031060763791,0.03268366671691767
ZNF275,0.04894839766822834,0.009769038202483855,0.03269287184029024
CRNKL1,-0.023196141035397133,0.009772341059845641,0.03269637050376629
ZDHHC23,-0.01855994996353516,0.009795436555629259,0.03276607461240974
AHDC1,0.02292398009297969,0.009802067596497592,0.03278068507681162
MCF2L2,0.009620795898998225,0.00980945351508882,0.03279781272219447
MOB3B,-0.012085271207822323,0.009835066244009818,0.03286904527023102
PAK6,0.012714191136640629,0.009837566366090268,0.03286904527023102
KNDC1,0.011556913278055525,0.009836950784478743,0.03286904527023102
HNRNPF,-0.020549746148233794,0.00985763957512929,0.03292257406459855
PMS1,-0.015121601873356205,0.00985813336910825,0.03292257406459855
TMX3,-0.05128290078714848,0.009874530965492054,0.03296973409501773
MED16,0.06421045787193158,0.0098850893116747,0.03299738040799639
BORCS6,0.025842172362187554,0.00989181624478064,0.03301222730170571
CHCHD3,-0.022391753058263575,0.009921409528021938,0.03310336226765025
FUS,0.021636980257254024,0.009925793763373311,0.03310753083036309
FOXD2,0.020188467697029644,0.009927956178024612,0.03310753083036309
NOA1,-0.037385729588738315,0.00992951628880815,0.03310753083036309
RSC1A1,-0.025857973296583125,0.009938592055634451,0.03313016509408732
COX6B1,-0.04687124227552175,0.009964969838285832,0.033210451711397145
SNRPD3,-0.03418195953119074,0.01000035340743552,0.03332070824782518
SLC4A2,0.03103676031431135,0.010022407775411427,0.033386512009903196
ZNF121,0.017545744241607153,0.010028368177170009,0.03339868583079568
THAP11,-0.04138539043064249,0.01004052754970475,0.03343149448963761
BBS2,-0.03577443707812655,0.010044145861456761,0.03343585581644214
H2AFX,0.025229315664685004,0.010083602246604402,0.03355948872698027
CLSTN1,0.026197335816274148,0.01008790607241619,0.033566099598639126
MAP6D1,0.02019715798126054,0.010091464472542543,0.03357022770333169
NARS,-0.07216625445500391,0.01012500812451602,0.033666349328624896
PEAR1,0.012922896334987222,0.010123392493762763,0.033666349328624896
MRRF,-0.01363265554447235,0.010129827135646547,0.033674642238399034
ALOX12,0.06877731603501669,0.01013528465396167,0.03367476920716698
RGPD2,0.028067207097877578,0.010139067584149994,0.03367476920716698
TRMT11,-0.01892429393884676,0.010136563038379818,0.03367476920716698
EIF3H,-0.05465261043047143,0.010139165183130018,0.03367476920716698
CEP104,0.015378861793023724,0.01017805900811602,0.03379619593616516
CDCA7L,-0.02364098685646354,0.01022731645864417,0.03395197148452948
LYSMD4,0.01890256255797329,0.010235616293353185,0.03397173840351227
ERLIN2,-0.011038682389484578,0.010257683666946606,0.034029383928551225
NUP153,0.03744688702128762,0.010257217145622178,0.034029383928551225
ZNF227,-0.021116486217269248,0.010268254822171276,0.034056652815280225
TMEM241,-0.015752881043419542,0.010293055153243925,0.034125842554117346
KISS1R,0.024277078445259725,0.010293828094375772,0.034125842554117346
TIFA,-0.013884175076464444,0.010305250566276385,0.0341558922658918
MCM3AP,0.037624126586115025,0.010315440109556578,0.03418184272404884
PORCN,0.01677960569547654,0.01033778575267959,0.03424022155083722
PDE12,-0.027677984852601867,0.010337185496233331,0.03424022155083722
CYTIP,-0.0380168836201209,0.010372971145152359,0.034348905822219195
HTRA4,0.011548261734637855,0.010377238666650324,0.03435518282234589
MZB1,0.05014978988278074,0.010384053200013876,0.03436203485241055
PTS,-0.022226958657285856,0.010383580166355294,0.03436203485241055
MOK,0.023192371271056444,0.010389797900877143,0.03437319159349122
MRPL30,-0.014929327095854816,0.010394401922651376,0.034380570323745724
NGLY1,-0.04598345881391985,0.010406251692584956,0.03441190628205491
TRAFD1,0.04982329234296223,0.010419626257090983,0.03442469587310808
C8orf82,0.025700762425503676,0.010412587238710207,0.03442469587310808
ZBTB39,0.01784545129268178,0.010419595320863702,0.03442469587310808
SUPT3H,-0.011894564620881454,0.01041901818436782,0.03442469587310808
NDUFC1,-0.032905752149849476,0.010426645219554487,0.03444002950057633
HNRNPDL,-0.04188121733639072,0.010444559024670804,0.0344896831180764
PCNA,-0.020030961346163778,0.01044644019877114,0.0344896831180764
TERB2,0.012775510267245771,0.01045765755549986,0.03451884959750683
SCYL1,0.04678273714629633,0.010460043359941523,0.03451885806001208
MBNL2,-0.03282217793368947,0.010488922471727622,0.034606276328132776
TNFRSF1B,0.07065115301085534,0.010495494152370829,0.034618674505960005
QKI,0.01730510453122669,0.010497460537847027,0.034618674505960005
ZNF687,0.01818984216374364,0.010512109803355655,0.03465909364712117
ANKS6,0.010099172804816092,0.010525317666251638,0.03469474307646535
ZNF135,-0.01705427017526695,0.010548762914996098,0.03476411423454004
ASXL1,0.02999037452983,0.010566002592819243,0.03480509018749009
TES,0.010301870271333335,0.01056427817700063,0.03480509018749009
BCL11A,-0.039294727881777014,0.010572490947194906,0.03481854453823807
CD24,-0.05859909415478448,0.010632227979596731,0.03500731758501456
MTPAP,-0.029548850859196563,0.010646877556148664,0.03504758511892211
TTLL12,0.03764203825517409,0.010665285727487577,0.0351002041529039
PTPRA,0.01598731050438218,0.010691859622830861,0.035179667146088646
DRD4,0.01845648308041259,0.010695284533422545,0.035182943716123585
ERAL1,0.04743477063160029,0.010715915441226598,0.03524280636937467
MTM1,-0.032563937585721625,0.010721989259741091,0.035254776943947776
LDAH,-0.022704001060911416,0.010736227428452667,0.03529358104260291
NUP188,0.02134067751709079,0.0107396338618607,0.03529676806335157
FUBP3,-0.05189770618270462,0.010745421762462076,0.03530777876758183
FIZ1,0.02314659852795753,0.010772058158797133,0.0353872738425987
COG4,0.02845679512848509,0.010780831893156102,0.0354080655647331
BRD2,0.04535894613255742,0.010796813998571722,0.03545251733287527
CLUH,0.03392239924255325,0.010807893994861978,0.03548085598857228
IRF2BP1,0.02506473670243725,0.010810764962809218,0.035482238776643714
ADPRHL2,0.032481915296968644,0.010818409172747671,0.0354992837467325
HNRNPH3,-0.05554848262910017,0.010844546895343364,0.03557699144556133
SNHG8,-0.052324955217115665,0.010851642480065676,0.035592207808258884
ZNF12,-0.028962810111980986,0.010860945897322744,0.03560659582997343
NDST1,0.05394090801631357,0.010860333689950964,0.03560659582997343
MARCH7,-0.10449628098369779,0.010867663171976584,0.03562055518961504
TNFAIP6,-0.06624935080142258,0.01089277644346672,0.035694790499360175
ERC1,0.009288726292673744,0.01090705239965746,0.035733487210277914
NR3C2,-0.016399022474812064,0.010914883209244872,0.03575105572200423
RAD54B,-0.014212769808515269,0.010918243698117195,0.03575397732840368
STARD7,-0.0287886495301386,0.010966355420035578,0.03590341137065897
SHOC2,-0.05449652582574771,0.010969767978318537,0.03590646766055722
ACOT7,0.015079445933235291,0.010972424948088698,0.035907049920496314
DHX58,0.05041960613866614,0.010988241966482796,0.03594481869535364
ELAC1,-0.013582327679962702,0.010991005952018126,0.03594481869535364
CDC40,-0.054347991519065886,0.010991411350574513,0.03594481869535364
NFATC1,0.015849483845696177,0.01099718072509984,0.03595556786057474
ISCU,-0.04241493286727405,0.011006450609550859,0.03597775459912766
BRPF3,0.03564151337098753,0.0110274954301614,0.03603841241210688
UBE2D2,-0.01611607699944706,0.011036153908565272,0.036058572797577126
LRRC25,0.06353646904251065,0.011047309350994758,0.0360868806133983
LGALS9,0.06179666992760868,0.011052512444331678,0.03609573624435176
B9D2,0.05090932116745428,0.011067101721565147,0.03613523474642687
UBE2A,-0.051609893081714375,0.011069683943048674,0.036135519997997974
TPD52L2,0.03975270050175084,0.011075362468400603,0.03614591031823216
IKZF3,0.04269399967544185,0.011125335760526382,0.036300825220875
HMBOX1,0.030860293835428543,0.011134038516755526,0.036321039161416
CYB5A,-0.025173152955680678,0.011142110316132955,0.03633918617853405
HAVCR2,0.058325639828192166,0.0111473612531957,0.03634812705792132
PDS5B,-0.028023431397242504,0.01116343664119295,0.03639235118411854
UTP18,-0.02396999321582083,0.011181448111439734,0.03644286553692464
PPP1R3D,0.03686515697238679,0.011193528063691307,0.03647402935309447
TMSB15B,-0.009444588918901431,0.011202497257898883,0.03649504504799987
SLC18B1,-0.03984536286236917,0.011217366183551921,0.03653526687712302
SNORA62,0.020958609963793506,0.011234155394378519,0.03658172363583149
SLC25A45,0.029863841747505226,0.011270480349369736,0.03669175935721988
LOC105376544,0.01375012915479168,0.011297679757711426,0.03677204350802074
AUP1,0.034998122560740974,0.011303112989250193,0.0367814622638283
RUNX3,0.041189654011024146,0.011338680287997099,0.03688891403669137
MFSD13A,0.022483833000404907,0.011354053100868268,0.0369223406180907
RTN4IP1,-0.02100594147213819,0.011352502071454062,0.0369223406180907
HLA-DQB1,-0.12522654923975818,0.011362090722864579,0.03694018451851191
PQLC3,-0.06981991212901306,0.011374377314781185,0.03697183146932017
PTTG3P,-0.030077439949350193,0.011379090180452332,0.03697885173293057
CHTF18,0.01726847719699709,0.011384568013459771,0.036980059005819986
CLYBL,-0.026383466186012505,0.011383881956175415,0.036980059005819986
MRPS36,-0.016522186943834782,0.011393612746153952,0.03700114058638875
MAN2B1,0.05552686990099609,0.011444671512887068,0.0371503769271061
KYAT3,-0.0237815976801814,0.011444696344155441,0.0371503769271061
PRR5L,-0.05968101621471167,0.011448684477129514,0.037154995735322396
RPSA,-0.04712750267827026,0.011457612745837663,0.0371756413554464
AP3M2,-0.03903293711127631,0.011474951382483504,0.03722356009493641
LPAR6,-0.07754555751754211,0.011483538879492765,0.03724307593608894
CACFD1,0.017991031141169067,0.011491602384017991,0.037260884022860215
ASCL2,0.06384553059772635,0.01154628636428027,0.03742981461509298
ATP13A1,0.05164654931411228,0.011603834951217822,0.037607953777900854
NUMA1,0.03310101449816916,0.01161683510658469,0.037641664358785826
TMEM109,0.04787661201991966,0.011645174976822619,0.03772505353708316
UBQLNL,0.025404745243834626,0.011664369312407753,0.03777878468714533
CCDC88B,0.05185979199212554,0.011711459367537438,0.037922820809168846
ARMCX1,0.010728576988451977,0.011718859873115446,0.03793830272735899
ATP6V1H,0.01720689902702688,0.01173180948076067,0.03797173821661174
FSD1,0.01431870066108143,0.011753591349865382,0.03803133297630258
PKD2,-0.020460814259634752,0.011755473469684249,0.03803133297630258
ANKDD1A,0.07458337172405916,0.011764379895356846,0.038051647700837105
IGFBP2,0.01975944289177889,0.011810652346464154,0.03819278602058201
MAL,-0.0942662622500201,0.011824903564578756,0.03823033554226757
TAF1D,-0.015069118753453736,0.01183131386783178,0.038242524003944546
PRNP,-0.06828728067595691,0.011837677691556905,0.03825455682385324
YBX1,-0.10008353773902812,0.01184643379930831,0.038274313439478375
FAP,0.009410662480755505,0.011872387093636595,0.03834961076365576
CTNNAL1,-0.03144463830925659,0.011943371048186907,0.038570297940231695
CCDC106,-0.03434540008329012,0.012043076560479492,0.038874954513480046
HIST1H4C,-0.10070870962307588,0.01204185633908017,0.038874954513480046
PIDD1,0.01756874341078163,0.012076257765570673,0.03896469536122201
BDP1,0.02648613849458581,0.01207483642740346,0.03896469536122201
PPM1L,-0.03476584284389528,0.012097816781971762,0.03901767156988851
CDK2,0.016266093922125968,0.012098064279230136,0.03901767156988851
RAB22A,-0.04136322037800255,0.012108573840722413,0.03904287255321092
MTG1,0.015066338482398578,0.01212682843667354,0.039090462928717026
KIAA1683,0.04746546498569071,0.012128731041263071,0.039090462928717026
GOPC,-0.028018486972394285,0.012142570196682398,0.0391263596726914
SPAST,-0.031585177683217225,0.01215901078741691,0.03917062105092227
PLA2G6,0.016905617937064576,0.012181675281228654,0.039234908777699765
PAXBP1,-0.022675635500508662,0.012187702005171698,0.03924559267294506
GRAP,-0.021724338212145256,0.01219151808146487,0.03924915489929699
TRIM3,0.011782668014597597,0.0122040725443911,0.039280841496213484
NRM,0.031996678168264125,0.012220305504161531,0.039324351238008357
ATP11C,-0.014975655987409908,0.012223532271966346,0.039325997651523885
ZNF365,-0.01602038152220686,0.012285810052016706,0.039517582232602703
CBX5,-0.026480427028127806,0.012315423422312757,0.03960403926482637
IFT52,-0.018496602022343822,0.012321343831455792,0.03961428280905787
TUFT1,0.028846842672007433,0.012334275708810774,0.03964705933564475
HOXA6,0.028422718412429937,0.012346862307865324,0.03967871170781481
NME3,0.04210007898278789,0.012352880220136713,0.03968924514384652
HMGN3,-0.008486183341134712,0.012357489195735228,0.03969524806188269
PEX16,0.02190645730849461,0.012392876852383062,0.039800094973373897
ANKRD39,0.0277207682907763,0.01240012233428032,0.039814535998606994
NCKIPSD,0.01401108730099132,0.012425319591452932,0.0398865104508925
MKLN1,-0.06004374957551484,0.012428046234802391,0.0398865104508925
SYT5,0.016989218985144383,0.0124448859133517,0.039931611201257454
ARHGEF7,0.013405138096175051,0.012450369800115898,0.039931611201257454
TC2N,-0.044990008489686595,0.012450317271905266,0.039931611201257454
MTMR11,0.058532792992265215,0.012467234109768993,0.039952545226897854
SLC1A4,0.014054587841883404,0.01246711030058834,0.039952545226897854
PIP5K1B,0.024115987875465983,0.012467930435347854,0.039952545226897854
GTF2F1,0.042798292636135216,0.012462492074071593,0.039952545226897854
HES6,0.027178428282354616,0.012515111295912483,0.04009486220083973
FOXD2-AS1,0.019507575641556585,0.012545278181802247,0.04018262034171246
CHEK2,-0.008345591166611932,0.012566613171840086,0.040241501496646695
GGTA1P,-0.01208294645676844,0.012569217948828338,0.040241501496646695
PIGA,-0.020550608194689346,0.012601085484371511,0.04033461263107999
CUL5,-0.06239664214978191,0.012618489485436622,0.040381396753659746
MGEA5,-0.07683567346111708,0.012625647250755342,0.04039537768498794
HM13,0.027344989289120214,0.012647432438282393,0.04045614210160826
TMEM219,0.04667342256490237,0.012671998637369349,0.04052577351814035
ERP29,-0.027227001811544582,0.012685828468584034,0.04055209435863411
PSMG2,-0.048190433855285875,0.012684431123125537,0.04055209435863411
TREML2,0.05743400205171678,0.012721023073374348,0.040655626256565325
FUT8,-0.01765624700491486,0.012726726408664589,0.0406648809404584
SEC14L5,0.02814158155021218,0.012814396988663981,0.040935978381960544
FBRSL1,0.037397696194663155,0.012837957358314842,0.04100219942179321
JAML,0.05750123753987424,0.012862005280776708,0.04106994807909388
TP53I13,0.04933823826747652,0.012866630788767309,0.041075662407869896
COQ10A,0.04737495429242955,0.012870632450135257,0.04107938307795484
SP110,0.047044210264626685,0.012877818008263662,0.0410932619589537
MNDA,-0.08896973214113046,0.012885415839971631,0.04110845000575972
PPIL2,0.007905500076493155,0.012894424852985358,0.04112813247536664
NIP7,-0.04084597151492719,0.012909184823888921,0.041166145528227026
TTC32,-0.03022896373684425,0.01297256465504358,0.041359151763955805
MTBP,-0.011897583081700525,0.013019319697083564,0.04149908153445386
TTC4,-0.039375070475983875,0.013040173596544209,0.041556408002716455
TIMM8B,-0.02039483153766586,0.01307786860821719,0.04166736667871047
GOLGA4,-0.016320610048437878,0.0130861836251435,0.04168468960338211
BAP1,0.03183734924726256,0.013096435418297523,0.041708172954841985
MYO7A,0.011793838449353444,0.013135375937225394,0.041822990783638735
TMEM214,0.03156170360183097,0.013156732144704935,0.04188178206239698
LRRFIP1,-0.0682488983385241,0.013162328272011107,0.041890389516987224
ZBTB18,0.010443318846237837,0.013184777535519464,0.04194169126990513
MED4,-0.0557056905453166,0.01318342012893591,0.04194169126990513
IMMP2L,-0.015086311603907276,0.013188692608996924,0.04194169126990513
CCT4,-0.021137632505729975,0.013190030636179085,0.04194169126990513
CNN3,-0.015537316165947779,0.0132201470324037,0.04202007549125131
MCPH1,-0.020819035538716335,0.01322048356901631,0.04202007549125131
NEMP1,-0.025141663041654994,0.013240996542739124,0.042066811565043535
IL12A,-0.008703688055919478,0.013239630396438995,0.042066811565043535
PUM2,-0.054563312811923836,0.013267190918924645,0.04214078799774223
CD86,-0.028471485139921704,0.01327766576364808,0.04216481274296838
PHACTR4,0.03650889411172553,0.01330334859788214,0.042237111155573194
CYP19A1,0.010891051234562354,0.013317602936941779,0.0422731012357363
LAG3,0.07053777274438744,0.013326983800969703,0.042293609415697896
ZNF124,0.012290688650674397,0.013350408523121748,0.04235866748059045
RAB3IP,-0.02971306904861759,0.013369113327140834,0.042408721941928296
TREML3P,0.08102785058147344,0.013372040396906003,0.042408721941928296
CD151,0.05075432708652183,0.01339321259966585,0.042457275398021486
ZNF235,-0.019056264735810124,0.01339223719706511,0.042457275398021486
SERF2,-0.07615814163984957,0.013428069276054371,0.04255115592992236
TRA2A,0.03729197149020713,0.013428702965732885,0.04255115592992236
TAF8,0.01955852359251331,0.013433893565736356,0.04255829273974746
TNPO3,0.05112837409255988,0.013445484841001859,0.042585699199009605
MAP3K12,0.026231338502085144,0.013450908905498191,0.0425935646233572
HSF1,0.014342695468307909,0.01345929969206764,0.042610355094818295
ZNF827,0.04239581079184429,0.01346209506447725,0.042610355094818295
C20orf27,0.05376373505923571,0.013471994967486859,0.042625861189637196
CD70,0.024760358285221606,0.01347578676289743,0.042625861189637196
CXCR5,-0.03695208722733856,0.013475822865737968,0.042625861189637196
ZNF777,0.013383890686264444,0.013531458657437495,0.04279249938740714
UQCRFS1,-0.04628385578889649,0.013567812467516755,0.04289687283894852
CCPG1,-0.043511624462414744,0.013570386036182141,0.04289687283894852
HIST1H2BK,0.07535205141962997,0.013616740151148754,0.043034009240505905
EPB41L5,0.012309848561119274,0.013650042385098511,0.043120617276947916
ZNF502,-0.012166850244400784,0.013650098744463282,0.043120617276947916
ANO8,0.018459747438589247,0.01365445472873341,0.04312497215241489
GTPBP2,0.015343692836226275,0.013763323709291023,0.04345933738944216
VENTXP7,0.008460925819410825,0.013784779750749354,0.04351760024190358
SMAD2,0.010704518177166555,0.01378851753460252,0.043519914572059906
GTF2IRD2B,-0.0179516526049035,0.01379624099372982,0.04353480491354743
ST14,0.01406642996364571,0.013817229430626651,0.04359153802509179
APOL3,0.021488393347716794,0.013832103454047506,0.043628960459151586
C6orf47,0.03416924821063638,0.013869836698212207,0.04373845302349349
SDHAF3,-0.025467226349734418,0.013896054602594063,0.04381159226468707
GTF3C3,-0.03836637132742382,0.013930369936849749,0.04391022375741714
SLAMF1,-0.0400076278648136,0.01395067400088822,0.04396465670776
GPAA1,0.043851830803364855,0.013965981550378915,0.04398418716583784
TBC1D24,0.0191253353705374,0.013965469419525752,0.04398418716583784
SLC25A47,0.014813716393756948,0.013963351606299577,0.04398418716583784
POLR3B,-0.02423141444447996,0.013987027089059878,0.04404089138216158
DLG5,0.0187159209048966,0.013990350730698037,0.04404178221765494
UBA5,-0.015333094107740308,0.013995298749908163,0.044047785113791794
PRAMEF34P,0.012616683933589279,0.014057089944877683,0.04423265061082085
SAP130,0.03656905858624082,0.014076215415013539,0.044283211136198104
CROT,-0.021115476758347462,0.014101586014799071,0.044353392364462486
CBWD1,0.011417862734180773,0.014125331527975736,0.0444184328812854
SLC35D2,-0.023158245590963134,0.014131331328999632,0.044427654215157514
RPP25L,0.01606358263892993,0.014151401151391399,0.044481096848253694
PCBD1,0.019269381318662404,0.014158038580208544,0.044492304360108606
EXT2,0.01706548318687595,0.01416255975231624,0.04449671828952744
TIMM22,0.04086613646310333,0.01416558740907284,0.04449671828952744
LOC101928370,0.017044829058774802,0.014168992269818196,0.04449776323418186
LOC105369266,0.04226699817766999,0.014178146400200181,0.04451685941047029
CPSF3L,0.023377175362758074,0.01422518890670445,0.0446548842923076
RFWD2,-0.03544627873447048,0.014235566822373666,0.04467777895021889
QPCTL,0.012778427295748074,0.014252663996138821,0.04472174725304911
RPS3,-0.0691652228030879,0.014303008554556206,0.044869996946976846
AQP12B,-0.012255713726466944,0.014313581166480033,0.04488925060020073
IL18RAP,0.12406879095171419,0.014315344416067879,0.04488925060020073
KLHDC4,0.04126504825954047,0.014320578523431613,0.04489594357865443
BEX1,-0.014181541259807418,0.014344512772603572,0.04496124713230689
FAM3C,-0.019026971146201,0.014371194247288901,0.0450351314317898
SEC24D,0.026698386040096445,0.014430283878129054,0.045210519509154494
RHEB,-0.04377244264148139,0.014444844194823173,0.045246350198490236
ADD3,-0.06103896352327709,0.014461276113322343,0.04528802664332125
RBFOX2,0.009251388326767973,0.014494641411818833,0.045382703460610456
CERS6,0.04533569759242617,0.014512181755880059,0.04542780215088973
ANKRD34A,0.019527131055043334,0.01454342102697787,0.04551575413888234
SERTAD3,0.019864798948292517,0.014560783645811832,0.0455602485041993
ANKHD1,0.019708682116631238,0.014577341566848093,0.04560220631840773
AFG3L2,-0.032289857373269726,0.014586846849210222,0.045622088050952456
PPP2R2A,-0.030880451787522745,0.01461415041724361,0.04565818693773867
NVL,-0.0219332508653034,0.014605920667204692,0.04565818693773867
TMBIM1,0.04339343503102633,0.01461018902522642,0.04565818693773867
SMG9,0.025298452659628268,0.014611262294891167,0.04565818693773867
ZXDB,-0.015653363069429105,0.014606717213504861,0.04565818693773867
HGD,-0.017727387160072716,0.014620897947649753,0.04566941683712724
ERLIN1,0.0234091212952503,0.014650557839174521,0.04575219485610258
RPLP0,-0.06813738505366906,0.014668251146999028,0.04579757482499114
ALG1,0.019409951208158915,0.01469526340476939,0.04584766523846408
FASTKD5,-0.027232827614561472,0.014696955930833245,0.04584766523846408
IRAK2,0.02413865148875871,0.014691692103016,0.04584766523846408
NCF2,-0.07691354992661914,0.014695996027686474,0.04584766523846408
TP53INP1,-0.06286517678014114,0.014731625134341121,0.04594592128462464
NLRC3,0.01587377773339771,0.01477447412719149,0.046069641175078904
TMEM151A,0.008978352617905472,0.01482978893555678,0.04623217024162815
FYN,0.047394798480546285,0.014847900290045717,0.04626871510349014
PCED1A,0.03258343707985034,0.014847495438160907,0.04626871510349014
TMEM129,0.017520872221703954,0.014865087686558006,0.04631231018543905
SPIN1,0.029479829919603517,0.01487899510159681,0.04634566990355445
PCYOX1,0.035070362708856884,0.014907959423291135,0.04642590502836998
PLXNC1,0.058886294655319915,0.014928086775955094,0.0464785917590141
ELF2,0.026643274340812262,0.014934745293853515,0.046489329644567874
POU2F2,0.04338105967139594,0.014952706464230733,0.046525241767544134
RPN2,0.027893321105423752,0.01495136311904953,0.046525241767544134
GPR27,0.02608406386075046,0.014957128581010077,0.04652900566309063
MSANTD3,-0.02013761731516439,0.014960974119619413,0.04653097469370143
RSBN1,-0.06591099121812505,0.014966517089685778,0.04653822102340249
FAM173A,0.036488124442556114,0.014979292461016546,0.04656794848795099
AGAP6,0.05214778212442184,0.015039667261307472,0.04674560957355739
TAB1,0.01675205451029793,0.015075454690262644,0.04684135867935306
KDM8,0.011844196216519443,0.015076941049650922,0.04684135867935306
SNAPC5,-0.01605747373739952,0.015099319269465356,0.046900823568289986
WASF2,0.08127910973654728,0.015116849924245763,0.0469452088985368
SETD1A,0.03528858621398179,0.015121660476317338,0.04695008153032804
BMX,0.02149556256079599,0.015126508726989708,0.04695062221263381
SPG21,0.022642173410051925,0.01512831772068227,0.04695062221263381
TP53BP1,0.025360698345074262,0.015163246670711544,0.047048942754624255
CDK12,0.03544440258037085,0.015167341313948356,0.047051568128341825
SLITRK4,0.027646717917582997,0.015182000280402291,0.047086713816940066
RABGGTA,0.01400769463717122,0.015185172620748899,0.047086713816940066
ICA1L,-0.008419232635869633,0.015196572257945332,0.04711197615241442
ZNF414,0.01884928825052601,0.015213068494440766,0.04715302462518298
SAP30BP,0.02354226599541409,0.015227675707671763,0.0471882017436709
KHNYN,0.04396052125902017,0.015244140578002946,0.047223088334845995
PIGQ,0.05054674215966859,0.015245454367145809,0.047223088334845995
TMEM268,0.033194657967085206,0.015260390065522017,0.047259245180462026
TAP2,0.042992191137192215,0.015282952140181936,0.047318999315603925
F13A1,0.09334435564143106,0.015323652257604667,0.04743487482349776
ECHS1,0.04268125103126863,0.015339055496648175,0.047472410216549604
LDB1,0.018917096369802877,0.015362762510794797,0.047525470355905985
PIGN,-0.015504606037726631,0.015360787561233599,0.047525470355905985
ZNF493,0.015638355111827984,0.015404559308318633,0.04764459470888044
LZTFL1,-0.020575395589288448,0.01541258140447165,0.04765922909102634
POLR2H,-0.04264297561748265,0.01547757231711924,0.047849980243576326
FASTKD1,-0.021524158629341095,0.015505292220879784,0.04792544868271933
RAB8A,0.04004556833012529,0.015509059685309749,0.047926865901861834
NRBP1,0.025448353124567724,0.015524603424709835,0.04796466638299856
PRPF38B,-0.03162090417373786,0.015556127224466438,0.0480518120535662
CASP10,0.010844582172738981,0.01556187179850212,0.0480579520219179
LINC01340,0.014328119986407373,0.01556475096208346,0.0480579520219179
FXR2,0.0554567949231588,0.015579440099867252,0.04809305422132934
RGMA,0.03831487563985636,0.015593158937104322,0.04812514682399723
TMED10P1,-0.0509907544325916,0.01562934538345057,0.048226552734106955
TMEFF1,0.0129927410210815,0.015687544504685156,0.04839582419720124
SMIM3,0.01999959092482584,0.015694722011932404,0.048407656222493385
CAPS,0.0198112598234923,0.01571264221034581,0.04845261012873083
BLNK,0.011079467173813029,0.0157210200046799,0.04846812553166958
KCNAB2,0.017519795666324,0.015755442753297058,0.04856391420275689
LOXHD1,0.021129666666256597,0.015788881087222362,0.04865662843985717
C16orf70,0.02022364932392584,0.015815789487815618,0.048729184203684626
YIPF4,-0.027581727880914286,0.015822518501057536,0.04873954869615427
ZNF570,-0.010917185765021209,0.01583411732607657,0.048764906517306625
EOGT,-0.010655439167933878,0.015841548601200392,0.04877742133073692
C2CD2L,0.018700041481196195,0.015876475205881826,0.04887457319489743
CEBPA,0.053971195909564784,0.01589005343159052,0.048903790431954905
ARL17A,0.08291000966651119,0.01589271897011956,0.048903790431954905
SLC29A2,0.019564397377780374,0.015897349802452117,0.04890764964713604
CBFA2T3,0.01825993478679422,0.015922994326208965,0.04897614139324924
EIF3L,-0.05077527117179237,0.015942690327695984,0.04902631140262179
MRPS2,0.029177529332264918,0.015967460946532955,0.04909206205679969
TRIP6,0.02666286951841812,0.01598495826924866,0.04913542775292818
MAN1B1,0.039415621317351324,0.016001307243280864,0.049175245939248886
TESK2,0.02860590688133069,0.016009962174410093,0.04919140690160284
TRIM14,0.02309602873855887,0.016024411549045124,0.04922536094938909
ABLIM1,-0.03391903285341957,0.016033670011565408,0.049243358025342104
VRK2,-0.019340919673124013,0.01604919883479981,0.04928060121332212
PAFAH1B3,0.051444478062899535,0.016058596047634665,0.04929900490757535
ABL1,0.013477358767868708,0.016074870822498647,0.04932805699005729
EREG,0.015483461753934336,0.016071836988404652,0.04932805699005729
HCAR2,0.05289440314017657,0.016106638684956577,0.04941507195782907
C2orf82,0.01122703027693106,0.016127635401237912,0.04944806755959567
JCHAIN,-0.09988100551063894,0.016123787213348763,0.04944806755959567
PTPRJ,0.023653012184038147,0.016126331547908584,0.04944806755959567
PPP1R16A,0.020517206773865482,0.016133049924258784,0.04945420002179137
ZNF785,0.03179543970074228,0.01614060770369791,0.0494668984300382
ATP6AP2,-0.07368970661993757,0.016163153981408468,0.049525517720905486
DHRS4,-0.03345209034872809,0.01618726812802028,0.04958891530588954
ZDHHC17,-0.05743998350829749,0.016192631364253533,0.04959184359376062
DNAJC21,-0.00891908202642,0.016198495722319906,0.04959184359376062
VEGFA,0.008417871070816041,0.016195227849622365,0.04959184359376062
TOP1MT,-0.016898019628423633,0.01620770345936686,0.049609547105974136
TBC1D25,0.02101078786095556,0.016222181559972033,0.04964337158559791
CXorf23,-0.012048617943051454,0.016236534601093127,0.04967679914707074
FAM188A,-0.04557899012459554,0.016279778958248364,0.04979858889783934
AOC3,0.029155261910319474,0.016287280415864316,0.049808450203641684
USP21,0.015217878138726881,0.016289880462210072,0.049808450203641684
FAM134B,-0.025822118196890287,0.016294149439575436,0.04981098786044969
HNRNPU,-0.03508832196576073,0.016302870554943408,0.04982713169820644
ZNF234,0.027858069919767026,0.016317705887132043,0.049861951913337664
LY86,-0.06345253529213757,0.01634125461735549,0.04992337732077134
JUNB,0.048847702898190626,0.016351212051058984,0.04994326346426367
PGPEP1L,0.014073561165051096,0.016360016276772516,0.04995961959788596
ZNF511,0.03251466709229689,0.0163902525058509,0.050041403308335675
SCNN1B,0.0143576429197676,0.016402230150234877,0.05006741865036922
ZNF366,0.014024063036143453,0.016428817614868047,0.05013800976269465
MARK3,0.02481247587093538,0.01647426609081931,0.05026611966703748
COPZ1,-0.03741754689764143,0.016506942492117767,0.05035521378598015
BAIAP2,0.011221228263742056,0.01652328526375673,0.05039445436097125
ZXDC,0.019925546610956246,0.016527451852743954,0.050396550028451254
GPR155,0.012103917347232596,0.01653515842826673,0.05040943689223643
IFT88,-0.009620716388738515,0.01654384606786823,0.05042530859574988
SYT15,0.010814527150517783,0.01656390070575957,0.05046519516664316
SMPDL3B,-0.008448783182597452,0.016560934088952643,0.05046519516664316
TMEM123,-0.10991463095090204,0.016602456671343226,0.05057202574715779
ZSWIM1,0.032236543763058734,0.01663726966345783,0.050636677928125005
ABCG8,0.009430167571134795,0.01663613126020001,0.050636677928125005
TWF1,-0.008581833059998267,0.016637665718030027,0.050636677928125005
UBP1,-0.04660021823556626,0.016634063130902724,0.050636677928125005
CACNB3,0.022425986668220155,0.016666115621709405,0.05071260896320147
MTMR9,-0.040361026587951265,0.01668228416730395,0.050740488004878286
SLC25A10,0.019285798714905766,0.016681652239780135,0.050740488004878286
BAIAP2L2,0.017365054555734893,0.016690452285342453,0.05075467371423474
TMEM39B,0.03718273128619387,0.01681356265990511,0.051118312671298405
DHX32,-0.025853463370860474,0.01682975133779264,0.051156792943670225
ZNF517,0.014104324162235393,0.016879718287992538,0.05129791013077715
EIF2D,-0.027029907705578893,0.016905186219803477,0.051364530565897536
RNASEH1,0.040642846996892246,0.016929694362488625,0.05142820745517727
NSUN3,-0.031902209535796366,0.016950762157497013,0.05148140890945413
SLC35B1,0.030166177827712914,0.017022361123273967,0.051688024844758935
LRRC15,0.023095106166563184,0.017027973883852583,0.05169423050381908
ECT2L,0.013247959510890972,0.01703161200154775,0.05169444011534317
GLT8D2,0.01211761882380813,0.017055458536134795,0.051755309677386986
LBR,0.03304294490065196,0.017058813062679198,0.051755309677386986
SLF1,-0.017217007120467365,0.01709021120537052,0.051839710805986726
FAM46C,-0.1865011081543031,0.017120142064176187,0.05191962681271522
DSCR3,0.030519529804074352,0.01716826001766509,0.05205465314964647
ARHGAP25,0.020711000221845133,0.01717292696609323,0.05205790585535671
P2RY11,0.03566202542254526,0.017184725559549145,0.05208277150125755
PRKCDBP,0.037499646487161975,0.017190848339548176,0.05209042831590288
AQP9,0.07668017933438342,0.017207395288718022,0.05212966186191003
AQR,0.015645484474331006,0.017214733962502577,0.052140988438495885
HBP1,-0.041608998533039454,0.01722900851172419,0.052173313670042486
WDR26,0.055010478053421075,0.017270927468026324,0.05228932137267836
C2orf47,-0.032906022075779084,0.017278185030194966,0.052300361959737494
CTR9,-0.016131612453843758,0.01728586239896601,0.052301740335622245
DTNBP1,0.014389932535958216,0.017282931138102576,0.052301740335622245
UBA2,-0.013257434736059892,0.017299049134581905,0.05233070753243198
ITPR2,0.02366021457690959,0.01730458257483762,0.052336515768208004
RPS9,-0.06934383446238002,0.01733271961957109,0.05239082419218736
RRP8,0.029786853980600547,0.017328665769580982,0.05239082419218736
LIG3,0.017303946806904946,0.01733339060542404,0.05239082419218736
R3HDM4,0.09729838628744503,0.0173581978214184,0.05245485859491428
RRAS,0.04876079205612349,0.017396637835212315,0.052549093306614225
KLK1,0.011975999685759575,0.017396285232452523,0.052549093306614225
PYHIN1,-0.050122765352175414,0.017459765169948207,0.05272878205202874
TECR,0.05681637160574482,0.017477017184908766,0.052769880530793956
L3MBTL2,0.039155398496214744,0.017508395132395035,0.052853604647271714
C11orf65,0.018985840716673863,0.01762864592620502,0.05319443908232365
HOXB3,0.013554087172455098,0.01762549924035945,0.05319443908232365
ABCB6,0.020249348673536005,0.017636426022630852,0.05320683076687883
DYNC1LI2,-0.04133705888033923,0.017642911810524128,0.05321531334103113
TRIM46,0.021875239438348792,0.017665539475073707,0.05327247007223976
PLXNA3,0.029764915443203144,0.01767106871193729,0.05327805146205239
RAP2A,-0.07214102254596977,0.0176763707390766,0.05328294563679197
WBSCR17,0.009824510670246589,0.01771838802687436,0.05339848776139164
CDA,0.09340226910650529,0.017726828278648507,0.05341281064862596
TSPYL2,-0.011805795021055943,0.017730659951979873,0.05341324433121391
PRSS33,-0.08639794106424503,0.01774780217595956,0.05345376725235979
AKAIN1,0.010728238598757933,0.017803056402107047,0.053597894185848774
CTNNBIP1,0.031351021452374894,0.017801531150120526,0.053597894185848774
SASH1,0.01641487982265044,0.017852096621492224,0.053734365641249664
OR7G1,0.0160019525295354,0.017865881558736557,0.05376468491517562
CYP2D6,0.012549087508157974,0.017874950148337565,0.0537808014018532
SBK1,0.05011235981235984,0.017878884363364992,0.05378146648369232
NOP16,-0.015091374775616728,0.017924677462075288,0.05390802083901546
SMG1P5,0.012079205622665512,0.01793198886212186,0.05391881392546668
CBR3,-0.018532616177266092,0.017945335288018793,0.053947745187144916
ACTR1B,0.030513528145277746,0.01796773237064141,0.05400386712105627
MORF4L1,-0.06426774263151103,0.018004674202041222,0.054103672436175324
SHC1,0.0178763976892089,0.01801374944593802,0.05411971519912182
PMAIP1,-0.013114532965420977,0.018018343357084254,0.05412229058150318
HDLBP,0.009898452094076582,0.018037126219591387,0.05415624713195723
CSF2RA,0.044607027678607025,0.018034155661700003,0.05415624713195723
FOXN2,-0.08030848843657701,0.01804601536379087,0.05417170705267295
SOX13,0.028648892463592368,0.01807107621232885,0.05423569578519915
ZMIZ1,0.06043838334114682,0.018092446961571623,0.05428858541359092
SLC25A38,-0.04000836943814434,0.01811401223594382,0.054342036707831456
AP2A1,0.0597385172198992,0.018122819260910278,0.05435719904224984
GSDMA,0.01871845370831071,0.018146881172279125,0.054418100807306594
PRR12,0.012882787830777787,0.018200023141446302,0.054566163357629524
MADD,0.027065219310603794,0.018261047706608236,0.05473779283578512
DUSP26,-0.01136472203947747,0.01827348615246255,0.05476374372693308
MLST8,0.02626224899254126,0.018331157896056674,0.05492521534267374
HNRNPA0,-0.046132502477785664,0.0183353077093321,0.054926286838048836
ZNF274,-0.018807000800377338,0.018341647012150353,0.054933915492966445
ANP32AP1,-0.03292390674430923,0.018385510916424905,0.05505390533667528
C8orf37,0.04507337428395175,0.018393926489475975,0.05506772039552915
FAM207A,0.012907680820718248,0.01841029351753766,0.0551053298838635
C14orf169,0.027589068701196595,0.01841433376335333,0.05510603517115902
LIN7A,-0.027112626842197507,0.01842886770557799,0.055138136717122824
ETAA1,-0.011435001344405116,0.018443422491763315,0.05517028735454355
GGTLC2,0.01476146726546812,0.01846331791806644,0.05521839701120675
HRH2,0.00986764813438512,0.01849397835609404,0.05529867516714824
HIST1H4D,0.008711404549037738,0.01862314573773955,0.05567340410018982
SARS2,0.03486459616114512,0.018682255316726994,0.055838585639181544
NUDT14,0.0359339964548111,0.01870884020915457,0.05590650744571793
SPATA2,0.022751635137125525,0.018718394598140353,0.05592352049493912
NRDE2,0.03721192719404165,0.018732314478223013,0.055953566282240075
HLA-DPB1,-0.054480784996772336,0.018741972591571635,0.0559708723744997
EHBP1,-0.023864597696143797,0.018755728612558815,0.05600040676650214
CYB561,0.02316643035895538,0.018760514176524225,0.05600315072810735
ABCA1,0.09313085281735667,0.01876669452707689,0.05601005636311182
PAN3,-0.055761156399174894,0.018771618675477577,0.056013210732512815
FHDC1,0.014226462094196535,0.018806403649682824,0.05609389424670635
TBX3,0.011918113650392748,0.018805016396114833,0.05609389424670635
ALDOC,0.05868345671998654,0.01885670398924523,0.05623234518843482
C3orf58,-0.03240665819665711,0.01891651226321934,0.05638926951046142
USP48,0.016087102707567524,0.01891711271412124,0.05638926951046142
LRIT1,0.011822588980152204,0.018944524344637732,0.05645936020735245
INTS8,-0.03799337306475348,0.018979475731066436,0.056551887777981126
CLOCK,0.016009203864739696,0.018994362910352558,0.056561338896699516
ZBTB21,-0.026980514607842565,0.018991485102126254,0.056561338896699516
ERAP1,0.012848124738968458,0.018987367804497092,0.056561338896699516
HBQ1,0.13025529148926474,0.01905346745465787,0.056725677823898174
PCGF6,-0.011470924724646281,0.0190784535126685,0.056788393069767885
MRPS10,-0.03860025317780824,0.01909976414116261,0.056834700442301385
TUBA3D,0.01921594144543981,0.019101858723634572,0.056834700442301385
STXBP5,-0.044349334899472126,0.019129763532781303,0.05690603717576595
OR2H2,0.01857038112648901,0.01918131625818471,0.05704162602053914
FDXR,0.009014503963690856,0.019183220128835,0.05704162602053914
THG1L,-0.010617703389159239,0.019215484956442014,0.05712583828183623
SPHAR,-0.01393004700055478,0.01922085822066825,0.057130086285277853
COL5A1,0.012220429729091542,0.019286628373485735,0.057303462558329285
GTF2IP1,0.05378254331890098,0.019287101627440986,0.057303462558329285
WARS,0.0798329565322895,0.01932160932997728,0.057394214424813565
DBNDD2,0.046020616328380726,0.019334933338410024,0.057422016500621446
RNF2,-0.010575247683796363,0.019347721109516373,0.05744821495494776
KIAA1257,0.010761222026483885,0.019353440139542103,0.05745341811459886
RAB10,-0.07770115626892427,0.019377647505681557,0.057513493129567966
SEPT2,-0.026413344816036854,0.01938570209842585,0.05752561138979718
ABCC6,0.006491028958730993,0.019389952407524613,0.0575264380726314
CILP,0.012533106295146368,0.019488196030673994,0.057806068258915044
DNASE2,0.039817948250584934,0.01950059283614481,0.05782567199548357
CD47,-0.04544196529025957,0.019502789816206657,0.05782567199548357
OTULIN,-0.020240203153152336,0.01952967360791039,0.05789353101452601
PPP1CB,-0.041324187249225375,0.019543796108980487,0.057923540585732215
TMIGD3,0.023264636706215036,0.01954994380683456,0.057929907139564606
APOBEC3H,0.033551576431153585,0.01956775825280919,0.05794326160781787
CDH26,0.009877737786165852,0.01956633473415156,0.05794326160781787
TAF4,0.03697071767613114,0.019570452622579743,0.05794326160781787
FAM101B,0.07713338610935772,0.019564655666205428,0.05794326160781787
C12orf29,-0.03737509670150985,0.01958119275335675,0.05796321190264033
COL6A2,0.01619527784160546,0.019589798609556144,0.057976837568616914
BCL3,0.06923184088288892,0.01968475174792312,0.05824595389518252
ACRBP,0.0823683948589835,0.019712173540820322,0.05831518005826012
MIPEP,-0.01650941355801372,0.019723923959494558,0.05833802626696327
RNF135,0.020817170887575287,0.019728440575946957,0.05833947188689582
MBNL1,-0.08806745868685972,0.01977990487609134,0.058479718764096134
NAA10,0.03685323263133,0.019816698206273714,0.05855881775879186
CSNK1A1,0.017182456935006307,0.019822826240176384,0.05855881775879186
LOC102725068,0.018380060072829885,0.019816966597640342,0.05855881775879186
ABHD3,0.06255069408699043,0.019822830949417048,0.05855881775879186
PTGES3,-0.06518163199013038,0.01984955860494744,0.05862581705425341
BEGAIN,0.012704262164926483,0.019860123934229364,0.058645063213736616
ITFG1,-0.030779887292033514,0.019878657617178438,0.058687826524095495
ZNF512B,0.012587759271408316,0.019909100378049077,0.05876572444990072
APOBR,0.046279568932095394,0.01992727828133673,0.05880739580824801
NPAT,0.03477634561349596,0.019937199415553705,0.05882468859948663
SI,0.012774336630966943,0.019957544710738788,0.05887272456015084
ARNTL,0.02334724268306676,0.019999064822386996,0.05898319179137716
KRR1,-0.015453764676300885,0.020008255283616213,0.05899828369867615
MS4A1,-0.01599475100701131,0.02002084637572137,0.05902339485160763
RAB11FIP5,0.04263032064893846,0.020068007434116967,0.05915039065440581
GLRX2,-0.012120740167842925,0.020082432741198166,0.059180865884743486
SLC9A6,-0.016155561194406864,0.020116499906329084,0.0592691994799167
RASD1,0.015503571808572758,0.020180265403225393,0.05944493268802826
CYP4F12,0.026810226077269128,0.020184353697854387,0.05944493268802826
SSBP4,0.02504358229674697,0.02026667373219619,0.05966311023112392
ARPC1B,-0.06476776661636485,0.020264638007800463,0.05966311023112392
NELFE,0.02625602090737189,0.02028189331637108,0.05969578191309058
TNRC6B,0.020981533718154033,0.02029932706920084,0.059734955967148506
ARHGAP26,0.038541969314279,0.020309358328924394,0.059752335168828136
ZNF519,-0.012032462199996097,0.02037673406266748,0.059926216479934166
SLC43A3,0.014677339429038483,0.020374819980913374,0.059926216479934166
C3orf62,0.04110089081159796,0.02038280518872737,0.05993040304006447
NMRAL1,0.03763849756562898,0.020386433014250045,0.05993040304006447
RPL23A,-0.042256005137831565,0.0204176999781165,0.06001013930256481
RAB2A,-0.023017226636909527,0.02042189176880875,0.06001028208144166
IL6R,0.055621087185909523,0.020443873306401992,0.06006268985191206
KIRREL3-AS2,0.033184522000770045,0.02045108282209402,0.060071685985643844
HLTF,-0.01784037152009965,0.020462927889142227,0.060094291878819144
BTF3L4,-0.034479542735900814,0.02049820809494306,0.06018569755669072
NR4A2,0.019156833329192047,0.020530030041889944,0.0602625627312817
TOMM22,-0.03518295279230976,0.02053270830425816,0.0602625627312817
SOD2,-0.06349332115328998,0.02053929578895741,0.060269683996608404
MRPL57,-0.03216783953582425,0.020552364360812564,0.06029581636662126
WIPI1,0.038606745527622444,0.020594934149626105,0.06040847027606004
ITPKB,0.047155563979158543,0.020615064241558314,0.06045527241845123
TCF3,0.03715486496000331,0.02063511638161838,0.060501827058979885
FASLG,-0.02323328188045881,0.02065677830961189,0.06055308177219563
PPRC1,0.033156246352961105,0.020660973048083377,0.06055312295193031
LAT2,0.03719978999261464,0.020665262039705964,0.060553440295994576
CCDC126,-0.023984041064802675,0.020711432750373387,0.06067645468373951
LEF1,-0.08886311514895873,0.020732496119308143,0.060725879432165654
IFT46,-0.014544706342315195,0.02074248178147434,0.060730565215863015
LRRC61,0.012984914804838432,0.02074020973646658,0.060730565215863015
PTPN20,0.007628466551476087,0.02075629760638428,0.06075873373703919
VTA1,-0.02360970987589539,0.02079560594059082,0.060861498574159914
AIRE,0.04378289944012792,0.020823666217729207,0.06093130939345249
ADIPOQ,0.009493274067128077,0.02084338784178662,0.06097669753593969
DBNDD1,-0.02711875746610648,0.02089359636622616,0.06111123783691836
ASPSCR1,0.04639301929010031,0.020951523420191482,0.061255927577322046
TGFB3,0.01812492577828806,0.020947906493820192,0.061255927577322046
RGS18,-0.11534286486164369,0.020959861846142232,0.06126793924914715
LEFTY1,0.010889812694852452,0.020972003598934683,0.06129106136540959
CLK3,0.03908486201768113,0.020978694438449918,0.06129824697327187
BMP1,0.017100407707729026,0.021023069471617882,0.06141551799655373
ZHX1,-0.006999494244064763,0.021032549054695964,0.06143082083246952
SBF2,0.013006993803871048,0.021075421058335517,0.06154362875180073
HNRNPR,-0.03925566863261132,0.021109317782814677,0.061630187213523036
TAF3,0.008154511221160732,0.021113751642451033,0.06163070914737218
PRSS23,-0.039168592708639594,0.02115569642575723,0.06174070260541361
OPA3,0.012071334342326878,0.021161850806582602,0.06174622221646704
STX10,0.0606474294968713,0.02118853221927354,0.06181162148317381
PRKX,-0.022197929131713146,0.02128301099857737,0.062074734454972746
MOSPD3,0.04469029781308098,0.02128938814708383,0.06208083308281905
ZNRF2,-0.008203352833535682,0.02133673180026421,0.06219384652747572
ZNF335,0.017645282117931593,0.02133409914180209,0.06219384652747572
CCDC93,0.01318271875601873,0.021430899320765185,0.0624557637348014
CCND2,-0.05161155054726407,0.021442044397169624,0.062475673113780904
TAB2,-0.01830111028124115,0.021518195109318933,0.06268494327501517
CHD3,0.01952781153185512,0.021540726311551628,0.06273796096853283
NDRG3,0.027524057054102435,0.021548483272816464,0.06274793560986604
OCIAD1,-0.045079354529265814,0.021560007680966515,0.06276887462334049
ANKRD18A,0.013392619919600612,0.0215805512619142,0.06280343670435307
SCGB1C2,-0.027682730900674635,0.021578659784327416,0.06280343670435307
DTX3,0.02217193905145365,0.02161849493860261,0.06290122151280036
FAM160B2,0.02191616279664821,0.02164444135008731,0.0629640667834233
NOXA1,0.022211075687228465,0.02165988428737893,0.06299633815630451
COLQ,0.02203821470356182,0.021786548293839737,0.06333929455800376
FAR2,0.04162674360865104,0.021784852898754044,0.06333929455800376
FARSB,0.028340902497657083,0.021845560555649957,0.0634981134031776
LOC101929034,0.010733034412775844,0.02185604625551877,0.06350310410530267
HPCAL1,0.023777848829374726,0.021852478845724835,0.06350310410530267
KCND1,0.014069630641435182,0.021884513319294602,0.06357306275905797
TAF1A,-0.008600661578339164,0.02189798022452629,0.06359942762623597
LMAN2L,0.021411766977936786,0.02191965586290734,0.06364961818731955
C1orf159,0.01865565873926922,0.021943584533059182,0.06369356280096777
C21orf58,0.021246888435016764,0.021939690782358634,0.06369356280096777
GMPR2,-0.028731450615336662,0.021957467449789846,0.06370832502859698
DNAAF2,-0.016788614872960572,0.02195708575174077,0.06370832502859698
DMAP1,0.03277872330412812,0.022047621992800352,0.06395709131658728
ACTR8,-0.016391690061394293,0.022106785860907717,0.06411587633347765
IER2,0.03171405948403461,0.022189037432117233,0.06434154517853573
MARCO,0.03762921174189593,0.022193708862571798,0.0643422096007786
KLHL26,0.020130986627934,0.022212214997874558,0.06437009244282015
VPS50,-0.01260076926098197,0.022209184850246012,0.06437009244282015
TAMM41,-0.03385537954131124,0.02230831440643511,0.06463565230302183
ANKRD44,-0.023915473416549204,0.022313111078018148,0.06463662017080297
SH3RF3,0.019351571266371437,0.022320930305645074,0.06464634164106443
ARMC12,0.009300032490652477,0.02234380498168651,0.06469965440918582
DEAF1,0.00945986956843825,0.022366439522298356,0.06474044269114376
MAP3K4,-0.01639580307181543,0.022366830656343786,0.06474044269114376
LBX2,0.008353024003546317,0.022380950203425218,0.0647650797312426
ARHGAP18,-0.012789263152265917,0.02238428535864405,0.0647650797312426
ANXA6,0.03261658150241864,0.02240074966718417,0.06479977195516187
UBAP1,0.053152376110206845,0.02242204885795595,0.06484843363790614
MPRIP,0.018231989519157388,0.02244709356347336,0.06490790640314396
POP5,-0.028920867187913757,0.022465108577925642,0.06494703246360779
ANO10,0.021129873904419227,0.022485931555423205,0.06498129143031718
FRY,0.01639515465420871,0.022482853537546088,0.06498129143031718
CDKN2B,0.009623363400861784,0.022515958909187832,0.06505508654312318
S100PBP,-0.015365243530471417,0.022527399234685178,0.06507515965599923
HSCB,-0.020074543684815538,0.02253623186708483,0.06508769339239416
IGFLR1,0.07010756718953104,0.022582234014577377,0.0652075513291744
PHF23,0.032782778478161134,0.02262051970415912,0.06530508419275277
NARS2,-0.01953130318102314,0.02265309506440082,0.06538609583754114
KBTBD7,0.034378099279731344,0.0226887133305635,0.06547585652119581
BBS1,0.022337498512599474,0.022706648994198258,0.06550151444572148
GNA15,0.04689679952912584,0.02270244709278975,0.06550151444572148
EMC7,0.033628242173348255,0.022712705658408598,0.06550593961696338
WDR4,0.01242954363186577,0.022736336560256355,0.06556103896849554
FBXL18,0.013475591196840497,0.022779015593090306,0.06567103141925158
IDNK,-0.02758823160238766,0.02280164509950188,0.06572318957635527
ZNF133,0.02006092069174681,0.02281939800673167,0.06576127352357769
APEH,0.03444762194074613,0.022842818230434884,0.06580258139411671
RRNAD1,0.024727299707075545,0.022841149337478394,0.06580258139411671
CTAG1A,0.007150758682642255,0.0228658405748119,0.06585028309609561
DPF2,0.04249723864980126,0.022868470310229285,0.06585028309609561
BPHL,-0.021975492954865672,0.022881482723892697,0.06587465628560164
LRRC10B,0.014010017736381997,0.023013330141075865,0.06624107189255621
LRP6,0.01877293259225521,0.023018956691222357,0.06624410266554036
LINC00052,0.013409907317140757,0.023070828843162083,0.06638019168938411
DTD1,-0.025120058804581014,0.023108216976575807,0.0664745610106701
FZR1,0.014597714631432446,0.023131195663415996,0.06652744995808524
ATP6V1B1,-0.008826392402956351,0.02315218046328293,0.06657458444117331
GPATCH2,-0.007980675211094912,0.023169589760133488,0.06661142081893082
GTDC1,0.00999242541992551,0.023199805988297496,0.06668505456132189
SPCS2,-0.018917553859614245,0.023217083070380236,0.06672147444273557
HIST1H3D,0.022927261804437826,0.023228036169260672,0.06673970955674897
MSR1,0.009026253139343687,0.02325828050687697,0.0667918266851316
SDHAF4,-0.015455083083132592,0.023260009237766072,0.0667918266851316
SH3YL1,-0.03112254503571421,0.023255949976129096,0.0667918266851316
SPATA6,0.010371957942511223,0.023300869174296426,0.06689589477116144
SYNJ2,0.022711023445595835,0.02330646355212275,0.06689869561810263
GPANK1,-0.011249936809542227,0.023313848518123344,0.06690663402744175
FLJ35934,0.008850526754359045,0.02332101235732788,0.06691393482241224
S1PR1,-0.05291174288510003,0.023382243186686486,0.06707073285036926
PRR15L,0.024304619031745744,0.02338492135420911,0.06707073285036926
MDP1,-0.01893983240657615,0.02338969844704027,0.06707115270380742
CLEC7A,-0.03813771171694036,0.023394976142219484,0.06707300760964113
PTBP2,-0.026390051035173556,0.02345554825150544,0.06722005557475362
MTX3,-0.03329348729097248,0.023454937872004977,0.06722005557475362
FUT7,0.03286706971209874,0.023471311702973455,0.06725192457089368
USP19,0.014980688053568336,0.023560699403099697,0.06748495306685892
CCND1,-0.010750536997553795,0.023561958551443354,0.06748495306685892
CRACR2B,0.021740260004669665,0.023592443401533117,0.06755890672752188
SF3A3,-0.04390094582554305,0.023618427733055333,0.06761994609321476
GOLGA2,0.024740429658117513,0.023643318978846833,0.06767783242877817
KIF5B,-0.026460164699225075,0.02365135495786029,0.06768745805367485
RGCC,-0.07873099563640373,0.024095248047036714,0.06893058911974713
FAM192A,0.02387048805841463,0.02409297907533539,0.06893058911974713
FAM174A,0.031158608053288184,0.024107798290126794,0.06895287330849062
ADHFE1,0.024730895935648256,0.024112642380385234,0.06895311199160903
FRMD3,0.03344244113468875,0.02416878029258819,0.06910000271572195
LMNTD2,0.013316447935309839,0.024178425324947888,0.0691139357423614
EEF1G,-0.09266734165277235,0.024185994938434867,0.0691219318643036
PKP3,0.010035757839265358,0.02425759877118237,0.06930289433547125
ZNF526,0.03329981439709595,0.024258883891248223,0.06930289433547125
ADAMTS13,0.01548613568906454,0.024277884983485747,0.06934349952687982
PPP1R8,-0.012828272184140843,0.024299509133811112,0.06939157931666406
ARL13B,-0.008335325793299653,0.024355689366180447,0.06952459692151312
SCLY,0.018414153877510664,0.024354730510445295,0.06952459692151312
GSDMB,0.03952253785355442,0.024363094178363444,0.06953203075456475
HBG1,-0.23822611973178986,0.02442692094805731,0.06970045764611152
CD4,0.049132796616298435,0.0244637327117041,0.06979174800006346
XRRA1,0.013866920603703647,0.02450334232988818,0.06989098273062237
GPN3,-0.015596233494931333,0.024511580890076927,0.06990071620631506
LIMD2,0.01732115198415407,0.024542703306256505,0.06997569186768095
ATRIP,0.017905694771494396,0.024572609572787358,0.0700471712364204
ZNF69,-0.061116996260061285,0.024586105281701215,0.07007185141679662
MGMT,-0.045972860885501454,0.024610081796394595,0.07011279417294364
GGT8P,0.017557280945340814,0.024614992983251753,0.07011279417294364
NUP35,-0.012554237551062108,0.02461410067560251,0.07011279417294364
WHRN,0.013034556964695021,0.024633621073505016,0.07015205812596277
CD40,-0.016354823737156465,0.02464744226654988,0.0701776201668387
GLT1D1,0.03290696564427442,0.02467366694345717,0.07023848113385096
S1PR3,0.026477635315919734,0.024802168203582567,0.07057654307675637
HSFY2,0.006059494537068666,0.024798242000710544,0.07057654307675637
GCNT1,-0.012689356002654861,0.024810284540427968,0.07058577122049867
XPA,-0.017802560253890043,0.02481553501925195,0.07058684391571982
CYGB,0.011228684918822118,0.024837057201553422,0.07063419134248965
TMEM159,0.01582071430699372,0.024885529500821218,0.07075814866311239
MAP3K14,0.025496227652289427,0.02489637195279822,0.07077369035800407
RNF40,0.0554085068888579,0.02490076816241292,0.07077369035800407
AIM1L,0.006029702701919604,0.024989889281153088,0.07099912835390768
VPS25,-0.021834582892862997,0.024988885536490677,0.07099912835390768
TERF2,0.03199724226488598,0.025057021493567706,0.07117589709998719
POLR2J3,-0.03238140618702268,0.025070729554576735,0.07120087193499794
MMRN1,0.02429144924337301,0.02507930147035916,0.07121125318499942
AARS,0.05132722691989855,0.025132860363570018,0.07134934329791222
SUZ12,-0.0767799004861569,0.025146588991754936,0.07136750885365602
ASF1A,-0.04401274827876023,0.025149113862818304,0.07136750885365602
SH3BGRL,-0.05052733666313891,0.025157204355419106,0.07137648342485609
KBTBD2,-0.04569677693312357,0.02517345147777245,0.0714085920885343
DDRGK1,-0.02564508930035636,0.0252195914707799,0.07152546756662935
LRFN4,0.012982944053916867,0.02526978723785729,0.07165379764156715
MCM5,0.03959481797654352,0.025287465712282572,0.07168989105044055
PPP2R1A,0.046415994305998964,0.02530042762287146,0.07171260150482783
HLA-E,0.06838675859904697,0.02536054800337425,0.07186894487984204
RPUSD4,-0.03998781353359959,0.025381153670404995,0.07190486780275314
MELTF,0.006329446916432779,0.02538315307066258,0.07190486780275314
NIT1,0.01874417556216379,0.025450246410932666,0.07206802990981717
G2E3,-0.01600810717617307,0.025450702360447035,0.07206802990981717
PRKCE,0.016288711250340704,0.025479093368239978,0.07212022441774239
CAPN12,0.024980929949051323,0.025478249167644414,0.07212022441774239
TERF1,-0.014485263974894913,0.025493994506007443,0.07214830332649703
HDC,0.10499435813097069,0.02551565596481195,0.0721954993151663
PDLIM5,0.010569224516836506,0.025533896635887815,0.07222841482218945
WBSCR22,-0.03318586452441785,0.02553726265564983,0.07222841482218945
PDE7B,-0.013191780413248644,0.025560577386568032,0.07228024265268476
TMEM176A,0.0935416910802962,0.025652371222108776,0.07252565777494115
TBL1X,0.06455829069505548,0.025661151835679335,0.07253632380717788
NAXD,0.029216000096367267,0.025677762313619325,0.07256911401960241
DNAJC28,0.025143242878439054,0.02569314981481716,0.07259843580136788
SND1,0.05238939773579787,0.025799060150962307,0.07288347712629961
PPID,0.018700913951178677,0.025822011168477328,0.0729340892675947
WDR83,0.017277565023221086,0.025840776085702854,0.07297286036758045
LOC101929523,0.06249495055924026,0.025872261801856783,0.07304753215167517
HBA2,0.02678439096231422,0.025885145294246622,0.07306966369944808
SESN2,0.01344384679464472,0.025906296846022636,0.07308021288682204
PARP3,0.023530407115681662,0.025901784091676625,0.07308021288682204
PRR3,0.01574751407062802,0.025903899849456444,0.07308021288682204
ALB,0.013962724647034186,0.02590906470407561,0.07308021288682204
CXCR3,0.04170911036649727,0.025916371035274402,0.07308658841022478
ARMC6,0.02648159089300517,0.025965219414412034,0.07321009110343467
TRIM24,-0.01681531375315881,0.0259703259010796,0.07321023751483785
CNTN5,-0.008619783817342075,0.025980963668826997,0.07321877651739314
PDLIM7,0.03771445550647634,0.025983465292695438,0.07321877651739314
PAFAH1B1,0.0306361706830387,0.025989423610248925,0.07322132106026949
GNG5,0.04063189544354806,0.02599543734563154,0.07322402071453271
ZFAND3,0.03854611748726455,0.02602519921491137,0.07329360012225866
SRCIN1,0.018520801246997287,0.026053745959337186,0.0733597310410264
SRSF4,0.04168279382536966,0.026130159303765277,0.07356058840733455
ZNF789,-0.018578685737980827,0.02622081202972897,0.07378710733215357
MCCC1,-0.026660102684190612,0.02621621630761198,0.07378710733215357
SQRDL,0.041134464599465126,0.026246032172314294,0.07384373154308474
CAMK1,-0.049796393672282946,0.026275075864845576,0.07391108930402472
SGSH,0.04537360278027336,0.02632944127854534,0.07404963640358267
PSTPIP2,0.05443213324243956,0.02638895288690897,0.07420260019685294
RNF185,0.02132617207756482,0.02639831271502833,0.07421451113440805
VTI1B,-0.05001002159394208,0.02643914793559735,0.0743004692858347
ZNF345,-0.007857304646552876,0.026435166952058678,0.0743004692858347
DDX56,0.03766827206769463,0.02645039417057599,0.07431765454250681
USP14,-0.02145620219557376,0.02648197672030098,0.07439196098076792
C9orf135,-0.010071075864668266,0.02650593470289896,0.07444482416846782
TFG,0.033610837934729965,0.026524045514553708,0.07448124762171306
AIM1,0.0253137720375598,0.02653045669288488,0.07448480999025868
MED26,0.020817654101215943,0.02654896224418307,0.07449952698508089
LINC00399,0.013787919434063767,0.026559220442657586,0.07449952698508089
PPP1R12A,-0.040810354532066384,0.026558935604411162,0.07449952698508089
TIMM9,-0.030119168846802324,0.026561416552813983,0.07449952698508089
RBM3,-0.02436603210094823,0.026550354897199976,0.07449952698508089
RPS6KB2,0.03118287665375341,0.0265715345865022,0.0745134766603868
HIC2,0.021848378808920543,0.026692665604307733,0.07483866988246093
SLC35A5,-0.041589127870986786,0.02673689294834088,0.07494816285344867
CLTA,-0.019947252434237228,0.026807947838065813,0.07513280117773709
CCZ1,-0.011693522984323579,0.02682344411182937,0.07515520157963368
INSIG1,-0.023967517610048006,0.026826318155668747,0.07515520157963368
THOC5,0.04226461410127946,0.02685785612489168,0.07522900563003888
FOSL2,0.024463253049910705,0.02686593250226846,0.07523707779637595
CD320,0.04359956068359061,0.026891075856050745,0.07529293305606785
C16orf45,-0.011346035254204523,0.026912313601472438,0.07533783343713313
PDXDC2P,0.00980144574571451,0.026922575964992045,0.07534941219725823
FAAP20,0.025010831362614283,0.026926854289768612,0.07534941219725823
RNF19B,0.049021316676547855,0.026934033303893667,0.07535494270303185
GDPD4,0.029029847259081976,0.02694005975036558,0.07535724708850813
EIF4E,-0.007342058045091804,0.02696387841319325,0.0754093097000755
CHKA,0.010667358750092504,0.026999343194061803,0.07549391637505622
C20orf194,0.016015892628632677,0.027096042595669178,0.07574967785286091
KYNU,-0.05109496257146251,0.027244821945952444,0.07615090719127272
ZFP2,-0.00897629346847939,0.027326237193841932,0.07636373133621581
CCL3L1,0.012011749635014723,0.027377159873397533,0.07649127770183062
METTL23,-0.01699826532133386,0.02738546346042873,0.07649972087962385
RPA4,0.01606353690958251,0.027397383358556883,0.07651826081090203
NINJ2,0.09196757211755902,0.0274156705793516,0.07655457348589331
SLC9B2,-0.007745119859796645,0.027435053489850994,0.07659393113858941
C7orf34,0.016151478886333948,0.027451177400231817,0.07662417680958906
OXR1,-0.07627249964211558,0.027492383955240233,0.0767096299764399
PELP1,0.04044493766905877,0.027490114957449414,0.0767096299764399
JKAMP,-0.04138504015479594,0.027505561077844326,0.07671683933208111
TBC1D9B,0.023966455353090055,0.02750077752033879,0.07671683933208111
SPINK2,-0.010813680087784938,0.02760781892697688,0.0769724060324029
NFKBIB,0.02162223508698169,0.02760533694722258,0.0769724060324029
BMS1,-0.03525355970110944,0.027618117238322602,0.07698629909158286
TNFRSF4,0.023838354543667784,0.027629262161764857,0.07698900900299505
RBSN,0.02828017652833381,0.02762972029809226,0.07698900900299505
PNOC,-0.0306393261777389,0.02773111846847201,0.0772566878048372
SNORD16,0.008310293292247195,0.027766011428333955,0.0773390210630748
ARSB,0.011786620653005286,0.027778440310573863,0.07735876359514551
GOSR1,-0.009281045632294926,0.027817886609520517,0.07742395650505288
FOLR3,0.20659428229361865,0.02781355302356941,0.07742395650505288
MAPK13,0.018979513065439768,0.027807379007907737,0.07742395650505288
ANKRD13A,0.043919551242700194,0.02786580386372621,0.07754242135681276
TMEM105,0.01140152788176163,0.02788588273361975,0.07758338945711649
SDHD,-0.0534559944373445,0.027893727692634412,0.07759031148456248
RPS6KA3,-0.012575543475430884,0.028002709027780428,0.07787850183532483
PI4K2B,-0.025587734089714154,0.028055913291508226,0.07801148936728837
RHOA,0.06446099649480175,0.028065969648130937,0.07802447301027418
ZCRB1,-0.015101205591862232,0.028155265943584626,0.07825769946783338
SEC22B,-0.032375967424195906,0.028170328316348695,0.07828454246623072
APP,0.024288230483718642,0.028205418112596636,0.07836702013098977
FAM72B,0.0073189827907951255,0.028216320035784198,0.07838227452978487
FKBP1A,0.04370930075361201,0.028269269570750252,0.07851430497847492
AKT3,-0.005782066706261801,0.028363056982881604,0.07875968507286371
DERL1,-0.04027979466644638,0.028379520422642926,0.07879029591749284
SARAF,-0.07162383851564691,0.02840492873594999,0.07884572399607123
PPP3CC,-0.03952212060887916,0.028484812437563758,0.07905231334463948
COQ7,0.013022134681889952,0.028529317770291003,0.07916065873273848
FMC1,-0.02638173801500887,0.02856687533005562,0.0792496882360708
DHX38,0.02253216618710674,0.028585339176015422,0.07928572436334878
NDUFS1,0.019746158134983816,0.028597085272823713,0.07930311757449333
ZFAT,0.008125872471144824,0.028605008559150092,0.07930990504799577
SLC22A15,0.037611412193135685,0.028620441506272094,0.07933750713432441
PRKAB2,-0.024231840930142745,0.028626802419742962,0.07933995527125087
PEX11B,-0.034861179225391226,0.02866077531232775,0.07939548249182422
NUDT4P1,-0.006995518527650013,0.02865621524113561,0.07939548249182422
GPRIN3,0.022504729322216477,0.028668763700099468,0.07939548249182422
TRAF7,0.019706240958739407,0.028665790320056263,0.07939548249182422
CTLA4,-0.014522361688929841,0.02870712057761176,0.07948651012160748
RNF103,-0.0352083306305877,0.028764415327703227,0.07961471270904903
UBXN2A,-0.023235059716667728,0.028763023170119934,0.07961471270904903
RADIL,0.014519672065480549,0.028781198139661124,0.07964594456531367
PHEX,-0.009405507284705905,0.028795635894064028,0.07965597395809712
ODF2L,-0.009798982010282842,0.028795821571706473,0.07965597395809712
SLC9A2,0.013838781093118868,0.02882233216400709,0.07971408422063751
CPSF3,-0.030593499853069694,0.028977272774576925,0.08012039976777885
CTNNBL1,-0.029343299018396607,0.028980307538207222,0.08012039976777885
SLC4A1AP,-0.02048236958208971,0.028987043122290352,0.08012372759222394
RAB9A,-0.038256081541549136,0.02899521229038421,0.08013101599197192
MT1L,0.01133157143433916,0.029009774315440922,0.08015596550645676
ENTPD1,0.04171751599685525,0.02904456781671885,0.08022978879763915
SH3PXD2B,0.013976161707381252,0.02904757059202014,0.08022978879763915
LDHAL6A,0.013758740724017393,0.029064803764843824,0.08026208155004727
MLXIP,0.010454310463984484,0.029100938290301477,0.0803465478834782
ANGPTL3,0.010432491777584652,0.029118812746538256,0.08038057629518965
LIN9,-0.010190645522580866,0.02914388829570254,0.08043446609659977
SLA2,0.023684828565343707,0.029214850784454155,0.08061495499371955
CAMK1D,0.04013237952386817,0.029241807805732285,0.08065860679074964
VKORC1,0.02263287608886344,0.029241256487936493,0.08065860679074964
CCDC36,0.015228818736729544,0.029264411606130972,0.08070558600594079
FARS2,-0.026135056299825266,0.029303275824144173,0.080797381884048
SLAMF8,0.019535589332780212,0.02931329269781099,0.08080961770747895
LOC284648,0.02364347896291985,0.02935469414180593,0.08090835203614026
TMEM86B,0.09520827761938833,0.029374973784802725,0.08094884328369154
UBE2F,-0.05547908343223362,0.029381248703777212,0.08095073354108981
EEPD1,0.02431751970107765,0.029398845131563964,0.08098380998204117
IFIH1,-0.05604894875674393,0.029446364259794373,0.08100473931980556
MTDH,-0.04354833872730701,0.029443009264701142,0.08100473931980556
KCNN2,-0.010000060731062632,0.029425784120282437,0.08100473931980556
KANSL1L,0.009554832233849453,0.029428599482964085,0.08100473931980556
KIR2DL1,0.067956927040564,0.029441237643436674,0.08100473931980556
ZNF580,0.02317770292195931,0.029422617149734126,0.08100473931980556
KIAA1324L,-0.016414870218398825,0.02945118456628667,0.08100473931980556
ARHGAP5,0.015994716996330816,0.02942983096873976,0.08100473931980556
TMEM47,0.011505257245898903,0.029471389971441306,0.08103433972491496
CCER2,0.008576649200593423,0.02948432548676483,0.08103433972491496
GBP1P1,0.03488674657946689,0.02947337108726276,0.08103433972491496
HPD,0.010202509554509298,0.029480207490940005,0.08103433972491496
ALMS1,0.02370161629509049,0.029497229109626995,0.08105442352947019
WIPI2,0.035754475506051264,0.02956625006775892,0.08122867336521628
ECHDC2,0.060664936812797166,0.029586494916358105,0.08126887774863091
AIMP2,0.0333920852798002,0.029606409634105043,0.08127733835109505
CEL,0.011158123172894108,0.029605498091839877,0.08127733835109505
ZNF354A,-0.01689048573493146,0.029605072076956396,0.08127733835109505
CELSR2,0.008259274775105574,0.029650100815451167,0.08136643808469017
ZNF394,-0.03458214286908401,0.02964486633851527,0.08136643808469017
ATAD2,-0.014889520268471124,0.02968459601662437,0.08143024407287638
AGTR1,0.008320538171535219,0.0296837556359884,0.08143024407287638
TCFL5,-0.03411691668901273,0.029706568115529807,0.08147508664747846
EBI3,0.010909834635529414,0.029721445197129347,0.08150045668974279
WDR54,0.04690536711482274,0.02976323511226746,0.08159457133399112
ALDH8A1,0.009894006075716,0.029767033618393335,0.08159457133399112
MAPK3,0.052638574933620674,0.029797759271755445,0.08166333874968891
MED13,-0.01025624981318174,0.02982508613707858,0.08171133984609272
COL4A3BP,0.02541843457755988,0.029826557150392997,0.08171133984609272
LRIG2,-0.015679906954794376,0.029917024726556225,0.08194368119127086
DNAJC24,-0.02870791702548736,0.029990373088152198,0.08212905347112809
OAT,-0.03437016657027403,0.030018454485647952,0.08219041489038278
CD48,-0.08679815077267783,0.030046579673432564,0.08225187298998247
UPK3B,0.005597928063208357,0.03005916800304629,0.08227078408089993
FAM219A,0.03777203592008238,0.030111444864714218,0.08239829348583426
FAM49A,0.03319251585757499,0.030118186577754103,0.08240117385572165
NUDT11,-0.0071274509835257405,0.030169276636162312,0.08252536407897544
F8,0.008647753167665861,0.030245005777266076,0.08271689268842934
IGF1R,0.02293377515185835,0.030281271260682058,0.08280044042660353
FOXH1,0.009549312122367759,0.030315381243110777,0.08286242346201482
NOSIP,-0.06058903186906939,0.030312183174508022,0.08286242346201482
SYT10,0.007921901163711276,0.030356597301719405,0.0829594255317177
AMY1A,0.03639826971569082,0.03039630131539371,0.0830522596212342
UBFD1,-0.019342676105894796,0.03043119679852013,0.08313192275174755
EVI2B,0.03096636216655746,0.03044230686766113,0.0831465911128048
ZNF626,-0.011640432589393512,0.03044949544793013,0.08315031841370389
C6orf136,0.02697201544573602,0.030455153216286876,0.08315031841370389
KHSRP,0.037811410467836204,0.03046584391057155,0.08315328581591253
SURF6,0.03370403297716873,0.030467722164115422,0.08315328581591253
ITK,-0.06950190681366664,0.03047564992387856,0.08315925273124662
ZC3HAV1L,0.007314167588599929,0.030487722275965485,0.08317652466473613
TTC13,-0.022151222186845843,0.030506381490084288,0.0832117569684333
TCL1B,0.03149504073694853,0.030526706014315036,0.08325151758827698
LGMN,0.009867378608759303,0.030536433166576813,0.08326236784350499
CCAR2,0.02191829110861132,0.030581995056478038,0.08337090464860304
PNMA3,0.04923493926616018,0.03063876851869823,0.0835099592067793
LIPJ,0.014452852673485062,0.030665950355179553,0.08355260062912352
MXRA8,0.00936260144368628,0.03066401699269535,0.08355260062912352
VEZT,-0.01672421613162367,0.030743821754681308,0.08374901528960017
POT1,-0.009159323258615792,0.03079697542786668,0.08387803536991745
PEX26,0.009951903432152243,0.030836862326158707,0.08397088060388846
IFIT2,-0.11707191979935594,0.030889054133390742,0.08409719174211118
TARBP1,-0.02627794455943544,0.03091618127315572,0.08415522825791909
IER5L,0.012789479835356055,0.030939118215143342,0.08420183920107782
CTPS2,-0.008410626276206479,0.03095773364528995,0.08423667370249477
ZFP1,-0.008393723800036668,0.030988488028270107,0.08430451927149966
C10orf82,0.012672027516027917,0.031000463452573193,0.08432126059099908
ITPKA,0.012439096733458221,0.031055902529239662,0.08445460141308767
JMJD1C,-0.041101281522980315,0.03106114759234452,0.08445460141308767
UCHL5,-0.030762590101272025,0.031125123235206453,0.08461266609210402
HBG2,-0.23013228616019177,0.03113817217669968,0.08463225479589381
RNF167,0.04215111140111283,0.031151089078325873,0.08465147733779961
NAA50,-0.0207413381831536,0.0311744634096676,0.08469910486318243
SH2B3,0.04280221423289454,0.031196249913340426,0.08474240130247988
RAB8B,-0.08426413648316533,0.031224929253940402,0.08480440189650718
BRI3BP,0.017436601036312283,0.031245243210880503,0.08484366379197474
FAM204A,-0.00950546724512158,0.03129805179062745,0.08497113067206148
MUC1,0.009586372983389602,0.03136326903566975,0.08513223176773627
EGLN1,0.042765635635149124,0.03141167814516127,0.0852476571584253
BLMH,-0.025269481902303603,0.03146265368399957,0.08535127100017599
SLC45A3,0.052369337513380465,0.031467535704290235,0.08535127100017599
FEV,0.012522382091129103,0.031460991729547645,0.08535127100017599
CTU1,0.022968025030046135,0.03147669992411139,0.08536014261389802
KCNAB3,0.010475421431662468,0.03152324930653687,0.08547037494494197
FMNL2,-0.007912217284283152,0.03157589629375667,0.08559709562395126
HERC3,0.03174681991057415,0.031604554732020104,0.08565875200946467
SYNE4,0.008889621547293558,0.03161204312474883,0.08566301826358504
ZNF611,-0.008818730488945548,0.03163114121370622,0.08569873725015356
NPFF,0.01219922762904968,0.031658596833003656,0.08575708182704787
GATA3,-0.021936389327666284,0.03167834963367084,0.0857945430243247
RXRG,0.01898126741635231,0.03169496296702928,0.08582348917824867
PMS2P2,0.014176338030338798,0.031743677126146785,0.08593933074674955
COA4,-0.017594820732916183,0.031799763460815374,0.08606027558116906
RIMBP3,0.01051720908952003,0.0318017275785016,0.08606027558116906
RNF150,0.012814014969220189,0.03180617613822135,0.08606027558116906
JTB,0.03784854596353249,0.03181631212163171,0.0860716221086503
DIXDC1,0.018197795361646563,0.031832586315811484,0.08609956679705201
GSPT1,-0.08354653384372135,0.031889775861424635,0.08623814667230666
ATN1,0.013716285621073077,0.03190129368781356,0.08625318980292918
LOC401052,0.021463315889060475,0.03192874045198729,0.08628498821522117
CABP5,-0.032701447789168725,0.03192715860656568,0.08628498821522117
C19orf38,0.04393391468421104,0.03193092632101529,0.08628498821522117
ATP13A2,0.022698647186269127,0.031937926217229594,0.08628780513530189
YBEY,-0.024322012296116746,0.03195233199781967,0.08629453228723104
QPRT,0.01891083893967682,0.031948255280856125,0.08629453228723104
ARID1A,0.035510898520836776,0.031984069369648836,0.08636414257084149
ACCS,0.039118225804517515,0.03199378078859394,0.08637426299012016
RCC1,-0.01784861383009151,0.03211751069710856,0.08669214031623564
CACNA1I,0.03694650455295001,0.03215169914746408,0.08676825236666103
HDAC9,0.007622925135113867,0.03217437810576314,0.0867809990560362
NRG3,0.01430401592835473,0.032164089653631676,0.0867809990560362
RPAP2,-0.027416355227829925,0.03217439691597034,0.0867809990560362
GHITM,-0.046791260045377925,0.03229381483543506,0.08708687657353219
SRGAP2,0.010507307716557612,0.03230328356013329,0.08709619491529608
NOTUM,0.006460656968260814,0.03234636608555719,0.08719612253549419
ZNF132,-0.012491776426704071,0.03241483222806796,0.08734832838527318
C21orf33,-0.020674780557814465,0.03241488988337775,0.08734832838527318
ZSCAN32,-0.027205418303638318,0.03245055143018583,0.08742815976838013
CDAN1,0.0293555506674128,0.03246550007608415,0.08745216721257258
ZGPAT,0.022229677101278433,0.03252358670697587,0.0875923447125025
KRT72,0.10389219767011415,0.032535189196561155,0.08760730253262536
FBLIM1,0.006530018510892077,0.032574175997073636,0.08768918684614935
SAMD3,-0.05132443165026057,0.03257770743020779,0.08768918684614935
APOOL,-0.011525154294754536,0.03268006022888646,0.08794834491921061
C15orf57,-0.024868318865546968,0.03269149500060476,0.0879627742130335
PLAG1,-0.009556792728755426,0.03279065156515121,0.08821318671427379
METTL1,0.01580282791915799,0.03281652412541166,0.08826639469497911
C11orf88,0.00703169405490911,0.03290017579958164,0.08847496217622362
ELOVL5,-0.06876437009304404,0.03296525167694687,0.08863350757172794
SLC22A1,0.01324273622789196,0.03298794819356589,0.08867807008827178
CALHM1,0.02630005387473755,0.03302646156909074,0.08876512699326597
UBN2,0.02298020391940714,0.033136952843438254,0.08904557049802592
OXT,0.014682595862802295,0.03315834294625806,0.08908652183891703
EPHB4,0.03667002227047966,0.03326734152180736,0.08932965787946937
C11orf44,-0.009826337284289721,0.0332559994733999,0.08932965787946937
PARP12,0.05847819703587298,0.03326168138113837,0.08932965787946937
RPS26,-0.14541284927157605,0.033297728079469506,0.08939467905524306
RCC2,0.04196130795868136,0.033341547477938535,0.08949573270394028
SPATA19,0.0112307500692852,0.03340141124685255,0.08963980739288722
ZBTB17,0.027287054170543,0.03341371512711074,0.08965621524658614
KCNJ16,0.014378894815275878,0.033526221588060345,0.08994143239145509
CASS4,0.017188767616323375,0.033557749029061806,0.09000934017350577
AES,-0.03401010048067832,0.033702866521095845,0.09038184015766566
RTEL1,0.015009289051554298,0.033735401432220924,0.09045234252948683
VPS13D,0.008257891872174739,0.03376058258679128,0.09050310534648989
UROC1,0.013764497990430336,0.033792379677870056,0.09057158165326978
IAPP,0.01044933050851693,0.033817608847267686,0.09062243229302963
DCAF11,0.018161676655275016,0.03387166224051868,0.0907385019308085
YPEL1,0.03180378945705087,0.033873452080908695,0.0907385019308085
SNORD14C,-0.012305496481999967,0.03393804935675793,0.09087792695198407
COX5A,-0.04468743115599416,0.03393432905852537,0.09087792695198407
PIK3CA,-0.017237084446537487,0.03394891097892703,0.09089020824746379
BRD3,0.046832147472359864,0.034018214713122726,0.09104631902906857
CARD17,-0.0108197575479414,0.03401979277722446,0.09104631902906857
ROBO2,0.006923757959806487,0.03406901604460009,0.09116120975244553
IARS2,-0.03384498979717687,0.03410931016972143,0.09125217002184063
DNMT3A,0.009397272178554239,0.034215278674006165,0.09151876201556884
SRA1,0.02390392590240431,0.0343501425037764,0.09186253028521
RAB33B,-0.04446853437687537,0.0343745288340996,0.09191077637679503
SUSD3,-0.041195413908573286,0.03440318127052398,0.09197040928797884
PGAP2,0.028378458986940913,0.034418961085557774,0.09199561401794035
DIO2,-0.009154380889105695,0.03444544972901401,0.09204942691421383
TTC9C,-0.012010820537500244,0.034555864488924164,0.09232745642087761
EZH2,0.009180201034332924,0.03463058581433234,0.09251003410822384
ISCA1,-0.03075491771987604,0.034639050054051004,0.09251558196254374
DXO,0.02527963495204233,0.03467008037398321,0.09258138719335783
PLA2G10,0.011531607215164996,0.034698216314945,0.0926394405724725
IL36G,0.009642727749297642,0.034758674523658224,0.09276665594263234
ABI3,0.04549031880961785,0.034757411367088833,0.09276665594263234
SLC19A1,0.04780175425013944,0.034772866244033376,0.0927874345391635
LGALS9C,0.0320137577575057,0.03481268769608558,0.09287658290478974
PRKCB,0.0328412861187104,0.034869531115509354,0.09297685726749585
PTPN13,-0.005865732353409925,0.03486016843848355,0.09297685726749585
LRRN1,0.012131430615129446,0.03486613679181921,0.09297685726749585
SNORD22,0.01461775111561714,0.034967410147163466,0.09322068260105203
FAM26E,0.010766411893294858,0.035041679241815206,0.09340148732765025
NOTO,0.01397906316602704,0.03507871226161218,0.0934679157465472
ELOVL6,-0.012571704434549247,0.035079507732548365,0.0934679157465472
PQBP1,-0.025060446079076648,0.03511204901858623,0.09353741364451038
CHD6,0.012536372551618769,0.03513235484301364,0.09357429708462847
C19orf24,0.02654319064897237,0.03514468385072556,0.09358992478284778
IL1RAPL1,0.00886160370304534,0.03517989758235155,0.093666477313011
TCEA3,-0.05037805683616625,0.035265385591976006,0.09387683236798024
LTB,-0.055402867584426474,0.035279247965684525,0.09387956998633099
SCAND2P,0.009929300593909396,0.03527937720488812,0.09387956998633099
TEKT2,0.01215214307369461,0.035322972943546756,0.09397831376089846
ZMYM6,-0.0335776264276717,0.035373594392562366,0.09409571004258463
P4HA1,-0.0242130423368927,0.03540456768775871,0.09416080763670533
AMD1,0.04334921661146396,0.035496978966029484,0.09438924974187095
CARNMT1,-0.007668664201856856,0.03554069526453459,0.0944881479830248
FTL,0.03183669423644808,0.03556284067895751,0.09452967230574794
SH3BP2,0.020052229714782044,0.035614296240482526,0.09461637967223095
NCR1,0.016533562037704286,0.03561505813124849,0.09461637967223095
MAGEA11,0.007956640072586119,0.03560857674121109,0.09461637967223095
ZBTB1,0.009487576472304582,0.03563925344759773,0.09466329487163132
MRPS6,-0.04597739924366273,0.035753666127157614,0.09494978001205552
SF3B3,0.041028068026746745,0.03578277441586025,0.09500966171206597
TBC1D16,0.02493109557510742,0.03579968870392958,0.0950371501443761
RNASE2,-0.11385773006255562,0.03581589157398042,0.09506274025243401
SLC25A3,0.02299687310461529,0.03584308187753404,0.0951174785478569
PLPP7,0.011175984130523453,0.03585343620855736,0.09512752702779718
LOC613266,0.015623464489197936,0.03592683176759794,0.09528778461745305
IRAK1BP1,-0.0107205271620332,0.035926994738740066,0.09528778461745305
TAF9B,-0.013876565269586472,0.035946033162015584,0.09532082466470775
RBBP4,0.0185429232299974,0.03601261939921799,0.09547991568337422
FAM109A,0.021193893984809087,0.03602733746430384,0.09549739394973057
CMTM5,0.04587056805700129,0.03604434196376239,0.09549739394973057
APH1A,0.019094928000322753,0.03604558497122183,0.09549739394973057
CHMP2A,0.03246840893963032,0.03604339442280332,0.09549739394973057
C18orf8,0.029185164376086092,0.03607387297182716,0.09555486030064823
CMTM1,0.011356532974601485,0.03609308657529551,0.09558827316814411
LOC105373984,0.012087234331322527,0.03610295116329727,0.0955969185830343
NSMCE3,0.01810074055673816,0.03611789050824701,0.09560829086834505
KLHL7,-0.01518058337017969,0.03612704887617042,0.09560829086834505
PMM1,0.021024363994281536,0.03612333491408076,0.09560829086834505
C1orf21,0.018153123235228996,0.03618593467646826,0.09574663460978558
YWHAH,-0.04111499763874349,0.036216445660275993,0.09580986282071918
HECW2,-0.02548331699102846,0.036254769893041265,0.09589373395376363
SON,0.01807285432382333,0.036317744374238264,0.09604276237291712
FAM78A,0.01913048011564822,0.03635464855665122,0.09612280571276675
PRRT3,0.01778709768261244,0.036395783506668014,0.0962140040720167
BAMBI,0.01878764640467523,0.03640605527625433,0.09622359573380798
C1orf61,-0.00849811596948502,0.036448374868532356,0.096300303100296
GP9,0.10624433813889844,0.03644240490341781,0.096300303100296
UBALD1,0.05470852856648545,0.036471259591338415,0.09634319239849455
IRAK3,0.05788749375257396,0.03647879139705654,0.09634551688456726
GBP4,0.06716908756807527,0.03650113632044252,0.09638695687607832
YES1,-0.013439861000880349,0.03653282838303174,0.09645305984320666
GPRC5C,0.006695951362051034,0.03654460111919981,0.09646655779305452
RARS2,0.028973963378557954,0.036564179091049184,0.09650065050195998
CCNDBP1,-0.0315423828498691,0.03659950682911197,0.09657629020092144
CCDC94,-0.01982516534100842,0.03661092382050033,0.09658881978435825
GSTA2,0.008707869425822246,0.036618692719733135,0.09659172197279453
JAKMIP2,-0.011457082056345769,0.036647876845468955,0.09665110128000225
MPND,0.020869490450209582,0.03670316858997191,0.09677929981014986
KCNE5,0.013447589151232009,0.0367307577964393,0.09683441862461355
FBXL14,0.01093116944905681,0.03673906126938947,0.09683868306202678
PTCD3,0.011674068966854634,0.03675329627643348,0.09685857774160525
CDR2,-0.03956577207565548,0.036782156892260304,0.09691700207886086
GPCPD1,-0.048186185868245524,0.03680488661913038,0.0969592538725872
DPP10,0.007251166414143917,0.03683446564425037,0.09699427364132367
HIST1H2BH,0.01569630595601801,0.03683826976670267,0.09699427364132367
LRP2BP,0.012535277952860469,0.03683441318128609,0.09699427364132367
YAF2,0.011979445118217136,0.03685200255939615,0.09701279626868299
ALAS1,0.007536686366615086,0.03688524579408466,0.09708266401626789
N4BP2,0.029754267687211566,0.03691162444240142,0.09713444193745314
PIKFYVE,0.006057733822371958,0.03692513356154544,0.09713469569658993
BEST3,0.017150769216612183,0.0369245125935549,0.09713469569658993
PSORS1C1,0.022951805431557837,0.03694076835189596,0.09715817846538244
PNMA6A,0.012223103181261408,0.03703103773047131,0.09728127565853775
SPATS2,0.010202635703255858,0.03703458671507713,0.09728127565853775
PRMT9,-0.017477346396223226,0.037026584088315835,0.09728127565853775
USP44,-0.006510696072099975,0.03703333297478984,0.09728127565853775
PEX11G,0.018503544308877906,0.03702610998523835,0.09728127565853775
OR4C45,0.009949641810746535,0.037022490355499656,0.09728127565853775
PAK2,0.02688947820058285,0.03700518403305239,0.09728127565853775
ULK2,0.01829305221282862,0.03714637777158461,0.09755723221099392
TSEN2,-0.0243562106442754,0.037211928202523996,0.0977116693410728
MED25,0.07532836005752586,0.03722272057377448,0.09772229196856073
USP38,-0.04387308260316747,0.03730724981467156,0.09792646000647026
DEFB103A,0.006161918665599231,0.03735551671893375,0.09803538759866579
NIPBL,-0.02171918454415689,0.037424445668748564,0.09818070477561205
THRAP3,0.01839223815530655,0.03742077673292118,0.09818070477561205
PRKACB,-0.007001523032498014,0.037494224420564146,0.0983459519209437
ZDHHC3,0.0221097413620841,0.037614946707272265,0.09862762566996394
ETV7,0.015001447360938336,0.037615230889317924,0.09862762566996394
PRIMPOL,-0.013621877134780469,0.037634746848306484,0.09866093635309885
ATP10B,0.014020402806966814,0.037645034321607714,0.09867004652807929
CACUL1,0.01587879608763565,0.03766417362306461,0.09870235041730917
NOL9,-0.01655309662915716,0.03773865198017043,0.09886175353242693
ST6GALNAC1,0.00819809616159084,0.03773205764058447,0.09886175353242693
RSPH3,0.022545785661458595,0.037758060157084994,0.09889470946025662
WHAMM,0.01644031483486952,0.03776918414680564,0.09890595971475916
SAP30,0.035778119014469034,0.037841427006962226,0.09907722862777313
SMC4,-0.031833819892087334,0.03790397622473439,0.09918720716152717
RTN1,0.02580576373906318,0.03789237465498009,0.09918720716152717
PHLDB3,0.01142495442785929,0.0379000739127762,0.09918720716152717
ZNF416,-0.0157387277775225,0.037973855252472155,0.09935211695751567
RBBP7,-0.036152604358083984,0.03799033551066611,0.09937728364393858
LINGO2,0.01696879733748169,0.0380752497569874,0.09958142244135167
PER2,0.011894599347082035,0.03809062820026376,0.09960365749280019
SLC25A37,0.09671840946550425,0.038120664858562935,0.09966420754718873
TMEM199,-0.021407648338668928,0.038144833632490945,0.09970939728081553
KCNE1,0.011014114714480883,0.03816889154468373,0.09975428096954153
NR3C1,-0.011525523582829322,0.03820627111425128,0.09983395829312927
CIDECP,-0.018696292844643914,0.03825776817046462,0.09992672718801467
POMT2,0.016097375348071097,0.03825946533515133,0.09992672718801467
SNX29,-0.01805083877768343,0.03826247093238949,0.09992672718801467
NUP155,-0.02257626659368306,0.0382897676830479,0.09997998830381571
MSH5,0.005951283428559329,0.038389873690145446,0.10022331119828165
LANCL2,-0.014295383682865648,0.03843048301878461,0.10031124816076342
NFX1,-0.01951610136273363,0.03851307678946327,0.1005087214808263
RNF138,-0.030436665757478387,0.03866396184255691,0.1008843133359024
FAM13A,0.012743287384796353,0.03872377793678602,0.10102219013624075
COPB1,-0.04444086420535598,0.03874522988301978,0.10105995131022123
IL17C,0.019785504609541427,0.03879228826805588,0.10116447664287384
TMEM218,0.012055421808022437,0.03884163373188777,0.10127492762784204
HLA-DPA1,-0.06232014322761259,0.03886704523511442,0.10132294513776047
ST3GAL3,0.01229198981922508,0.03892811926544935,0.10146389768593995
TXNL4B,0.017616973655391277,0.039001935549744335,0.10163800548803471
OXCT1,-0.015244640931619813,0.03906455536736633,0.10178287820488109
DYRK1A,-0.018315398154262752,0.039096440005347836,0.10184763256069389
EIF3J-AS1,-0.01275377871347061,0.03913569633101664,0.10193156368610773
BTNL3,0.021842819505823563,0.03914610328609404,0.10194033800715319
TMEM25,0.011712362421303801,0.039209439720912266,0.10206857025839203
ZNF404,-0.007742382270774506,0.03920696377080187,0.10206857025839203
CFAP126,0.014532677727637555,0.0392268546038325,0.10209555473169991
NR1D2,-0.018105612094171164,0.03925057135059843,0.10212058118233656
STRN,0.01937962255526937,0.039246872141560515,0.10212058118233656
FAM229B,-0.010347458648557684,0.03926809640354599,0.10214782836008622
PDE4A,0.015654362866290406,0.03935027579882709,0.10232484643989435
RAB5B,0.03520656116782206,0.03935022408206559,0.10232484643989435
PDGFA,0.008001847689730113,0.039382503076051074,0.10235833617974581
CASP2,0.021239764104782566,0.03938217366466403,0.10235833617974581
FXYD6,0.019148315298360252,0.03938435567037582,0.10235833617974581
PYM1,-0.022818269854668394,0.03939845156202742,0.10237660072199589
COX20,-0.0283950411595546,0.03948080086884757,0.1025721829209665
SLC16A7,0.008597244073382804,0.0395352617427601,0.10267683899625915
RABAC1,0.03771987176616065,0.03952990607230502,0.10267683899625915
IL32,-0.0543452679749592,0.039547261076842886,0.10268556487723514
S100Z,0.024878858360604994,0.03955280077672568,0.10268556487723514
TIMM10B,0.028293858779357528,0.03967369158027986,0.10298095857504902
CLASRP,0.02193923779441409,0.03968940860454068,0.10298774799201114
CD37,0.0464766233302889,0.039690528120091564,0.10298774799201114
CD28,-0.01764243509006036,0.039729715417652564,0.10307096509211532
UBR5,-0.02330005242435007,0.03974868301821558,0.10310170573707637
PGRMC2,-0.04214371843707454,0.0397826653946845,0.10317137431989441
ARMCX2,-0.01692084006954442,0.03985723820224667,0.10334626532784474
LCK,0.01721489609418736,0.03990692114872309,0.10345656808987026
MTMR8,0.01186549173057827,0.03993808026582784,0.10351049790848744
DHCR7,0.020154745375553063,0.0399420169021359,0.10351049790848744
CEBPE,-0.03486161413126254,0.03997669050743282,0.10356329553025521
RALY,0.03502743672716058,0.039975204290489695,0.10356329553025521
LEMD3,-0.05796919256703159,0.04008010140804621,0.10381262317491798
CD44,0.03720312073875576,0.04009287697986079,0.1038271464645635
FYCO1,0.02428093380597751,0.040104890110023536,0.1038396904457599
SLC2A1,0.04089829236496367,0.040157601477396825,0.10395758709537366
FAM83H,0.010246005853643325,0.04016633700271387,0.10396161993340022
TLR10,-0.021652431695893704,0.040231783329324554,0.10411240838698174
EGFL6,0.008364219986868093,0.040313772357248895,0.10430594476998803
DHX9,0.009024350949801807,0.04032926887517963,0.10432740317701407
CDKN2AIP,-0.0263170113997635,0.04036001654901517,0.10438829994570281
SLC12A4,0.01205342088469763,0.04039747705070818,0.10446653411934606
CCDC84,0.03843205888154344,0.04040678745800351,0.10447195814739786
TSLP,0.01655551661074206,0.04049081140151269,0.10467051799741385
SMPD2,0.02304307198078437,0.040513260167814515,0.10470986086199598
GAPVD1,0.0313942154858573,0.04057207951523027,0.10484317568217578
IPO5,-0.014566820179564566,0.0406254531226331,0.10494365311721379
OGFRL1,-0.035374992931758165,0.04062084955668035,0.10494365311721379
FLT3,0.011746319395897764,0.040668432428670125,0.10503594423981065
BRD7P3,-0.014528972420506214,0.04068373508578857,0.1050567336392515
CTSL,-0.025055201601764665,0.04070135811564711,0.10508350640767072
UBA52,-0.0263167583242776,0.04073750280815322,0.10515808067604548
KCNJ4,0.009010923386176373,0.04078092867409873,0.10525142033422061
ZNF333,0.017251011393777382,0.04089448192154736,0.1055256861128972
SPCS1,-0.04361344983831472,0.04091927401871518,0.10555205073678908
AQP10,0.06268640043201756,0.04091265449614063,0.10555205073678908
TSR2,-0.027111531975256398,0.04093079335798946,0.10556296492113948
TGDS,-0.024876367449365056,0.0409403641247759,0.10556885062902868
TREML1,0.05601531549930172,0.04095498238062907,0.10557259281620111
GALNT2,0.015392717316955462,0.040956393194851844,0.10557259281620111
RPP38,-0.010137134296176242,0.04101057563365507,0.10569344794979717
MINA,-0.006694585646353168,0.04104138771796259,0.10575404015423771
SPTBN4,0.03043342731771581,0.04105593109797728,0.10577269762061597
KLK8,0.008392993389152004,0.041074017071607925,0.10580047363776796
NABP1,-0.06641109993432259,0.04111939638780334,0.10587970440550108
STARD3,0.02582991959237546,0.04111290224938852,0.10587970440550108
CFHR3,0.009225427830112487,0.04113180223855359,0.10588886411641037
ADAM6,0.008619500988614526,0.041137575143816704,0.10588886411641037
WSB2,-0.02823171896814003,0.041176064691556755,0.10596910465396375
CTBP2,0.0140606878339673,0.04121617517588832,0.10605348751955346
LOC100128059,-0.012313774965863722,0.04124930598796945,0.10611988417935159
SACS,-0.010228061677136857,0.04127016623421196,0.10615469503397727
TMEM183B,-0.04901832428285857,0.041302269782107465,0.10621840829617267
LIN37,0.017739606366858673,0.041336722415677554,0.10628813908550927
PHF21A,0.041398496980427524,0.04135183159200016,0.10630811657410903
CHD1,-0.05440337654960192,0.04144469577789284,0.10651029728239164
LOC202181,0.01208827450788963,0.04144809858485838,0.10651029728239164
BSG,0.11242330659178279,0.04145253699122077,0.10651029728239164
CAV2,0.007925061382744403,0.04146925892103175,0.10653436435122807
DDX41,0.03217363393671224,0.04147717624718284,0.10653580790285445
FCRLB,0.02304646774510477,0.04153059509446789,0.10665410272132497
HARBI1,-0.008502289716017408,0.041547532915179,0.10667868582582037
SF3B2,0.040166507057806555,0.0415728429935006,0.1067247532644209
AGPAT3,0.012933315564453096,0.041594968610800385,0.10676263075648286
NCOR2,0.029633414919829626,0.04168170343363685,0.10695886049490198
DYDC2,0.01755179658445627,0.04169357403715939,0.10695886049490198
CUBN,-0.011257958831878412,0.041692719137608206,0.10695886049490198
CTSO,-0.03523837045118228,0.04175716239418791,0.10710301755222557
ABHD12B,0.008600921470797829,0.04180770571190105,0.10721367024277174
POLDIP3,0.01816980780179378,0.041850899039589204,0.10728644631670974
PIGW,-0.008637820103047034,0.041845571078189224,0.10728644631670974
SPON2,0.028307227798734402,0.04192161218667524,0.10744870481539626
KYAT1,0.022348360912800125,0.04193692784545869,0.10746894248294826
PIK3R6,0.018317479197741626,0.041957749722066,0.1075032809082618
CYP2S1,0.018404983102874972,0.04202607564641286,0.10765929955122812
TET2,-0.007496657614265878,0.04211061523674057,0.10785679064349256
FRS3,0.015743196764180567,0.04212373475050099,0.10787131791482608
KIAA1522,0.012531196545328527,0.04213431118372458,0.10787932882889638
BIK,0.011437826717584088,0.04219152973443699,0.10800673677511229
LTC4S,-0.01804079168169448,0.04224337217852429,0.10810123721444272
SEPT5,0.04787138293966464,0.04223793084977861,0.10810123721444272
RMND5A,-0.017505344339427076,0.04228581377430305,0.10819073073785646
ATOH7,-0.00663208100169399,0.04235369391859338,0.10834526717006474
CEP44,-0.04290410463357652,0.04237729246270734,0.10838649197066098
ADGRL1,0.017786396609287713,0.04242087034802139,0.1084787934535208
FMO5,0.01460957380993122,0.042430115285130805,0.10848328151629914
MTAP,-0.02539677664614448,0.04250117160069671,0.10864577646743578
CDKL3,-0.006335713359529649,0.04251463617653035,0.10866101824260907
TSC1,0.015174256286120347,0.04255494006549258,0.10874483978627286
SLC41A3,0.02457461175585518,0.04259152513500326,0.10881913036785804
USP6,-0.012036483651357344,0.04277286180990446,0.10926316233768187
NRK,0.027303883248433358,0.0428220294673238,0.10936947184001375
CTAGE6,0.007458045597346974,0.04287955088110861,0.10949554803863105
CNOT3,0.0316805783946128,0.0428865122910214,0.10949554803863105
VAV1,0.03220031826829839,0.04292963909250344,0.10956702953582728
PDE6G,0.013489625163584762,0.04292554501661172,0.10956702953582728
FAM49B,-0.05104200776639445,0.04300085580243028,0.10965218229619722
NDUFV1,0.03800002010802572,0.042996989390915744,0.10965218229619722
RNASE10,0.021267196932143406,0.04299647585900364,0.10965218229619722
CRELD2,0.03149897057368456,0.042988482305812516,0.10965218229619722
FZD1,0.012623882867377034,0.0429770385310463,0.10965218229619722
PDK1,0.020364351834930794,0.04302797805366093,0.10970203029910665
TMEM128,-0.00974068363744962,0.04321505176192185,0.11015959340367407
DDX39A,0.03721953082656171,0.04323461982322459,0.11019008156248195
PDGFC,-0.012907681010626781,0.04325444123820007,0.11022120459079694
NDC1,-0.014404313402184066,0.04333800035427579,0.11041470486039236
PSME4,-0.04385806157524108,0.043375653362058,0.11048574648378275
RBM44,0.009670210330908091,0.043381140586389984,0.11048574648378275
OR2L13,0.00870991153291989,0.04342000317086352,0.11056528233593307
SERP1,-0.03826460629265327,0.04343046361877916,0.11057247935566837
SP3,-0.039354196567949806,0.043451012075741195,0.11060535305888146
GSTP1,0.043714364976391806,0.04350924427160934,0.11073412300649968
GPX7,-0.031756983776427106,0.043569743387127616,0.11086861616640134
MILR1,0.03984911822496695,0.04358762856891638,0.1108946446850843
RPL23AP32,-0.014262884426046618,0.04361203426125778,0.11093725048121843
PSMB4,-0.03592699693093415,0.0436539147763512,0.11102428474463051
EEF2,0.04900539520324543,0.04369033847873906,0.11109741266258015
GEM,0.006642504648632475,0.04374184893967485,0.11120887134320705
SYNE2,0.010872527116226216,0.04375362455211464,0.11121928712053851
POP4,-0.020539975239160846,0.04377355432811089,0.11125042303708688
MIAT,0.06679543366023033,0.04378956439865598,0.11127158785090056
LINC00382,0.013368061216301186,0.043798669914607395,0.11127520348064787
CXCL5,0.0181819154430789,0.04381800659381201,0.11130480664762772
RANBP6,-0.012134668215391109,0.04383518627615914,0.11132892127369613
RNGTT,-0.04121697046758044,0.04391312925174545,0.11150732189380806
RAB3D,0.02257669763729897,0.043942870146551606,0.11156328329582006
PSMC5,-0.044679278610503914,0.04397146543806073,0.11161631710565574
SYNCRIP,-0.025340878398551148,0.04402850504943425,0.11174152218959273
CEACAM19,0.012526932838305527,0.044061445646175035,0.11180553236496132
TVP23C,-0.012996511749255646,0.04417051193127169,0.11206265454765092
CCDC136,0.02004751649369041,0.044190914907693606,0.11209478310385888
KRTAP10-2,0.015953765971272738,0.04422376505583239,0.11215846840635202
RNF130,0.03681770706927523,0.044231984523078756,0.112159675040664
ELL3,-0.012113276748226376,0.04426661381230266,0.11222783729343457
MAP3K7CL,-0.07322821310998684,0.04428511534616415,0.11225509462265341
PSMB3,0.039495821666447384,0.04437007759004164,0.11245077932006355
GRAMD1C,-0.010333661668936678,0.04441352332939449,0.11254119522444886
ACTL10,0.01041868529507095,0.044528666289270345,0.11281322416193662
CEP70,-0.007721509470103527,0.04466142438521006,0.1131221817766846
PMP22,-0.018289360949246714,0.04466623567942966,0.1131221817766846
FAM199X,-0.015893976523829956,0.04469021019265184,0.11316311266265196
STX11,0.06614974805798468,0.04474582809100042,0.1132841415958836
RIN2,-0.03343131663542831,0.0447757192436425,0.11334000655800733
GFPT1,-0.011365013804600643,0.04478497929249537,0.11334363796479172
RASSF4,0.014801927811998183,0.04491719462423031,0.11365839394433119
FAM120B,0.03401128530555653,0.04496563069533033,0.11376108209452654
TGM3,0.0678610497206833,0.04509712784273792,0.11407383857391129
SMARCA2,-0.0352772980666618,0.045105838182003394,0.11407594905328046
IGIP,-0.02577278026639096,0.04512690903825873,0.11408939614420308
HIST1H2AM,0.010575008406971342,0.04512580761206264,0.11408939614420308
LRRC8A,0.017376836692874598,0.04522233077082292,0.11429169093204895
P2RY6,-0.007960097499563723,0.045246379163516204,0.11429169093204895
MTRF1L,0.019909175160456094,0.04523269168768978,0.11429169093204895
ANKRD9,0.05218172977067592,0.04523267837804066,0.11429169093204895
PHKB,-0.01276617440127481,0.045238668223237286,0.11429169093204895
FDFT1,-0.032507901803702666,0.04533622552713241,0.11447871173901425
CLDN10,0.009098905016617032,0.04533323101501851,0.11447871173901425
CLUAP1,-0.011081405138433809,0.04538102359477229,0.1145718573726132
RNF41,0.011190142703789263,0.045403316205029805,0.11460816171377687
ADNP,-0.020284736790620705,0.04542721091577795,0.11464849675973651
LPCAT4,0.018695034811775812,0.04543601503622956,0.11465073898689004
RANBP2,-0.010910811338115778,0.0454532168648878,0.11466444352357555
RPS19,-0.05702712090199924,0.045457279391906295,0.11466444352357555
H6PD,0.01530591693023009,0.045471079665537505,0.11467928223500701
TNRC6A,0.015185526240973246,0.04559223438686298,0.11496481943929725
TNIP2,-0.01786226765404031,0.04561819058218507,0.11501024758787964
CLDN16,0.007489071819009929,0.04566333652738746,0.11510403171992341
ZCCHC8,0.020985029555889767,0.045739276112189024,0.11527539154497057
USPL1,-0.02795230493289136,0.04577410561750056,0.11534310121153064
POLR3K,-0.022499689694049252,0.04588764442073619,0.11560908710905253
ST8SIA3,0.008855004330658112,0.045897266947890016,0.11561321990838938
NDUFV3,0.01075644537546605,0.045919427095513,0.11564892749981052
DHRS9,-0.016889606238336796,0.045968173322737726,0.11575156856859062
BACE2,-0.012752769949699427,0.04598125047094268,0.11576437194874567
METTL15,0.017456081188326422,0.04606210120759779,0.11594777092298338
ZNF623,0.009121634443099325,0.04612671279972016,0.11607006744113044
SNORD36A,0.013209358553773143,0.046124903933894186,0.11607006744113044
TRIM49C,0.012612695548687824,0.046182723877108554,0.11619082380337682
GH2,0.007160057921088203,0.046195856203115296,0.11620367857692288
NAA38,-0.030795362447707753,0.046210263655701904,0.1162197358550419
HEXB,-0.04497202929702482,0.04626988683771513,0.11634948627733784
SULT2B1,0.012767107737110983,0.046312049040703775,0.11643529218982007
SETD6,0.02032341807248539,0.04633170946380939,0.11644429635152094
MLF2,0.04423631254101679,0.04632693889672932,0.11644429635152094
OTUD7A,-0.006360250827759373,0.04635110499359114,0.11647283218722658
ICA1,0.008777613198072132,0.046418659330695035,0.11662235242771671
RC3H2,0.025759820087793095,0.046459609353323675,0.1167049916534062
RRS1,-0.02381855927804377,0.04648121413935705,0.11673901605591251
SGO2,-0.008291740090847988,0.04669425302791264,0.11723341321828509
SNX1,0.01636562061808977,0.04669263626151817,0.11723341321828509
MCRIP1,0.02930052752008283,0.04674153254540129,0.11733177771015464
VCPIP1,-0.048975682971689416,0.046765255298465834,0.11735065102962217
GADD45B,0.03175216484595822,0.046764131933390095,0.11735065102962217
VPS54,-0.011156012801076365,0.04677472451088223,0.11735408103509755
KPNA1,0.030487157156794176,0.04679692576245375,0.11736912082136451
CERS4,0.015551731190745599,0.04679051787222603,0.11736912082136451
SCIMP,-0.03053156844609095,0.0468118903078229,0.11738632604198528
MS4A3,-0.0324220214554618,0.0468353745858242,0.11742488584058815
NUTM2F,0.008881537531338246,0.04684595344841887,0.11743108164536152
RNPC3,-0.016719232606202894,0.046878879355181154,0.11749328405960266
ST3GAL6,-0.02961549181141443,0.046920812704456756,0.11757803654175635
SLPI,-0.057162497541243695,0.046934390652142687,0.11759171669358842
ANKRD26,-0.010659637930875654,0.04696368596110836,0.11764476434809641
MVK,0.011689306079746942,0.04697541342896572,0.11765379355094924
CENPL,-0.014064368904292301,0.04699309266795847,0.11765738188465177
KMO,-0.01942882880586172,0.04698515765554653,0.11765738188465177
OAZ3,-0.010935754720240887,0.04708123408144491,0.11783732407735409
CD34,0.005814143892068024,0.047073891594820734,0.11783732407735409
KCNK17,0.01291475559583688,0.0470925724142526,0.1178453384326252
MYO19,0.00792788472250372,0.04713074499524341,0.11790913630019198
ZDHHC4,0.01793357841124177,0.04713434818959621,0.11790913630019198
TRIM4,-0.03854749733472573,0.04718126761120288,0.11800612676233163
TDRD1,-0.037946164622344014,0.04724992364652086,0.118132795194112
SCAF4,0.03625746265898222,0.047256380513303296,0.118132795194112
SOGA1,0.012285727272894675,0.04725396068857955,0.118132795194112
CDKN1A,0.05589545838929588,0.047282312064726356,0.11817722311397696
ZNF609,0.019401805139668937,0.0473209751387764,0.11823305225289588
PLEKHA2,-0.011670516438146095,0.04731608471752916,0.11823305225289588
PRKG2,0.007282371588412495,0.04734023164564395,0.11826076494575836
TRAP1,0.02538848811641259,0.04746026963836252,0.11854018717745177
DGKG,0.013155563000766257,0.04746849352533455,0.11854028624499062
DNAJB9,-0.03027703835747264,0.047527057812040294,0.1186660757368715
ICE1,-0.013302915832052342,0.0477161385987993,0.1190971138144079
C1GALT1,-0.026313380350292626,0.04771323999685706,0.1190971138144079
PRCP,0.037600294410294666,0.047867514163313495,0.11945435477970927
CD247,0.0679305598016775,0.04798004602430927,0.11971455411129982
ARHGEF9,0.011651419002567387,0.048008475645729756,0.11976485726020492
TOPBP1,-0.03250505125408942,0.04804808573975537,0.11984302976659494
TUBB,0.0324467915917559,0.048078899582835864,0.11989923924893157
EPS8L3,0.010862237769338812,0.04809634583679353,0.11992209900156954
TARSL2,-0.013344067463086695,0.048122814116315825,0.11996744228239559
SPOCK2,0.06608767321835707,0.048237830610963664,0.1202334776405434
PAPD5,0.03311357099653378,0.04837705528727962,0.12055975030642772
BAG6,0.054924190612905655,0.048405943088795964,0.12060725744625087
ADPRH,0.024248550059919438,0.04841277235518521,0.12060725744625087
LOC220729,0.007936198916632442,0.04844351833766247,0.12066309881387846
NABP2,-0.022865594093246067,0.04845410134781022,0.12066870768942282
RFC3,-0.006420879089333198,0.04848436261230727,0.12072331237350155
TRIM17,0.023439612513120878,0.04852853280923993,0.1208125247867018
AFAP1,0.011666403436195516,0.04874169163407764,0.12132233401408843
XRCC1,0.02526312923894647,0.04885315045516033,0.12157887133892478
MYOZ1,0.009742089711592072,0.04905193867838017,0.12205261635761182
MSH2,-0.008067222097650983,0.04906354215504265,0.12206051950766707
AZI2,-0.03172499409851426,0.049085253241982936,0.12209356138706523
ARID4A,-0.020928692946042382,0.04914813882643341,0.12222899085887044
STK3,-0.029952522602619602,0.04918254652852066,0.12229356290456536
BTG2,0.04534367489048563,0.04921772199271721,0.12236002151433506
MFSD12,0.02151171308241384,0.049242957301691155,0.12240174936634542
FRMD6,-0.007692352766339283,0.049295821906858384,0.12251212843152656
YWHAQ,-0.06100786825143345,0.04931854512777011,0.1225394653526235
MRTO4,-0.01771904571024674,0.049323742267729564,0.1225394653526235
UTP3,-0.028107941195623987,0.04935716158361762,0.12258044039388162
WBSCR27,0.014391500756602227,0.0493504568976378,0.12258044039388162
IL17RC,0.009345180362934968,0.049379005675269955,0.12261366675820505
CETN1,0.008679317766872252,0.04940613448939057,0.12266000204736595
PATJ,-0.011592163158954172,0.04957233253109779,0.12305152774300264
CFD,0.1288593025637077,0.0495902881955643,0.12306675571154449
ZC3H7A,-0.01637048858533685,0.04959546072136738,0.12306675571154449
PALLD,-0.020604992709528425,0.049626233518055424,0.12310093616638376
FAM168B,0.02284136178622731,0.04962373535051889,0.12310093616638376
PTGES2,0.02348516871021289,0.04973161287914987,0.12334121249000116
CDK20,0.00981595809348601,0.04977004369495922,0.12341539340486037
KHDRBS2,-0.007190619275848853,0.0497786065710403,0.12341549770197667
KRT39,-0.006935308479666169,0.04983916715467557,0.12354449718780096
SORBS3,0.014582854670957879,0.04987705559053074,0.12361726098104846
ARMCX3,-0.00796692933713583,0.049946297435368936,0.12376769410673802
LOC401554,0.027079916780744284,0.049955358740782954,0.12376897297322961
DST,0.004885803677039391,0.050034903259395455,0.12394485014692727
PBX4,0.025122138523420823,0.05015010976867232,0.1241453067662707
UBE2G2,-0.03398092184832002,0.050133350508128456,0.1241453067662707
PLD6,0.020981018429259812,0.05013497268617152,0.1241453067662707
EVA1B,0.022037938094781495,0.05014584516613554,0.1241453067662707
BCS1L,0.020815387733158275,0.05024418539614902,0.1243569345997646
QRICH1,0.017265658227056946,0.05027163802766625,0.12440362296133914
SAP30L,0.02140018243228603,0.05032053324592191,0.12450334874170361
ZNF385B,0.006700923451011143,0.050422655609663226,0.1247347128694043
PLEKHJ1,0.018659803224547744,0.05050758854042372,0.1249234823120726
THOC6,0.01910530937046584,0.05053039899582359,0.12495856224270255
LMBRD1,-0.05912479868530163,0.050544588730963534,0.12497231532592623
ACTB,0.04274305193822592,0.050655817377694826,0.1252259530463444
ECH1,0.043192623750645254,0.050680033540586596,0.12526443785014613
RCVRN,0.014270837389325663,0.050767245980476466,0.12545858911128155
PIGL,0.010236615698201668,0.05083803676253011,0.12561209902225967
PHRF1,0.018335748334115998,0.050934961924963135,0.1258301191405707
WDR41,-0.023612859177569945,0.05094976772135069,0.1258452311862284
KIAA0196,0.024332155858045823,0.05101738170484344,0.12599075134065685
LYPD2,-0.050500510368369333,0.05104773461063734,0.12604421890563777
TM9SF2,0.05187642978066975,0.05112016970457882,0.12620155752533144
TMED6,0.008613453697272178,0.051165858044881614,0.1262928234359348
ZBTB38,0.015575581109059655,0.05118573604076157,0.1263203613587307
SIPA1L1,0.014969291466947254,0.051230718253269095,0.12640983359120095
POLR2M,0.008748640438171584,0.05130249234872841,0.12654508241351156
EHD4,0.03103895920492583,0.0513030049663173,0.12654508241351156
LSM10,-0.026408571156377292,0.0513540443684774,0.12662784791164908
ITSN1,0.00921730091805717,0.05134977899532407,0.12662784791164908
ENC1,0.03888424923028655,0.051369183107685595,0.12664361670327118
PRR4,-0.009430378597521383,0.05142423305912402,0.1267577589564929
STK16,-0.012903802503239525,0.051506769701014636,0.1269396039389988
LHFPL2,0.03157331621821857,0.051544486958898704,0.1270109474502703
GRIA3,0.008130765492031067,0.05157171776789064,0.12705643139141487
B4GALT4,-0.011499975319039457,0.05159394925101226,0.1270895851958608
METTL3,0.027670311771961664,0.051643511357520024,0.12716841525030942
SCAMP3,0.022108982934237353,0.05163697728738621,0.12716841525030942
TIAL1,-0.021031403499907064,0.051673579304932174,0.12722082656002678
TNFRSF10C,0.04421168532632702,0.05171142076180619,0.12729235525390906
SYTL5,0.012569024329001088,0.05183477733289678,0.12757432708405725
VNN1,0.040415215546800276,0.05187128398543025,0.1276424867898355
DUSP11,-0.01750961326370426,0.051923871580311066,0.12775018786635392
PCDHB19P,0.041303118104133674,0.051955851648548775,0.1278071595240456
VIPAS39,0.020345345254297875,0.052033179724969326,0.12797564529401523
RNF8,-0.00808420138454391,0.052055140003411264,0.1280079198318181
SMUG1,0.022733233388418483,0.052092839057566315,0.12807006029549087
ZNF444,0.02482616646424951,0.05209809412186083,0.12807006029549087
CGB5,0.005533414271907233,0.05212538727966505,0.1281154096994177
MRPS15,-0.03048955835371192,0.05220050206811119,0.12827826127494443
TIPIN,-0.007043819535909712,0.052402430255951545,0.1287308005134332
SLC22A12,-0.005283000411267835,0.05239834271065171,0.1287308005134332
FAM114A2,-0.012129100928809144,0.05244702516338398,0.1288185030467108
LYRM1,-0.037417884499433285,0.05246167855459295,0.12883264703030253
DIS3L2,0.027422414187416422,0.05252514332344743,0.12892292423264068
JARID2,0.041171036262307226,0.05252421891555788,0.12892292423264068
HELB,-0.013680183701365145,0.05251676990169431,0.12892292423264068
DGCR8,0.030125993153289343,0.052552662496605326,0.1289467666611607
ST3GAL2,0.028665631341326936,0.05255149803045353,0.1289467666611607
SYMPK,0.023398755561310658,0.05267367143698552,0.12922179151309252
TONSL,0.0079507409515438,0.052746717780276405,0.12937907880262886
RPL13P5,-0.026236258403102397,0.05277239167636986,0.12942013563165272
PCDHGC3,0.0071635855637204315,0.05281948185246862,0.129513691408694
THEM6,0.03141036686790777,0.05286099657796567,0.12959354678998894
C8orf76,-0.03145173961435077,0.05292413139367081,0.12968313610127952
MTMR12,0.020370851959836678,0.05292440054506097,0.12968313610127952
BATF2,0.03314721642049623,0.052919462679447055,0.12968313610127952
CSDE1,0.015114411988114362,0.052940391081363794,0.12968651009115936
TRPC1,-0.012546728836744236,0.05294368504342897,0.12968651009115936
INSL6,0.006838736247509303,0.05295915535472435,0.12968987355280223
HAUS8,-0.01011514580697348,0.05297192018353895,0.12968987355280223
LILRB5,0.01859545211792568,0.05296750545959909,0.12968987355280223
ARFIP2,0.02106793171699639,0.05310172826788863,0.12990957504133788
GJC1,0.03040698600686298,0.05310057634631212,0.12990957504133788
HERC2,0.01980242245981323,0.05310650330155768,0.12990957504133788
SACM1L,-0.057028128062977856,0.05309315100836139,0.12990957504133788
SLA,0.0421339028297556,0.05308051601963888,0.12990957504133788
CD27,-0.059382823158431464,0.05317702076377409,0.130060109547873
ZNF33B,-0.016647437797935538,0.05325574208708882,0.13023065480151857
DHRS13,0.036050083410906986,0.05326972135233175,0.13024285011262207
CHD9,0.049156232803809985,0.053284605107115496,0.13025725238336894
DMTF1,-0.03157497927496067,0.05330205603959791,0.13027792434652988
SNHG11,0.023050516842934243,0.053324368117776466,0.13031046867181953
PVRIG,0.051554069492354415,0.0533753700588997,0.1304032130771364
MAN1A2,-0.008645208718330188,0.05338032659033013,0.1304032130771364
TMEM183A,-0.03888614745590502,0.05350593206431911,0.13068801349403003
SUPT20H,0.014776797883389925,0.05354737674943759,0.13076719015998214
DDX3X,-0.036031017663948006,0.05356728857782052,0.13079376395164402
FAIM,-0.005984207360160809,0.05360719410789912,0.1308691386244414
CCNF,0.02080808251446875,0.05379223146699473,0.13129873282237137
CETP,0.013595860330947396,0.053820173498578414,0.1313448008346099
UBE2E2,-0.030060482154370405,0.053871291791700554,0.13135888725774256
SOS1,0.025486555042687264,0.053852435967285964,0.13135888725774256
TMCO5A,0.019778123298422656,0.053869197340653825,0.13135888725774256
LY6H,0.010167705619308798,0.053857144155540125,0.13135888725774256
CHN1,-0.014704726858828288,0.053839221463021086,0.13135888725774256
NXPH2,0.03253820610089608,0.05408578749121866,0.13185971150022066
CTSA,0.056487862149984025,0.05411167565777651,0.13187843012405098
MAPKAPK2,0.023862387244751204,0.05410893893073123,0.13187843012405098
NCAPD2,0.044508783247708905,0.054294662260949415,0.13227988026704648
GSTM2,0.07123655133665707,0.05428965064055128,0.13227988026704648
C2,0.015435951394978886,0.05437278342142695,0.13244793055431348
PGA3,0.0070877439630958605,0.054454893247477446,0.13262563877525865
IFNG,-0.01791893554245405,0.05449864155676873,0.13270987295027545
DDB1,0.02132187668082075,0.05453351400704738,0.1327724687977936
TP53I3,0.01065269084115883,0.05460066034331018,0.13291360746428652
UXS1,0.025964113611308015,0.054624751582904106,0.13294990790233288
BEND7,0.012504867957407129,0.05464384343239202,0.13297403028809915
KLF5,-0.008421277734659505,0.05467900899495835,0.1329925720038584
FH,-0.037250485198923045,0.05466075313339356,0.1329925720038584
FAM184B,0.018074247415888145,0.054674492675988014,0.1329925720038584
LINC00633,0.007229317398864232,0.05479359256606143,0.13324889098838713
MAGED2,0.007237001218546979,0.054818183556353435,0.1332863136864568
PMVK,0.021676938694102255,0.05495433400586755,0.13357250775985663
H19,0.011557108393389193,0.05494951786793439,0.13357250775985663
IFI30,0.05007792257545951,0.054967590688601076,0.13358231267343926
RASA1,-0.018775493453660808,0.05502512618746008,0.13369970268397446
FOXRED2,0.01023708568222581,0.05507712076712264,0.1338035922829595
SDCCAG3,0.01423257106984721,0.05515676708077326,0.13396160168561214
PARG,-0.008706015637042874,0.055160659517604994,0.13396160168561214
IRF6,0.016007662740221917,0.055217054838595986,0.13407608085200742
S100A6,-0.04878966379868288,0.055251682341908075,0.1341376746631238
RPUSD1,0.02703921268746612,0.055269292631147174,0.13415794108757093
KRT20,0.007908181264833836,0.05528777447542407,0.1341803159353288
PRAMEF7,0.005557419076249737,0.05533171794396144,0.1342644668621775
PHF20,-0.02259274413664958,0.05539998974583559,0.13440761331301218
TRIM2,-0.007515356156007513,0.055412567547249006,0.13441561352442716
ZIC3,0.00718846930891992,0.05551691948279598,0.13464619252994256
CD81,0.0581238796430128,0.0556085186757999,0.13484577004859966
BMPR1B,0.00805351073644367,0.05565714982626091,0.13492855810161697
PLIN2,0.028669246260641046,0.05566129071093354,0.13492855810161697
MRPS34,-0.017388529059471303,0.055671385451066036,0.13493044626392914
PCGF3,0.015656142599394407,0.055681410903219306,0.13493216588961493
NEXN,-0.020022155843125944,0.05586956329116216,0.1353654658262283
CHM,-0.016767754561131554,0.055899948226893696,0.13541643253358895
ADA,0.044144485284233426,0.05592087491048369,0.13544447361261633
FAM76A,-0.008808914520857414,0.055966698981639994,0.13553279853704625
STARD3NL,-0.02894486184509848,0.056044225780173915,0.1356978545971312
EXO1,-0.006764415019214098,0.05614596370719462,0.1359214672129378
EXOG,0.026025789161100654,0.05622247141712556,0.1360839364982698
SAT2,0.03062455895201932,0.056275728814362554,0.13616733313518664
CPPED1,-0.04471177072940602,0.05627530658108042,0.13616733313518664
TMEM38B,-0.009395880618001229,0.05643410855519868,0.13652774817329175
ZNF266,-0.021687442130698287,0.056446210208659406,0.13653421988347075
DYNC1LI1,-0.012192579147704663,0.05651047811838634,0.13666685006957885
IQCC,0.015856201463171793,0.05652068730439547,0.13666872035339966
LDHD,0.008432067077013272,0.056537053191364574,0.1366854746158779
PLGLB1,0.030955630484720054,0.05655655216023881,0.13670979664367472
DOK2,0.023841398174256234,0.05663431653044024,0.13687492751992264
FGA,0.007665392139907468,0.056729651834506026,0.13708246199048804
INSC,0.007552153463085354,0.05681625558582689,0.13726883167725049
ADCY2,0.010094997642672965,0.056876713636262254,0.1373919813721852
EGR1,0.03556138750035487,0.05694727427974885,0.13753948985624184
HK1,0.018045755659398033,0.0569841523989495,0.13760561242854027
UCN,0.0124161279760715,0.05702416122345067,0.1376792717386997
ADD1,0.029523025735972652,0.057048520273228986,0.13771512793957477
NENF,-0.03605004258291444,0.05712591221454813,0.13787897225720966
MANBA,0.03164283539870816,0.057144652408682745,0.13790122383994682
TCP10L,0.009551812520587788,0.0572365420525245,0.13809996253352738
SPTSSA,-0.02337350136612315,0.057277611868761166,0.13815302752824926
DUXA,0.0096615223763159,0.05727445688706185,0.13815302752824926
SLC30A5,-0.01121999339193458,0.057291581596550185,0.13816371425981233
DUSP13,0.00819123557493473,0.05731802010819305,0.13818145859638284
CWF19L1,0.03267630667718713,0.05731599130909963,0.13818145859638284
TOX,-0.013610901783566831,0.057336795234932694,0.1382037181199476
GFI1,0.03502665982590614,0.05739339922779472,0.13829412650397252
SMTNL1,0.008451584163620574,0.057393194711471376,0.13829412650397252
DPH6,-0.007921781951709228,0.057420711313273524,0.13833692326371486
TMEM231,0.009704595145937134,0.05762961312818868,0.13881711567415347
ZNF140,-0.017876709862240325,0.057666082322144284,0.13885877578619082
SERPINB1,-0.04617431387538673,0.0576572785687859,0.13885877578619082
ALKBH8,-0.018309004705153953,0.0577166435523543,0.13895742440364023
VAT1,0.02593794591025045,0.05778311698851834,0.13901725370885437
CNOT2,0.027701947652035486,0.05778260282442916,0.13901725370885437
TEP1,0.013417634631114339,0.057774596187445425,0.13901725370885437
UBE2W,0.027274740916655382,0.05776201610367867,0.13901725370885437
DCAKD,0.033818012750662874,0.057789483884355994,0.13901725370885437
BLOC1S6,-0.030077568939287147,0.057810808009146473,0.13904545719104575
MPL,0.04536264934436218,0.057844415027804824,0.13910318898600782
MBTPS1,0.020510772644720454,0.057950787625224424,0.13933585789570893
MARS2,0.008682769690109282,0.05804469676662244,0.13951568180392634
ZNF300P1,-0.009830874776048937,0.058044842484842596,0.13951568180392634
BEX3,-0.025126098612800796,0.05808843347275784,0.13957413245179573
FBXO21,-0.01746934240707798,0.058087627640925996,0.13957413245179573
PDK3,0.027477308645227794,0.05811789408045419,0.13959860329374768
ALDH5A1,-0.027780856955530453,0.05811016133029258,0.13959860329374768
TPRG1L,0.03341314173685639,0.05824082234306837,0.13984749184632
ZNF821,0.015696746795215155,0.05823760282181037,0.13984749184632
ST7,0.0098059665004131,0.058324200548072275,0.14002448545305465
NT5C,0.0327714767099927,0.0583694058103192,0.1401097901486018
CCDC68,0.008384963267483947,0.05842915986150186,0.14022998366760445
OR4D10,0.013993552259748299,0.05847035308005072,0.14030559874278573
ZADH2,0.024955241713922938,0.0585407776480418,0.14045132076432623
SNX32,-0.00842238572970011,0.05858561941389081,0.14053562629857477
SRSF7,-0.050879116607246644,0.05864806569162736,0.14066212675567655
PAPOLA,-0.05719558683475334,0.05866150712384024,0.14067107105657317
PYROXD2,0.03205496397474139,0.058699482997926725,0.14071554315491075
DCP1B,-0.013580645218763898,0.05869804141104651,0.14071554315491075
IFRD2,0.02565080680872711,0.058722153502713925,0.14074659462738845
TMED9,-0.030638034261407654,0.05881011162693049,0.14093409278697241
WASH7P,0.07547909327895219,0.05883584128686018,0.1409724276590377
SRSF11,-0.02811244475714325,0.05886857774515643,0.14102753557076508
MCAT,0.009235301818441677,0.05889178368457364,0.1410488166191903
PP7080,-0.015336608768189208,0.05889693751124433,0.1410488166191903
HOOK1,-0.02084701375803899,0.0589192333495564,0.14107888507769464
CDK5RAP2,0.0181360304219238,0.05897716287029241,0.14119425239889508
RAD17,-0.00822848454577052,0.05899529990938794,0.14121378879123023
ZNF761,-0.009679695484075879,0.05900482254657038,0.14121378879123023
QSOX2,0.024203877198014645,0.05903667582459296,0.14126667976927215
GLYAT,0.007661256981715603,0.05906168109070473,0.1413031696263243
C11orf95,0.007085918356144916,0.05909194417957807,0.1413522245246918
PHLDB2,-0.00771642284451346,0.059133610184790915,0.14142853532306995
TPM3P9,-0.026726660479451603,0.059210374652428746,0.1415887512738613
VILL,0.013433205779112,0.059235541819796206,0.14162273519833124
RAD9B,-0.008412078657342725,0.05924414198886282,0.14162273519833124
SYTL4,-0.014760897392006811,0.05925412244846584,0.14162321939663025
COPB2,0.02751763311623101,0.05926745032834785,0.14163170278102463
PEX5L,0.008229452195703146,0.059342772455473085,0.14178830686985686
SMPDL3A,0.025627237654829216,0.0593843958108119,0.14186435575190492
LINC01096,0.00854646644043111,0.05949973377955928,0.14211644855922437
IPO4,0.016470758028145127,0.059541681918420616,0.14211985984661085
MTF2,-0.03127636956771074,0.05954600289946253,0.14211985984661085
ZNF763,-0.021596388577474812,0.05952977108375319,0.14211985984661085
HIPK1,0.0059106413908835975,0.0595502229638968,0.14211985984661085
PLSCR1,0.04077003512203703,0.05952330306650316,0.14211985984661085
DNAL4,0.021246145120575655,0.05957184134701838,0.14214803131305012
KIR2DL5B,0.01201820597622838,0.059582212019697704,0.14214935906659554
GNE,0.021829589020147644,0.05964710010367905,0.14228073087972454
MAGI1,0.008814423642765412,0.05973585690822621,0.14246898591449836
SATB1,0.02104306156005631,0.05977985806209707,0.14255045508255085
BTBD3,-0.008530285492215128,0.05981668372712517,0.142608172432368
CCNC,-0.018458337120027757,0.059823754190766916,0.142608172432368
TFEC,0.009076830849643613,0.05986793458531067,0.14269000568267892
TADA2A,-0.006009191177651196,0.0599086582868443,0.14274008992048903
INTS6,0.016124308554679168,0.05990303530439037,0.14274008992048903
NECAB2,0.027604233444671777,0.059956656563378716,0.1428309561947331
POMK,0.01293868633466655,0.060000893154865995,0.1428658452170112
DDX21,-0.039995809378638114,0.05999643812784398,0.1428658452170112
PIBF1,-0.008250023587035749,0.059982044203996984,0.1428658452170112
FN3KRP,-0.03945289097455884,0.06006753136735799,0.14300100662801005
KIR2DL5A,0.013832675121109972,0.06007783228751583,0.14300202511953644
TIFAB,-0.007211936602526947,0.06018399032381484,0.1432311725024867
FCHSD2,-0.02406705149857924,0.0601944388588231,0.14323250409580973
MTHFSD,0.0126350115359255,0.060344888428423116,0.14351976420316592
SCGB1A1,0.007893640344121877,0.06033087467757984,0.14351976420316592
LY9,0.02073752909679971,0.060337473173822424,0.14351976420316592
PHYH,-0.009952756259018258,0.06041852521519395,0.1436477214735504
SNORD13,0.061221474229883555,0.060410133196677956,0.1436477214735504
CISH,0.026618670582240433,0.0604480252702278,0.14369427178959127
NLN,-0.01161025288267492,0.06053592363259785,0.1438754040331442
PKP4,-0.01787300913355061,0.060544089173019455,0.1438754040331442
HCAR3,0.04827917103009316,0.060571362135738965,0.1439166025547971
TNFRSF13C,-0.018729101497187095,0.0606330071349509,0.14403944158481694
TRIT1,-0.026724258718827443,0.060683680821036486,0.1441361812089033
ACSL1,0.07923289175872661,0.06072009332544979,0.1441990214339752
FAM171A1,-0.027773658835247517,0.06075442120802216,0.14425689127491687
TRIM69,0.0076717929730998335,0.06078485342851233,0.1443054936991596
DHX40,-0.014298288535062653,0.06081653325724127,0.14435704157618529
SGTB,-0.00960651538710433,0.06082744626935956,0.1443592875250539
CBX2,0.0083270459289011,0.060846220784441664,0.14438018706452377
CD101,0.010250588029842689,0.06085692161008574,0.14438192507788403
PTPN5,0.015523509911941069,0.060894361285270183,0.1444234368521129
RPL36,-0.027568426059314532,0.06088790737366382,0.1444234368521129
ATF6,0.033531905173321164,0.06090642335070023,0.14442839486109071
IFI44,-0.10110152851553078,0.0610108551648347,0.14465235328326498
FAM117A,-0.03356007570650643,0.061036780663648524,0.14469013602819725
TRIM23,0.01776794914476376,0.06105607643322068,0.14471219294039736
BCL6,0.06553820232952923,0.061099743302499274,0.14479199639944362
PACSIN1,0.01755212230273795,0.061182110563211385,0.14496346955628228
CFC1B,0.008205736767807004,0.06120512217739272,0.14499427373525617
GPR78,-0.009450280729723204,0.06128146572914594,0.14515138996254287
KLRC2,-0.019774720348261,0.06135129373013971,0.1452930245891667
GPI,0.04610613069908531,0.06137038831150446,0.14531448492787813
ZNF518B,-0.02237411748295237,0.06141875434215023,0.14540523666095193
WDR48,0.03778805651790762,0.06142941401151029,0.14540670575955467
TCAF1,0.0306356375544361,0.06144630656636994,0.14542292554040886
WTIP,0.006618445081351787,0.06149941368011021,0.14552483380864503
PI3,0.12349255521047908,0.06151835632283521,0.14554587928453858
HIST4H4,0.009076236063592091,0.061543743552958725,0.1455821626034712
PRSS58,0.007348271894486835,0.061565502906826684,0.14560985370713223
FADS2,0.008905136717609174,0.0616189718283363,0.14571252048353026
AMBRA1,0.010898689578211496,0.06165860969247198,0.1457824522993412
RPS26P11,-0.1345348620039033,0.06169123787188157,0.1458357906538816
ASGR2,0.03701596462188661,0.061806620051426606,0.14608470705366564
SLC38A2,-0.055110111409836016,0.061878326754590283,0.14622559314591452
TRMT5,-0.0466563989326545,0.06188641852971941,0.14622559314591452
TRIM22,0.07382307531334042,0.062035829321196764,0.14655471405777426
TCAIM,-0.005482127267265824,0.062051624597768244,0.14656812307144085
TNFRSF12A,0.012668678440509673,0.06208848830497227,0.14663128397345807
ELOVL3,0.014313475961230004,0.06213042678143301,0.14669336984359035
YIPF1,0.02864280931460783,0.06213503341552243,0.14669336984359035
CARMIL3,0.010615831117640084,0.06225465852310839,0.14695183736126172
METTL22,0.03276423622452196,0.06234945239363495,0.1471516161755595
WSCD1,0.015044970407941172,0.06237488331551213,0.14718765232027986
PLEKHG2,0.010084426914168887,0.06253290757204812,0.14748846006734162
TMEM150A,0.02072509753048113,0.06252817950982381,0.14748846006734162
LDLRAD1,0.009734164590942562,0.06253000994335736,0.14748846006734162
STK32C,0.012952125420931715,0.06258802271151613,0.14759441891136432
TRIM61,-0.008482306865073674,0.06260580280421732,0.14761231447440723
SSU72,0.029031922031276025,0.06268334230910631,0.1477470349886242
CFL2,0.011084833076957956,0.06267700472291435,0.1477470349886242
FCGR1B,-0.06791819016704803,0.06270633018820715,0.14777716993914616
TP53BP2,0.017283480904970006,0.06271987908958662,0.14778505429210553
AKAP10,0.031010872959286395,0.06273472431928268,0.1477959900846601
XPNPEP1,0.03085584997205615,0.06274832518204329,0.14779731095229723
POLR3F,-0.012759214331839352,0.06275569334138552,0.14779731095229723
CD19,-0.06930079037344417,0.06278878968760807,0.1478512160356552
AP3M1,0.018987975312197314,0.06301518928181789,0.1483360964664148
ATAD5,0.008528009026003147,0.06300625949529463,0.1483360964664148
HPS6,0.0334102174605011,0.06306050846249155,0.1484186552763613
STATH,0.008321539721502624,0.06316239545543469,0.14863430313184664
XYLT1,0.021457475208785937,0.06317321345746975,0.1486356113901871
RANBP1,-0.024896455634477732,0.06326336462270533,0.1488084885616042
RBPJL,0.011737936772624913,0.0632672378184451,0.1488084885616042
ANKLE1,0.007014095701773471,0.06329265922664344,0.14884411044629056
KRT16,-0.005992881984788312,0.06337207214012597,0.1490066709216858
CHAMP1,-0.026162029773511897,0.06355243690398638,0.1494065080534554
ZNF589,0.019363356030158485,0.0636689023518258,0.14963173481483774
SAT1,-0.05108490357456574,0.06366543239563248,0.14963173481483774
GLS,-0.031069020565917427,0.06372822322839387,0.14974685029851667
GLIS3,0.006826058824851877,0.063741748743331,0.14975433719357764
DOLK,0.02245225076315105,0.06376179255963269,0.1497771332198702
MRPL10,0.012306790438044501,0.06380775535357519,0.14981221081880094
PTGDR,0.0354270647271262,0.06378820212885883,0.14981221081880094
KRTAP21-1,0.007136615506687427,0.0638025885305395,0.14981221081880094
POLDIP2,0.01475986272582741,0.06389882690550187,0.14997741191043415
THEMIS,-0.04010697332579927,0.06389294113471856,0.14997741191043415
EIF3F,-0.043279933667889736,0.06393625184521698,0.15004093838725255
RNF157,0.02229223901701527,0.06395067898483173,0.150050483462871
IDH1,0.023390237322575835,0.06397943807490762,0.15009364772869485
TMPRSS3,0.006448794182071005,0.06399905823666738,0.1501153618623304
NQO2,0.05575145341732135,0.06403020371293656,0.1501640982153778
SLC44A4,0.020948597973081462,0.06411771744503342,0.15034499262973353
PAK5,-0.008857102693836438,0.06415425477580455,0.15038197542850837
TNFRSF9,0.020980358628022167,0.06415044365707864,0.15038197542850837
CORO6,0.008826856355740986,0.06426879402132991,0.15062608618202952
VEZF1,-0.039009989799268396,0.06429808272346547,0.15067034948498204
ITM2B,0.025927826794557518,0.06435227270634247,0.1507729404527118
CPNE2,0.01188822059014516,0.06439765794535607,0.15085487266384237
ZCCHC6,-0.03855011331702496,0.06456376024211316,0.15121951865245262
SLC7A6OS,0.01812947970134804,0.06463526100135684,0.1513625093522478
NSMF,0.03120147061043088,0.06465876636104208,0.15139307662032547
YARS,0.03201055494787397,0.06469852644131693,0.15145424828236806
KIT,0.010291839669896774,0.06471626226315769,0.15145424828236806
PAGE5,-0.006432286579142854,0.06471438790043584,0.15145424828236806
TNC,0.01383647417921896,0.06472860984788337,0.15145867286538653
CYSLTR1,-0.03238974448974563,0.064819771700326,0.1516474839779554
SUMO1P1,0.016117032965425437,0.06493161852391138,0.1518846192991493
LRRC41,0.024323859960428074,0.06494888863079336,0.1519004848907494
INO80,0.011460191912131101,0.06499540850538295,0.15198474278204174
PIGU,0.022259183786542458,0.06500682535251215,0.1519869020832584
TSPAN9,0.06490511201209959,0.06509491637234484,0.15216829708473897
STEAP1,-0.008227653975581894,0.0651468836003454,0.1522652028509606
CYTL1,0.0074262914949567715,0.06517020096700053,0.15229512597709516
SCCPDH,-0.008397269413339181,0.06520652139303945,0.15235542117386408
TMCC1,0.00948075695356465,0.06521924188057081,0.1523605644190625
EIF2AK3,-0.013496147239876244,0.06523308920630945,0.1523683380203493
LRIT3,-0.006677915791678757,0.06542917165595744,0.15272781986541298
DLST,-0.020394712534618442,0.06542691401220069,0.15272781986541298
RNF168,0.008533550443601712,0.06542053257860975,0.15272781986541298
C1orf198,0.027398438401020186,0.06540347620601276,0.15272781986541298
ZFY,-0.007886988680637863,0.0654604591381837,0.1527762310920807
ZNF239,-0.015281016270000336,0.06548409599150626,0.15278215952657484
RASGRF1,-0.009883760315947399,0.06548188288321419,0.15278215952657484
SEC24B,0.009595689387429829,0.06551058391831006,0.15281934248233256
WDR45B,-0.020950054717345346,0.0655738707960148,0.15294234212713018
LINC01077,0.0127897509774888,0.0655975324491129,0.15297289647286286
NARF,0.04061141889777353,0.06567740964644328,0.15312616020498293
KRT17,0.01063300648590193,0.06568439887831808,0.15312616020498293
MTHFD2,-0.02234608921505732,0.06575588064032313,0.1532681324741616
FBXO31,0.029505086799497704,0.06579816810259996,0.15334202201095057
VASH1,0.04049463758124894,0.06591417571992735,0.1535876642740392
CGB3,0.010006564960333364,0.06598570642047126,0.15370488449567477
PDE4D,0.021192785211860077,0.06597891971891824,0.15370488449567477
C18orf12,0.010544272728954418,0.0660127468780882,0.15374314612996132
GDNF,0.013552427115301136,0.06603013312091617,0.1537491913850544
FAHD2A,0.00688176839944088,0.06603657274277987,0.1537491913850544
ARPP19,0.019525402770405265,0.06617920487991998,0.15405650972046947
AGFG2,0.009415004360280754,0.0664456595969252,0.15465192569530203
TIPARP,0.029799621539567056,0.06648079499657365,0.15470884234099821
EIF4ENIF1,0.020024277670965596,0.06654422489727953,0.1548315748453328
RARRES3,-0.054683069012749996,0.06656995500030335,0.154866564122132
IFNGR1,-0.07122472034464344,0.0666589607720062,0.15504872134603143
SLC25A11,0.01949109126373383,0.06671812617801598,0.1551614225373127
NUF2,0.007189751381286413,0.06685083963405472,0.15544510535553838
TFDP1,0.060706451395233785,0.06687024343779638,0.15546526580305664
ATP7B,0.005696039417076193,0.06688246337940768,0.15546872084534435
TBCC,0.022745109289136423,0.06689963659778278,0.15548368685530903
LCN2,0.12777389183950127,0.0669440040007819,0.15556184083865315
RABEP2,-0.00814676570559758,0.06697419669020235,0.15560703639090326
FAM63B,0.00967483748746556,0.06700915038231388,0.15566327732757565
KCNE3,0.01146097807396984,0.06702064967960192,0.15566502404736277
MAPKAPK3,0.033562214904028664,0.0670324736346914,0.15566752415021168
TRMT2B,-0.022152615360759853,0.06710933455915506,0.1558210326634822
KIF23,-0.0067358809390611896,0.0672276430813062,0.15607071363834574
NPFFR2,0.008284867099327187,0.06727629585360148,0.1561586328755711
DOC2A,0.0068241302216378585,0.06740619798932462,0.15642375541837278
PTGER3,-0.006675362843360233,0.06741211552896181,0.15642375541837278
PLCG1,0.028413228187551987,0.06753895147490471,0.15669296382548772
HAND2,0.008997443488296675,0.06759981108357083,0.15678393334418572
CDK5,0.019108517728687602,0.0675945423344772,0.15678393334418572
HSD17B4,-0.02935450241813342,0.06766083697872746,0.1569003462695947
ELMOD3,0.016005473467277653,0.06773492553130583,0.1570470083872953
TMEM223,0.02018932220459746,0.06784275793558539,0.1572718479415843
KCTD16,0.00900719652354276,0.06788041774447251,0.15728362991696365
LILRA1,0.016300569395200526,0.06787117472620187,0.15728362991696365
CGB1,0.008014333425439446,0.06786509339087786,0.15728362991696365
DUT,-0.011884837935309811,0.06789160306128254,0.15728438559494823
FAM105A,-0.02373864395707681,0.06793340901741883,0.15735606848045647
GLRB,0.009118070161662217,0.06795977013241743,0.15739195884201054
KIR3DL2,0.03299220898960176,0.06799997610067252,0.1574598966973846
ATF7IP2,-0.02082004595098308,0.06806206532912974,0.15757847733809385
CERS5,0.030527652594737553,0.06808826443103554,0.1576139399103594
BCL2L13,-0.03176635446069298,0.06811761599106239,0.15765668744240136
CDYL2,0.009352210824466134,0.06814672491202846,0.15769885982198759
STRC,0.012223290114127039,0.06819340887670058,0.15778168277478136
SLC31A1,0.03397828929222513,0.06820736287055248,0.15778876278822587
CLINT1,-0.04548510269970585,0.06831397949814792,0.15801016912347085
CATSPER2,-0.007919597626696806,0.06835612292961302,0.1580824021255812
ARR3,0.0068172562310859774,0.06847810295565689,0.15833921507179666
TRMU,0.014256435763168263,0.06849116577044453,0.15834414126402532
RFFL,0.009279282920605425,0.06863135171144204,0.15861759983860324
IL23A,-0.014662136669040926,0.06862392251160486,0.15861759983860324
G3BP2,-0.025377470777702804,0.06875558450133322,0.15887341655744147
CLIP4,0.021639748317133112,0.06876397738184208,0.15887341655744147
SMYD2,-0.02001488274855756,0.06879007328379058,0.15887811743112967
LHFPL5,0.00772158240216303,0.06879891967191697,0.15887811743112967
ASAH1,0.013145229658016788,0.0687978723332407,0.15887811743112967
C16orf96,0.010344629607857314,0.06885899535098844,0.15899150146081883
FGF20,0.007187963976170053,0.06900872027815914,0.15931181136577255
RACGAP1,0.010463469571250883,0.0690371064881955,0.1593519442828723
NME9,0.00962756937500675,0.0690707744995039,0.15940425395965813
TOE1,0.00909310122718221,0.06909289364055009,0.15942989827779633
JOSD1,0.02399990952381792,0.06915955252576743,0.15955829225600757
PFKP,0.02044242657332429,0.06927587161004488,0.1598011983436678
FOXJ3,-0.03170973091786067,0.06930332738254508,0.15983907544725842
ADRA2A,0.024675979940850468,0.06939959201227298,0.16003561386813597
TUBG2,0.018618432635542526,0.06941908467593572,0.1600550815737429
MED8,0.011583071540806955,0.06945736838689948,0.1601178614858908
HACD2,-0.04193691132776767,0.06950014140218144,0.16016548099748543
CD82,0.034443288417749685,0.06949728928732585,0.16016548099748543
ABCC2,0.00785278048879956,0.06955429764842835,0.1602647863728661
USP43,-0.009297752112140678,0.06980746845576548,0.16082255020093958
RCOR3,-0.04934759847734682,0.06985081535019787,0.160896820854368
RINT1,-0.014403405195573704,0.06996949855685433,0.16114457260255655
MAP2K6,-0.006721655821663397,0.07002265960116898,0.16124136751404317
SIGIRR,-0.03344377195015902,0.07006541308301975,0.1613141699403049
FAM214A,-0.03637039684660426,0.07011852244578104,0.1614107881603135
WRB,-0.01978627559170132,0.07016256975096205,0.16148651839709746
KITLG,0.0064387609258718115,0.0703008917060571,0.16177917309668433
MTMR2,0.00791874479394128,0.07033373438375155,0.16182904031997736
ARAP2,-0.020250335557448373,0.07037036349985351,0.1618876024351776
RING1,0.030674781336328394,0.07047916746356372,0.16211215841547671
WDR60,-0.017094479207110602,0.07054373493839697,0.16220937657285264
NBPF7,0.007120739194941272,0.07054383202377788,0.16220937657285264
NANOS3,0.00847862962752366,0.07062513270715613,0.16237054319530944
OPRM1,0.005302198075503917,0.07070634398976727,0.16253145315787798
HDAC6,0.04783205621072195,0.07075603194292295,0.1626198614188029
ZNF549,-0.024903539241577732,0.07077006530388376,0.16262630903719694
PTTG1IP,0.029822505689214296,0.07078878715794688,0.16262996136665833
OR2M3,0.006769075584363904,0.07079925354724154,0.16262996136665833
LSR,0.009175509626083489,0.07080533943511098,0.16262996136665833
SEBOX,0.009657045266374453,0.07090180420473483,0.16279989411879822
SPTBN5,0.015691123443725807,0.07089270767513688,0.16279989411879822
USP5,0.034090417223646696,0.07092292200572657,0.16282257129988012
ATG13,0.011534366806972507,0.07095562057943841,0.16287182384668558
AIG1,-0.014987739626159069,0.07099176585872471,0.16292897111357452
RNASET2,0.05156661970918819,0.07103381901898331,0.1629996569504047
CSGALNACT1,-0.01873412303762212,0.07119456420750483,0.1633167671811055
INCENP,0.005992484544321108,0.07118786345001152,0.1633167671811055
ASNS,-0.021485694146120338,0.07121354582487772,0.16333444144537276
ALDH1A1,0.04025987128984809,0.071257546831792,0.16340948516650972
ARNTL2,0.011003074781569033,0.07129770042162299,0.1634756835375633
ATP9A,0.031409134895489466,0.07137734950874848,0.16363240428691248
GPD2,0.007690355464219145,0.07145240389901512,0.16377854376852904
SNORA7B,0.018534534689751858,0.07147876350864693,0.1638130396612725
COMT,0.023174698654782944,0.07151519288388994,0.16387059859678246
C5orf47,0.013073620403856623,0.07167821864485195,0.16421817761025556
PGM5P2,0.008789994268912693,0.07182949127041421,0.16447706535086948
TSC22D1,0.02378867170368615,0.0718084429963452,0.16447706535086948
TDP1,-0.0187627379621782,0.07182263171918173,0.16447706535086948
BRD4,0.016373667456440977,0.07183664149472524,0.16447706535086948
C5orf15,-0.046671230464504276,0.07195619229096713,0.16472474935077727
MORN3,-0.012431140797115603,0.07200628288165604,0.16481336935175506
BTN2A2,0.00791453421742716,0.072131864776883,0.16507472419471853
FZD7,0.047177464130246705,0.07216695611946652,0.1651028577530174
GMPPB,0.02084764792421101,0.07215973624941911,0.1651028577530174
YTHDC1,-0.015724276751535093,0.07225325483105499,0.16524808826354026
ORC6,0.03606864613448124,0.07224508336881016,0.16524808826354026
UBR2,0.03236704042440941,0.07256074541140962,0.16592513996508634
SLC30A1,0.010458044644644282,0.07258106928909273,0.16594541556167627
PRR16,0.013469327453224267,0.07261754981197728,0.16600261860427382
SUMO3,-0.03441716044645027,0.07264610616529663,0.16602712711279966
PRPF40A,-0.019289772534598626,0.07265119660597379,0.16602712711279966
BORCS7,-0.029050095086422978,0.07266800980934457,0.16603935227615504
TEF,0.02669551999192077,0.07271082704496622,0.1661109809020963
ADH4,0.00872566270677666,0.07272610055626012,0.16611967204807943
TUBD1,-0.017414626331940575,0.07283331661729697,0.16633834088377947
LONRF1,-0.01770814441393398,0.07290484156032714,0.1664492000567116
PTGER4,-0.04721822900774342,0.07290349673159313,0.1664492000567116
LOC100288893,0.01829864871021769,0.07304202319730375,0.16673611725606738
SNAPC2,0.03330521086124705,0.07309538436489192,0.1668316336497155
KIAA1524,-0.0070061704404000835,0.07317682336295407,0.16699119420025632
NAPA,0.03279679335768915,0.07331742893663766,0.16728570269663828
ACADSB,0.005724244779807819,0.07340496575252677,0.16745905244284104
ALDH3A2,-0.012745613529985711,0.07346276647990391,0.1675645212117997
PHC3,0.01072666407367251,0.07354269118032293,0.16772041238478938
ABCD2,-0.007781463441026482,0.07374455961211841,0.1681543138258695
LTA4H,-0.05835141220600626,0.07382802075618995,0.16831812570953178
BTBD7,-0.008328254461861029,0.07387084587307303,0.16838925584286904
HBB,0.02860110784122938,0.07390921127981248,0.16845019924103918
SLC38A9,-0.01620835173848789,0.07392679060482346,0.16846375631218738
GLI4,0.012926351577025486,0.07399303748771592,0.16858819489886384
C21orf91-OT1,-0.010432584351874219,0.07416122476604095,0.1689448221942965
TMPRSS15,0.022505548873616554,0.07435143099562669,0.16934492794254868
LOC105371307,-0.008858049924613809,0.07436024176433373,0.16934492794254868
LPAR4,-0.009084467374502303,0.07442910502728989,0.16947510724968823
AKAP12,0.007699461392910223,0.07444500134135083,0.16948465882240263
UCKL1,0.03167754361310138,0.07448153883140317,0.16954119258746558
MESDC1,0.012920502874217199,0.07450210648348303,0.1695613623989265
GSTM2P1,0.009123344729481175,0.07455313190149977,0.16965083463650005
LINC00632,0.00555253323329552,0.07457271530139242,0.16966874150571282
PRELID3A,0.00791901987088206,0.07460347612875251,0.16971206977365344
PURG,0.01970113809422447,0.0746408025391826,0.16977031783566593
OR7G2,0.018969866776761712,0.07465446714277246,0.16977473733646042
ABHD17A,-0.00920732926087009,0.07473172508253922,0.16992375291923048
LSM12,0.014306029405076082,0.07479453885042153,0.17001319847920676
PDGFB,0.00853817641675203,0.07478826287788531,0.17001319847920676
NKG7,0.07992333081800318,0.07483036044433493,0.17006793357535652
SMR3B,-0.00987004518040635,0.07498064383194447,0.1703827494919805
SLC37A1,0.01700554089599482,0.07500575510917515,0.17041307560804592
ZBED8,-0.006718548789170775,0.07513681801650038,0.17068407656069504
WLS,0.04133353194617673,0.07514928245659222,0.17068562131116224
ZNF114,-0.005519501664937643,0.07520765157866714,0.17079141195757525
RIPK2,-0.030854511916242444,0.07526156980744746,0.17088706334708714
PGBD2,-0.011025876516274735,0.07528032592666284,0.17090285904730165
HMG20B,0.026700963543900613,0.07534602891281426,0.17102521278376456
SH3RF1,-0.007184233413597418,0.07538899533812429,0.17109592737032156
ADM,0.0732248378514413,0.07543252581943068,0.17116789972875354
PSMD12,-0.01916433728345268,0.07552263077114812,0.17131868192471564
APOA2,-0.006449825518594743,0.07551810473072312,0.17131868192471564
ZFP42,-0.012910308661379766,0.0755355218068924,0.17132109267945966
GYG1,0.04534570555915529,0.07561756557007204,0.1714803224858186
CLEC18C,0.010769585061755294,0.07564359861424036,0.17151250506084179
IL18R1,0.04574952551687694,0.07571185849404313,0.17164040670335273
EMD,0.030671938951055466,0.07573365684156681,0.17166295550755145
MSL3,-0.018595203385717518,0.07578733870072948,0.17175775524039522
CYP2C8,-0.009621731944141843,0.07580731629071047,0.17177615287150352
CMTR2,-0.02710956306345036,0.07588770993153275,0.17193142353328958
CYP1B1,0.06016153169922411,0.07590956677541366,0.17195404522600743
COQ6,0.01359018262547984,0.07596427175715482,0.1720510574090118
GFER,0.01630510250076256,0.07604718568403761,0.17221191955090692
PPIA,-0.017966137523511172,0.07616698228601153,0.17245624064883397
GNLY,0.08733945160905066,0.07624623125862609,0.1726086923335324
ICE2,-0.007740160406998875,0.07626532951822111,0.17262494651381693
PHB2,-0.029878719922331598,0.07628830182159464,0.1726499630599964
GLIPR1,-0.04126526494214566,0.0763711730889385,0.17281050945480161
PIGV,0.01994400653085382,0.07638487475624571,0.17281451514674523
ARHGEF19,0.01994500594312587,0.0764230232423212,0.17287381987221306
SLC45A2,0.0071057491582191545,0.07658603926727836,0.17321552041649904
MAVS,0.009956195555721692,0.07662957067835051,0.17328691673774063
IL1RN,0.04672371747757431,0.07671352510611404,0.17344968742381453
AKAP2,0.01077985844257423,0.07673305771508065,0.17346677195961108
CDCA8,0.012533867127817011,0.07674620272714366,0.1734694132802667
ZNF579,0.014817446497723985,0.07685847602203962,0.17369607843707627
SLC25A19,0.022818700046018492,0.07692118197279173,0.17381067077908197
SELE,0.00718159589042866,0.07697151271615556,0.1738972687850253
PRMT3,-0.026770544037266752,0.0770332317936793,0.17400956476912835
PNLDC1,0.008932260050049656,0.07710517535964613,0.17414491812086613
CALY,0.005780334712090607,0.07713266887555778,0.17415609318677083
PITHD1,-0.10203147845133032,0.07713417134722003,0.17415609318677083
LYL1,0.0725738113454284,0.07718649499788838,0.174247068820046
EPCAM,0.008565680835918243,0.077452225198963,0.17481970231911798
EMP1,-0.014377113786783191,0.07755969916167849,0.1750350082046979
OAS3,0.04630766448067991,0.0776041804400772,0.1751081086608628
DNAJC1,-0.009590862677232082,0.07763632389501585,0.17515335129211984
NFIB,0.015056567399745369,0.07772074028095702,0.17531649310533895
FRRS1,0.018849742635562272,0.07775137225819909,0.1753582802534655
SSNA1,0.016061986782743176,0.0777762303184769,0.17538703408575734
PARM1,-0.012781984437108207,0.0778395802202772,0.17550256536589273
ZNF419,-0.019247722181554572,0.07790888107512889,0.17563147602990922
WDR45,0.029279761882206046,0.07796353896133602,0.1757273417858685
SLC39A6,-0.011420506149925735,0.0780036550731142,0.17579040611155844
FRG2,-0.006212187087004217,0.07801956835612567,0.1757989153811643
ARHGAP12,-0.012027064830014922,0.07806039586872544,0.1758635516818509
NUP50,0.01578847383246984,0.07813444166865668,0.1760029942657579
ACPT,0.030138928674820598,0.07817604888168496,0.17606933478499845
CIAO1,-0.01867443953627479,0.07820764702067447,0.17611311558573522
ATP23,-0.023712584386215596,0.07824799826210006,0.17617659052203596
FAM209A,0.00789550073508316,0.07829070727878454,0.17624535346998993
NAPEPLD,-0.009487301533446235,0.07832988782122292,0.17630615310063602
UBE3C,0.018268135620996162,0.07836302755853798,0.176353339210358
LILRA4,0.015960026379236325,0.07839663917176504,0.17640157243496113
SNORD14A,0.029079698183736902,0.07843481596030037,0.17646006125644464
INO80B,0.01574222178463014,0.07859564949152549,0.17676698559553652
TM6SF1,0.042422083499776164,0.0785914552929025,0.17676698559553652
CISD2,-0.03550773959171494,0.07865306463254483,0.1768686520940505
CLDN4,-0.010210480478582085,0.0786681775771452,0.17687517603653696
SCYL2,-0.032762256650322286,0.07871951424916934,0.17696312965776329
HPS4,0.011984295690592006,0.07873438536164265,0.17696909335475358
ANKRD20A1,0.014831748060507799,0.07877291844397066,0.17702823130216774
MC1R,0.02413461931280292,0.07881992728602068,0.1771063957199385
RNASEK,0.03221873409978926,0.078910742345831,0.17728295209198328
PPP2R5B,0.044951699707788784,0.07896670019500457,0.1773536494998366
SHISA3,-0.008398301681108222,0.07896149163483507,0.1773536494998366
FZD10,0.00852379911665846,0.0790854218524851,0.17756522246340012
KCNT1,0.01057787702894597,0.07907621158775943,0.17756522246340012
RGMB,-0.012981369450377755,0.07925170649626594,0.17791099145875944
NLRP2,0.029817577502083914,0.07929743817056181,0.1779860676371327
CRIP1,0.0593670546186047,0.07941388672006844,0.17821982262991498
RYR2,0.007459381561950806,0.07946112594729131,0.17829821041372074
STRA13,0.025549605420941646,0.0795559624875324,0.17848335822017028
PRR19,0.009007124081088058,0.07961341897426415,0.17858459972483226
OASL,0.05477563308342148,0.07966470124154247,0.1786719623385725
LOC101927166,0.08506958237517281,0.07982583264292101,0.17900562935439973
HS3ST5,0.010258717070142254,0.07988895215432591,0.17911944009338338
TBC1D10B,0.07119621069042736,0.07993843913637688,0.17920265476726244
MBOAT2,0.026759968047628035,0.07995764963832143,0.17921798164058303
AVL9,0.01236537430955753,0.08011921298690777,0.17951546654293257
DNMT1,0.044081511240737115,0.08013994798858064,0.17951546654293257
FAM212A,0.022686196179417806,0.08013047389944356,0.17951546654293257
HOXA5,0.014702578531423427,0.08011190517843852,0.17951546654293257
MRPS11,-0.019305645730589127,0.08032881802266052,0.1799107159796219
OSTF1,-0.036527301460857586,0.08043756643472182,0.18011322131139917
CCDC86,0.024007455638764164,0.08044410581769133,0.18011322131139917
FBXO18,0.01861409349521459,0.0804622586446562,0.18012602074330764
YY1AP1,0.022895417495298886,0.08055154887079212,0.18029804262780916
FGF17,0.007560790083725344,0.08057479574106186,0.18032220975178306
ERCC2,0.0173960086386451,0.08060313507249706,0.18035776431176384
MGA,-0.008734762448825428,0.08070388632906988,0.18055531195400806
MEN1,0.00985144808899907,0.08076556105194303,0.18066538784190622
TRDN,0.015259828520580498,0.08084280305297008,0.18081024697640807
AHCTF1,-0.02713927714189701,0.08092829279485811,0.1809735051475567
TWF2,0.026734340801326084,0.08095317363391723,0.1810011989678384
WFS1,0.012669374970368352,0.080982119510813,0.18103797175406935
SCAMP5,0.011331752803338091,0.08101697383773407,0.18108793967063894
SLC43A1,-0.01047452508818214,0.08117858744303501,0.18142117891142093
ANK1,0.01505254837392922,0.08126030627747996,0.18157579082428568
PAK4,0.014284505003820058,0.08136242672420144,0.18177593531903957
AGRN,0.026627444739881767,0.08139376123970489,0.18181789602034018
PCCA,0.016064244615414225,0.081605832187209,0.18226351170386046
RHOBTB3,-0.024114165344490956,0.08164904481409418,0.18233190951084494
CLN5,-0.024528259465219193,0.08167899206011855,0.18237066764278667
FAM117B,-0.044110910092628686,0.08172139174245721,0.18240915263259763
MFAP1,-0.021783456007001156,0.08172141614422301,0.18240915263259763
ZNF846,-0.00595767332680186,0.08187688525066947,0.18272801324664045
FBXO48,0.006577406030143784,0.0819900823772968,0.18295245003123814
RAB11FIP2,-0.024524646744680467,0.08206087811362602,0.1830822178986074
SOX30,0.008358331155748466,0.0820962188902796,0.1831328560614215
ABCA3,0.010475669874091764,0.0822068691992567,0.18335144648630028
RPLP2,0.0312081280010279,0.0822253183025259,0.1833643587827229
AAAS,0.011113595251612374,0.08225978009352415,0.18341297027010528
LYZL6,0.008648978124222495,0.08230378326746797,0.18348283774757673
PPM1H,0.011410974342339841,0.08232999541622833,0.18351302764060498
NAT14,0.014004596902036148,0.08238396145737026,0.1836050619708495
PLPPR1,0.004883754482810865,0.0824867499175648,0.18380585935477056
RFXAP,0.013355996243214818,0.08250730032034093,0.18382337145667096
MAPKAP1,-0.010509683615068433,0.08252633442952914,0.1838375004425254
POMGNT1,0.025248217735720502,0.08271461110155212,0.18422857561046915
SPDYE1,0.004177165798475713,0.08279008066748064,0.18436831617278437
FADS6,0.018124716854823752,0.08287057205081302,0.18451919532420843
YIF1A,0.024216727780730807,0.08298924298979606,0.18472663215985954
FCGR2B,0.019357907035205457,0.08298103421134932,0.18472663215985954
RAB30,-0.008991668121705487,0.08302728693804737,0.18474176042214002
AHNAK2,0.014780053898603818,0.083028169321383,0.18474176042214002
GPAT4,0.013608933554343672,0.08303430408368763,0.18474176042214002
CNOT8,-0.02745039934853022,0.0831833623834599,0.1849597514218657
FCF1,-0.01087963366477851,0.08317853293744114,0.1849597514218657
GNRH1,0.015699610259749086,0.08315396714756391,0.1849597514218657
VMO1,-0.014612435336466056,0.08317654622456468,0.1849597514218657
LAMC2,-0.006068396369530049,0.08322343619659787,0.1850163754223035
TRNP1,0.009588272898574779,0.08323437601848452,0.1850163754223035
ZG16,0.009345568535730209,0.08326378775317192,0.1850399951441917
ARHGEF37,0.006965995714505624,0.08327055291009676,0.1850399951441917
SERPINH1,0.012753258453299665,0.08331417621543069,0.1851085332572938
ANKRD22,0.04595700178669038,0.08332996133524631,0.1851152085858447
GFM2,-0.0063485358438457595,0.08337376842434294,0.1851841223521213
HAAO,0.012300236474649395,0.08348113738425589,0.18539417262704114
MGLL,0.017814718613680114,0.08352796827529449,0.18546973670080721
CEACAM21,0.01768665489957222,0.08357478240033708,0.1855452403872597
KLC1,-0.011160390083849059,0.08366313673674643,0.18571293065058012
NCOA6,0.029916951269710168,0.08368308540844276,0.18572874793991492
CHST14,0.016439571076229953,0.08375041853790054,0.18584971075577622
PDE9A,-0.010406935858535249,0.08386208403682414,0.18606899895670356
ATP1B1,-0.009172273824172628,0.08408865356962926,0.1865431242613739
POLA1,-0.008778468833083863,0.08411120047055386,0.1865645677818533
NCR3,0.03886286367465974,0.08425470156446899,0.1868542485775178
ITGAE,-0.025616140963771628,0.08430781849332862,0.18694342361564173
TMEM204,-0.0364675568037347,0.08437629356844115,0.18706662116107478
ZNF346,0.01825274076178296,0.08441947869133473,0.1871337204415813
MEX3C,-0.03029986480771285,0.08447614221703806,0.1872306723598438
CX3CR1,0.04721519565380028,0.08452210273013759,0.18727934739313948
NBAS,0.017474796006109905,0.08452396395394592,0.18727934739313948
IRAK4,-0.021559883169349092,0.08454305549339858,0.1872929972111326
MYO1C,0.008537317768290364,0.08462889169333739,0.18745448345103208
KCNS3,0.005701228559304994,0.08472290558364948,0.18763403126507325
RPTOR,0.009460304359675042,0.08480812873730431,0.18779405849734226
TRAF6,0.011322486805899423,0.08484890310487374,0.1878485199866442
SH2D5,0.025882037985121897,0.08485866240490285,0.1878485199866442
SRD5A1,0.014434180493536175,0.08491628275961192,0.18788992353959963
CPLX4,0.006419100548050061,0.08490539743959306,0.18788992353959963
HOXC4,0.012698710057536644,0.0848912209747222,0.18788992353959963
ADGRA2,0.01060338930090765,0.08496099675351067,0.1879601461704366
SUPT5H,0.03716816030265058,0.08498577454454191,0.1879862490078108
DUSP28,0.02204996768806211,0.08500438265266283,0.18799869878472567
RBMS2,0.009340620496215202,0.08506227724205384,0.18809801886624547
AMPD3,0.004960246873406682,0.08509588559470044,0.18814361272380417
DRICH1,0.009136362259956066,0.08530983667413981,0.18855908353246467
TMEM185A,0.017295560259276144,0.08530433974935166,0.18855908353246467
MAP2K7,0.019574449999950616,0.0853779990949633,0.18865216459060996
HIST1H2AK,0.007200356485217441,0.08537557526150658,0.18865216459060996
ARHGAP30,0.03132030553166487,0.08543055077936304,0.18873949015989847
PCDHB9,0.039722966886790445,0.08556452113244838,0.18900663780423704
GPX4,0.035935896467554684,0.08557994468454545,0.1890118814899293
ARF5,0.02694040522574781,0.08561003859792544,0.18904951959938285
TBL2,0.014730639358944586,0.08569534655233055,0.1892090547963347
FAM118A,0.04577568322196601,0.08575069820903423,0.18930241012950036
UAP1L1,-0.02127891529875381,0.08584691520940753,0.18948593719796689
C3orf14,-0.017521509558173776,0.08590167563172534,0.1895779170882081
RAB28,-0.010301501625306742,0.08607735246468227,0.18993668084985652
PEX14,0.01732884846708327,0.08632606880105612,0.190409790050873
DNAH6,0.00550802380997073,0.08633119934162407,0.190409790050873
PPP1R16B,0.030501332422358196,0.08632710363774872,0.190409790050873
SLC25A40,0.012400358464156547,0.08638583675761027,0.19047228795817128
PRSS21,0.010092679404571037,0.08637386058804604,0.19047228795817128
FGF18,0.017199848955521624,0.08642067952226244,0.19052010992396487
ZNF415,-0.009771933976202796,0.08659950995074815,0.19088529936488147
RFXANK,0.020721992084977714,0.08665257962986175,0.19093221828590004
SLC17A9,0.01089728273924706,0.08664917318747098,0.19093221828590004
RNF26,0.01986607416509223,0.08666034265475744,0.19093221828590004
OR8K5,0.00858935075737488,0.08677496022477528,0.19115566903355818
IL2RA,0.011175891197744647,0.08685069173612274,0.1912934031487229
MFSD14B,0.01855895695860088,0.08702151110908173,0.191640499757327
CCDC102A,0.02422998721036329,0.08731191928992432,0.1922508116441569
TOMM40L,-0.01780258326467532,0.08743467226754081,0.19243595448698844
HIST1H2BG,0.018527137085918355,0.08743586139732608,0.19243595448698844
TIAM2,0.04274947764340542,0.08743359408913522,0.19243595448698844
ING4,-0.015197901159245575,0.08750359503145724,0.19251643664592355
PTPRN2,-0.02000556202710424,0.08751230453443527,0.19251643664592355
PIK3C2B,0.022452653118402388,0.08748999423953047,0.19251643664592355
SUMF2,-0.023765335270846677,0.08755570230168086,0.19258265636105476
ASB8,-0.020615087387798603,0.08758283279520204,0.1926130808086405
MAGED4B,0.022693731055063893,0.0876034047654957,0.1926290746354091
P2RY12,0.010744391734663239,0.08773680945980307,0.19287775643655006
SIPA1L3,0.07582892654605189,0.08774313291635102,0.19287775643655006
TMEM116,-0.022552218651379796,0.08779957724687053,0.1929725458032887
GGCX,0.008875023544504757,0.08786969645510884,0.19307917714217562
USH2A,0.005874136874376212,0.08787475391612964,0.19307917714217562
MANBAL,0.01656714658889502,0.08789927921802025,0.19310377069525336
MSRB2,0.046685227598709744,0.0879594793611669,0.1932067180872219
OR5D18,0.008882473979536343,0.08798856879210443,0.19324130862544966
BBS7,-0.006319903133069182,0.08806719443587518,0.19338466407053004
SH2D4B,0.006721117567525248,0.08810303357004462,0.19343403641481374
FGFR3,-0.008161272220706728,0.0882473070482597,0.19366272655863537
STOX1,-0.0068743877479819915,0.08822770522389727,0.19366272655863537
DCXR,0.03175345311072242,0.08824482546106967,0.19366272655863537
ZSCAN21,-0.012571728277547933,0.08836440212625547,0.19389031970863269
LMBR1,-0.019951560154902737,0.08842812916763772,0.19399371200321316
VPS4B,-0.046834632507993135,0.08844636599055843,0.19399371200321316
SLC1A7,0.021870054241269088,0.08847033114215759,0.19399371200321316
OPA1,-0.017719203705246933,0.08846920211148833,0.19399371200321316
BMP2,0.007718997351617851,0.08847849085150691,0.19399371200321316
PFN2,-0.011199417431682512,0.0885726761395969,0.19412068651537673
DPY19L4,-0.009402782679367228,0.08857483231568627,0.19412068651537673
EXOC8,-0.009975882473156616,0.0885766098577827,0.19412068651537673
SLC7A1,0.023557976257030155,0.08866159076826953,0.19419107313272246
C1orf50,-0.021418177007475947,0.08866235616036272,0.19419107313272246
RMND1,-0.010943486226232757,0.0886420647084419,0.19419107313272246
EIF4EBP2,0.034124728062201015,0.08865175821898993,0.19419107313272246
MKRN1,-0.07784943032064717,0.0887282659267625,0.19430604833432538
KIAA0895L,0.005219031453562728,0.08891753702436726,0.19469096364423272
TMEM186,0.012889927674382129,0.08893091794188371,0.19469096364423272
CATSPER1,0.01909394797864916,0.08898367270227947,0.19477701608278916
ADORA2B,0.011902879036385983,0.08902248849088497,0.19483253600815623
DUSP27,0.01261735797893504,0.08905996876561567,0.19488511672475864
LINC00441,0.01740366507577562,0.0891136631886248,0.19491427025431013
CEP19,-0.028527195507694003,0.08910132764975583,0.19491427025431013
LGALS9B,0.022096695326287552,0.0891023452357552,0.19491427025431013
ZNF800,-0.037449948437031644,0.08927817910249244,0.1952446242066285
PDGFD,0.017774594479187833,0.08931428406700151,0.1952940957769399
CDK1,-0.006189721766053147,0.08938493089472468,0.19540829243120142
CRB1,0.007920207066520746,0.08939349251927234,0.19540829243120142
TCP11L2,-0.019208347335288423,0.08947367404480848,0.1955540508322025
SLC22A17,0.020040700948604773,0.0895065514848609,0.1955963928344486
CKAP2,-0.011125684526611224,0.0896770428150031,0.19590984738046832
CD2AP,-0.013908598586739984,0.08967026630475142,0.19590984738046832
BTBD6,0.025951679605796585,0.08982760251773067,0.1962091682803214
HAX1,-0.014343421366803888,0.08990782867337054,0.1963547935019751
SLC39A13,0.017011333896542524,0.0899312705965821,0.1963763792131607
UBE3D,-0.005347521356244833,0.09007508245056953,0.19666076186524706
FXYD1,0.005842586633180602,0.09010434302980906,0.19669499690184694
FAM20B,-0.025317604821065487,0.09020399356421713,0.1968828575624052
MYO5A,0.024012966101835787,0.0902387499898944,0.1969053082343221
STMN2,0.009919339279057304,0.09024146893533762,0.1969053082343221
CAMP,-0.10344155254434106,0.0904366842968412,0.1973015417013779
PRPS2,-0.016488021983843026,0.09047487708651188,0.19735513851220451
MCFD2,-0.010090650508278287,0.0905583589409911,0.1975074944889798
LOC101928207,0.011925600602867625,0.09065763259458698,0.1976347306592411
GANAB,0.024039185646621775,0.09064969710914168,0.1976347306592411
PSMD2,0.02527655020184838,0.0906528134593185,0.1976347306592411
RPS6KL1,0.0281949673897417,0.09077767719834631,0.19784876414410513
ADM5,0.00877160952962086,0.09078313218045586,0.19784876414410513
ZNF773,-0.02019625495977362,0.09081015887630456,0.19787789095297054
TOR1AIP2,-0.006135208573215145,0.0909746059100606,0.19818434098449422
IFT43,-0.014796752000770574,0.09099184393447159,0.19818434098449422
ANKS1B,-0.005010879092322007,0.09099088096994287,0.19818434098449422
PLD4,0.013919496004071163,0.09108585892962803,0.19835928142185122
SPATA7,-0.007468689256968197,0.09120585657076004,0.19859074362160078
PDZD8,-0.02399707915585836,0.09123441347235421,0.19859321381628772
HPCAL4,-0.023083513473480366,0.09122865293569041,0.19859321381628772
TMEM150C,0.006910255205724525,0.0912800278694426,0.19866264818347207
RETSAT,0.016601959434638935,0.0913151495435183,0.19869832734457243
LYPD3,0.05670303594557513,0.09132618010192776,0.19869832734457243
GALR1,0.005512872114348255,0.09133757687518387,0.19869832734457243
FAM43A,0.028177602133635737,0.09136096160866655,0.1987193524463022
NIPAL3,-0.026016103586288253,0.09146525171943318,0.19891632220784838
TGFB2,0.006708324481911276,0.09147947670075937,0.19891739086230276
CYP26B1,0.016109422283060226,0.09160878551469569,0.1991686654750604
ELANE,0.08370484035237258,0.09171172277259056,0.19936253829179074
GALNT3,0.03144796206078304,0.09174347078777031,0.19940162528362324
POU3F1,0.005773532168447559,0.09177483737341297,0.19943987164538834
MAFB,0.04355717972566708,0.09179865676019423,0.19944237181902272
MAGEA5,0.009094588555440097,0.09180352754193762,0.19944237181902272
PNPT1,0.023559874747792975,0.09183948582382981,0.19949056878709523
FKBP10,0.01766009735983065,0.09187736809622511,0.19954292990039355
CNR1,0.010227086941366537,0.09189380043010292,0.1995486964662085
BAGE2,-0.01022294111541644,0.09194000956027182,0.19958919341591383
LOC100506691,0.008681902182129164,0.09192684863745781,0.19958919341591383
CCNE1,-0.006322387610166125,0.0920334771565971,0.19976215841992392
BTBD1,-0.016182469118517062,0.09207071942767757,0.19981305067283217
PCBD2,-0.010841867598236021,0.09212450720047596,0.19989982955680807
RGPD3,0.010846176146005249,0.09239958579156994,0.20046668672934376
SMCO3,0.007392737296330054,0.09242212559018732,0.200485557443204
TTC7A,0.013873807592875487,0.09247255631389734,0.20053398079519602
WIPF2,0.016172821757400868,0.09249982916961506,0.20053398079519602
DSTN,-0.02046467719507916,0.09248343174388865,0.20053398079519602
LRRC56,0.01117015610199612,0.09249310928328157,0.20053398079519602
TMEM237,-0.009258623875904703,0.09263097671109917,0.20078824703435502
HPR,0.006361551509185048,0.09270604145388038,0.20092088948346604
PTP4A1,-0.010207551810276883,0.09272939854796068,0.20094144353211588
PSMD7,-0.025146391943824398,0.09294944205849709,0.20138814043010797
ATP5G2,-0.016532286318142297,0.09298998807645265,0.20144585511506732
MYL2,0.005747492669766707,0.09301040056707928,0.20145994344453064
ZC3H8,-0.011900685538132727,0.09305827692863326,0.20151705348756863
SNX8,0.018716565995422485,0.09306459339811837,0.20151705348756863
EYA3,-0.007228472716312773,0.09317076922563436,0.2017168044041985
TMEM79,0.02402547342928596,0.09325662093004985,0.2018362802783998
GOLGA3,0.028309175247080987,0.09325236474959527,0.2018362802783998
PLEK,0.04205100807360651,0.09326775917587199,0.2018362802783998
SETD2,0.023607723037079253,0.0932918867043403,0.20185833388492155
LOC101928009,0.007420198205570827,0.09332040217323835,0.2018898737979364
ATP13A3,0.00837250155271363,0.0933514938939806,0.20192697693554584
GDF15,0.006753149122622482,0.09340232063557177,0.20200675109535934
CRCP,0.022140602630989825,0.09343334539573585,0.2020135206317119
PLEKHG1,-0.006722270810336717,0.09342912254027969,0.2020135206317119
SLCO1B1,0.01078900178693143,0.0934499825290259,0.202019335365733
SEC23B,0.023229189084068125,0.09348940992472093,0.20207440879714342
IFNE,-0.005864681825937801,0.09356780159294284,0.20221367327248344
GOLGA8B,-0.05235497014614943,0.09360029601453519,0.2022537203452973
SIAH3,0.005687591521023272,0.0936531781398587,0.20233780312913385
UBTF,0.008385534616192736,0.0937492063022499,0.20248486490930323
GPR68,0.024667732278835786,0.09374901699676748,0.20248486490930323
SIDT1,0.019399289623491356,0.09388039608489761,0.20269022154135213
CCAR1,-0.00857961543405139,0.09388782397148897,0.20269022154135213
FAM129C,-0.029797879279425565,0.09390026142933394,0.20269022154135213
NT5M,0.046497683583820226,0.0938598429909438,0.20269022154135213
FANCA,0.008372802333570739,0.09394912777848029,0.20269321853561317
TMED4,-0.018880705957237787,0.09393445216397142,0.20269321853561317
HDAC4,0.03389742379858518,0.0939576269848182,0.20269321853561317
GOLT1B,-0.027877743584100223,0.09395646579047298,0.20269321853561317
CNTRL,-0.022763829122443013,0.09411628546024603,0.20300525370159397
LRTOMT,0.007003971490720851,0.0941322243700832,0.20300940109831522
IFITM1,-0.053857221749186834,0.09421694433755345,0.20316186121559093
RSPRY1,0.03272584480908236,0.09424766552872382,0.2031733826257752
CEMIP,0.0052513827843103655,0.09426436973523952,0.2031733826257752
MBNL3,0.047362469870537716,0.09425177527704459,0.2031733826257752
MYLK,0.009425836083695849,0.09429443679026087,0.20320794858951619
COG5,-0.008886857964925277,0.09434149604641226,0.20327911763407247
TACR3,0.010994863371089458,0.09447133964562851,0.20351987565656784
NCOA3,-0.01448105225066687,0.09448133415594878,0.20351987565656784
KLHL14,-0.007759102660563677,0.09455938619630012,0.20362743824965968
C1orf194,0.011464684025570548,0.09455190082539564,0.20362743824965968
BAZ1A,-0.03645967714686016,0.09457451141411385,0.20362973440196597
LAS1L,0.01745732679044565,0.09459229443327608,0.20363775157127983
POLR3H,0.011192105791856477,0.094700083960178,0.2038395030582877
GSR,0.016695672262825312,0.09471927764696579,0.203850522650617
DCAF4,-0.017158347412811636,0.09489784242475097,0.2041825302245167
WAPL,-0.022407487255272862,0.09492485367746324,0.2041825302245167
FBLN2,0.009163938825420104,0.09492993361860642,0.2041825302245167
LOC101929697,0.00940012487614883,0.09492684019833138,0.2041825302245167
GALK2,0.011142479733886823,0.09507007326355077,0.20445359185586776
TMEM135,-0.01196414519536404,0.09513169978839814,0.20455575114833116
PRICKLE1,-0.02266084054763695,0.09516516229460721,0.20459732977216727
URGCP,0.018365214377302763,0.0951939579302991,0.20462886415293147
TGM1,0.00872625027043572,0.09522156209876398,0.20465782837787466
KRT83,0.009647873845748833,0.09532060221400464,0.20484029710202423
ZNF766,-0.018269640227896566,0.09533803134425693,0.20484735884738428
CALML5,0.013580070647036813,0.09538263992134723,0.20491280875419657
SYTL2,0.025103733493515357,0.09543574300589508,0.20499648549568208
SH3GLB2,0.047037796921145514,0.09557509719445269,0.20520452234871817
ZMPSTE24,-0.04744810477763117,0.09556101546859797,0.20520452234871817
SSX2IP,-0.007777072308067012,0.09556063379805177,0.20520452234871817
CAGE1,0.0130234976074588,0.0955965186291836,0.20522009423819404
ZNF558,-0.01563306833752076,0.0957576693199245,0.20553557830909697
HSF4,0.006724515200256853,0.09581208054817447,0.20562189578600668
NHLRC2,-0.010205474003397441,0.09582984857408733,0.20562955951808606
POLE2,-0.010489336150254935,0.09593927636824681,0.20583387333990324
ZNF254,-0.007857504674310789,0.09601955636265362,0.20597560046751706
FUT11,0.01833568765220761,0.09618594458490883,0.2063019726592358
DDX20,-0.006878251436136296,0.09624827601478617,0.20640509768998563
GABARAPL2,-0.026054975035156858,0.09629754279671791,0.20648017910698183
UBA6,-0.03191063505816505,0.09636193756836794,0.20658767077268225
ECI2,-0.014072638493012768,0.09655245638710026,0.20696548443255294
NELFA,0.015046126319504971,0.09657227260386322,0.20697733003763763
HSD17B11,-0.029982992560002586,0.0965873276430628,0.2069789693123423
PPM1G,0.016934094617237605,0.09669217189600525,0.20717299079019824
HLA-DRB6,0.09427279793957943,0.09677891648081463,0.20732818019643826
SLC38A6,-0.011242981603362345,0.09686567136086524,0.20748334575432892
C17orf74,0.014182778114750327,0.09696665393709669,0.2076689362154234
AS3MT,0.006908298789796596,0.09715839458989779,0.20804881538144288
CAD,0.015133126525485707,0.09717844043005071,0.20806098022008196
GNB5,-0.011032782761080995,0.09724115521188158,0.2081644830163897
FAM101A,0.01162582591188066,0.09736283894973397,0.20839417161932122
SLC2A14,0.024375030917850538,0.09740184654210989,0.208446859532494
C8orf44,-0.013726222840197977,0.09746107406618203,0.20854279757343486
ZNF331,-0.008354364268218006,0.09749654201571631,0.20858787511900073
NAALADL1,0.020969943835448035,0.09752913032993414,0.20862677945632346
P2RY14,-0.008545125733339987,0.09756226507049888,0.20866684100429794
SCARB1,0.017539516429218693,0.09757962579710977,0.20867315813455453
RNF181,-0.027191773340668135,0.09763628952727424,0.2087635101141187
SNORA32,0.017040369310582726,0.09789231447244978,0.20928004174449633
TPTE2P6,0.009270507943197615,0.09796837956944907,0.20935422078253316
UBE2E3,0.008707847714268802,0.09795528979448448,0.20935422078253316
GLP1R,-0.008765370876449019,0.09797037479039007,0.20935422078253316
DEC1,0.006475622526378011,0.09799404380013398,0.2093739091903143
DENND2A,-0.006814029649548914,0.09802322530827973,0.20940536804795332
POP1,0.01025863219928791,0.09807562629835875,0.20948641370084475
EXOC1,-0.01480599384945247,0.09811597178920614,0.20951079690326727
PDAP1,0.01711692999994341,0.09811554044837387,0.20951079690326727
TTC30A,0.009775291193133917,0.09821582259483011,0.20969309765087255
SPAG1,-0.005695940812189271,0.09827993885536548,0.20979906181003888
KIAA0226L,0.04482864835928613,0.09833326751128346,0.20985256336485994
RIMKLB,-0.005689237441623085,0.09833397870459157,0.20985256336485994
ZNF165,-0.008458751359560424,0.09837122559127984,0.20990112425811686
TIMM8A,-0.006943703704800797,0.09844859501264507,0.210035270314207
C12orf66,-0.008778985149406893,0.09860675975637562,0.2103417243462952
MAP1LC3B,-0.029764445784010718,0.098638853352993,0.21037920070162724
RAD51,0.016616457893054104,0.09868443210087251,0.21041444347843918
TCHH,0.011091730231871821,0.09868137954714176,0.21041444347843918
ZMYND8,0.010156343353528996,0.09873788092896407,0.2104974193958074
MAT2A,-0.03523218892736679,0.0988081832347929,0.21061629521305966
C12orf60,-0.004227322312317483,0.09885743818881167,0.21069027880028665
CSNK1A1L,0.005917541895269274,0.09892088961904633,0.21079449245877108
ZBTB32,0.01714155951633156,0.09895861493736119,0.21084386271737857
UHRF1BP1L,-0.009199712561056117,0.09897849564294325,0.21085520383768055
BCAS1,-0.004046512723162365,0.09916175878888844,0.2112145462203324
ZNF680,-0.01147311031187126,0.09923372799636228,0.2113056918993401
RNF34,-0.011599344203960804,0.099230544161979,0.2113056918993401
KCNQ3,-0.006933695843010845,0.09931560991367701,0.21142306509224737
HVCN1,-0.025728606421260736,0.09931907074481182,0.21142306509224737
AVEN,-0.012368731748847672,0.09933936892527064,0.21142306509224737
HECTD2,0.010797504406419023,0.09934723702139157,0.21142306509224737
SPEF1,0.013199032043547554,0.09942534285501109,0.21155819978139864
PRRG2,-0.007607198359650624,0.09944164566692779,0.21156180902464483
GCHFR,0.026208331466834878,0.0995634057215645,0.2117783176259062
NAIF1,0.017292142930854126,0.0995726555531912,0.2117783176259062
CAPNS2,0.006766885864717409,0.09961652497711662,0.21182813279905402
PSMD8,-0.02067528650586148,0.09963995227561137,0.21182813279905402
INHBE,0.009613748846692971,0.09963715565234038,0.21182813279905402
FGL1,0.012438184107409711,0.09967686238908235,0.2118755026186482
RITA1,0.017337784674843704,0.09970436895881118,0.2119028730740163
CDKN2A,-0.005013352613220334,0.09973361108880732,0.21193392356371557
NEDD4L,0.014141801962807676,0.09981673525448455,0.21207944747336865
HIST2H2AB,0.009054578075877728,0.10002719926463748,0.21249544648709434
SERPINB9,-0.009255506581231643,0.10029227706911706,0.21296963405081792
VSIG10L,0.006058525100686829,0.10027494788071468,0.21296963405081792
TSPAN17,0.02194925108525414,0.10029452318838919,0.21296963405081792
RBFOX1,-0.006101854915324445,0.10033358928628212,0.21302135843191297
EFR3B,0.00769732065137152,0.10040492969919795,0.21314158020858612
BCL9,0.019351000489314707,0.1004269948279087,0.21315717952629393
TAOK3,0.01295669588708126,0.10052889928441476,0.21332090688470035
ZBTB34,0.01732301280609594,0.10053358950531376,0.21332090688470035
ERI3,0.017841520610128114,0.10056057549307719,0.21334105494783015
GPX8,0.012145802253311189,0.10057254371608562,0.21334105494783015
CSNK2B,0.033142172785565194,0.10061350771489519,0.21339669728255117
GDE1,0.03728321812380919,0.10071708270223143,0.21358509895448316
RBM41,-0.010961256867545899,0.10083495457973576,0.21377246518338597
CD8B,-0.023253492934166786,0.10083125361709222,0.21377246518338597
BCAT1,0.018689073557379032,0.1009105308519296,0.21390137990038757
KLK10,0.005874764710740443,0.10093879509923186,0.21392998364314814
SMAP1,-0.013701681467066962,0.10099568533301356,0.21393935267838554
SLC25A17,-0.01074666320875206,0.10098959583138153,0.21393935267838554
LRRC6,0.026694464916307226,0.10097051275274095,0.21393935267838554
MCM4,0.012085504721333962,0.1010022986478045,0.21393935267838554
TSPAN14///NUP58,0.030034940592226,0.10105786405839111,0.2140257498204031
PRELID1,0.028781846475629536,0.10109899464796303,0.21408155533349366
RNASE4,0.016205055565914783,0.1011498372690658,0.21415790717806593
PITPNC1,0.017362009218283347,0.10117868359411604,0.21416235493826466
MCRS1,0.017886463699953836,0.10118151027634252,0.21416235493826466
RSPO3,0.009995126053985004,0.10120395167006431,0.21417855581373635
UQCR10,-0.011216838773536075,0.101286660591511,0.21432227786814392
SFT2D3,-0.011731321213989787,0.10130229564534937,0.21432405055904769
TAF1L,0.014480200303720103,0.10133264762198706,0.21435695460155696
PARPBP,-0.006195503243284328,0.10141281077946421,0.21449520317315415
TXNDC11,-0.014058505372516628,0.10144976153042803,0.21454202745024378
PKLR,0.004734130528418312,0.10156443972964324,0.21470875666877226
CCDC151,0.009400155073630678,0.10156411580690942,0.21470875666877226
IL18,0.04114243548534091,0.10157307378448133,0.21470875666877226
HGC6.3,0.007024118459942663,0.10166927363763854,0.2148807470257634
MEX3D,0.007637677049964431,0.10172375785423275,0.2149645329385333
PIK3C2A,0.01394922856642733,0.10174635933751544,0.21498092905099542
KSR1,0.007358660292949182,0.10187829234786999,0.21522829439418742
MVD,0.017130668831391027,0.10190619866458404,0.21525585262619737
ADAM17,0.011420805304757309,0.10199192481849627,0.2154055175081802
TRIM45,0.01023281628850281,0.10222227102026216,0.21586052973574532
GSC,0.014742673294317221,0.10227238615694352,0.21593487479550583
TMEM150B,0.01051656741370266,0.1023362945953072,0.21603831670579063
DPY19L2P2,0.006452452758091809,0.10239807534847947,0.2161372374449689
SCD5,-0.006981409030033525,0.10241533091250707,0.21614216129050742
GLT6D1,0.014345753208552914,0.1025393568148877,0.21637238404819834
RNF146,-0.014260356770267713,0.10256581220580163,0.21639668229990253
L3MBTL1,0.004323977930605238,0.10261014769529032,0.21645869199222037
KHK,0.007270435595954972,0.10263005312003648,0.21646915529206473
EXOC3L1,0.0068652300086373685,0.10266786681465741,0.2165173824903171
IER5,0.02406189085719035,0.10270537470408325,0.2165649508245657
CALR,0.0323414682971741,0.10278654324950465,0.21670455493825697
FITM1,0.01616281305215317,0.10285675761591129,0.21676022502900497
TIAM1,-0.01844990012373504,0.10286976486063125,0.21676022502900497
HCN1,0.007446843384284918,0.10287017095121362,0.21676022502900497
ATOH8,0.011211823746541505,0.10287364010434244,0.21676022502900497
IFI6,0.06870028226413893,0.10288777596481698,0.21676022502900497
GNPDA1,0.026855936282904835,0.10297839515802155,0.21691958631017805
MOB2,0.027975047094591865,0.10300400615324748,0.2169419841680437
STAU2,-0.017904143648510562,0.1030252216724829,0.21695511932309428
FAM96B,-0.02605688071609258,0.10313111068576863,0.21714653396898864
ZNF75D,-0.01528924260247333,0.10316710128992176,0.2171907405644225
CTRB2,0.012430431566373912,0.10339429354134942,0.2176373997460987
NCAN,0.028956125236616614,0.10348480406021356,0.21779626591225415
THBS4,-0.007682870464623903,0.10359408934294591,0.21798548837101162
SUV39H2,0.017602748435477267,0.10360481234093095,0.21798548837101162
IL4R,0.04265834821378078,0.10366479229748331,0.21804833744361724
MUC12,0.009353684096151227,0.10365866849123222,0.21804833744361724
TSPAN18,0.023614307675646096,0.10380686382528181,0.2182837711447999
TTLL5,-0.011144419093160884,0.10379968124417674,0.2182837711447999
LINC00323,0.013677148694538843,0.10394191600587,0.2185360301101787
GRB2,0.03187344180985896,0.10402277233746932,0.21867428657995727
SPHK1,0.010919212212751717,0.10405719626163898,0.21871490794566523
RNF212,0.007589952288460822,0.10410273539926324,0.2187788768895718
SLC8A3,0.00546051253931612,0.10416713768902178,0.21888246370053552
ZFAND5,-0.05582302109236004,0.10422699504078031,0.21897647173928952
HCN4,0.014802835198305608,0.10425047028790389,0.21899402634517764
WIPF3,0.0072716407077306755,0.10428255170467754,0.21902965181127457
NPLOC4,0.025657826470836476,0.10432164135639647,0.2190799845448813
ZNF79,-0.011644253088499035,0.10439549644038391,0.21919332670684738
EHHADH,-0.007124547776352408,0.10440587965690004,0.21919332670684738
ZNF804A,-0.007910869199162285,0.1044534036734331,0.21926131866753695
VPS45,-0.01937497587825554,0.10451692648048515,0.21933108709697868
HOXB2,0.02676900528399706,0.10451486826020474,0.21933108709697868
MRAP,0.006677274978199144,0.104649164500372,0.2195449737287642
KHDRBS1,-0.0400085171358473,0.10464096613163947,0.2195449737287642
SSX3,0.012964985847730759,0.10474884888419296,0.2197222776594715
RFT1,0.009762262125641463,0.1047884375772287,0.21976858481237688
RDM1,0.0083310459207242,0.10480127142357686,0.21976858481237688
KLHL6,0.020049241045435373,0.10497067859882336,0.22009196711426718
MORC3,-0.02139146944109349,0.10514186031722458,0.22038707740009855
CEP72,-0.008165233933342897,0.10513631428509587,0.22038707740009855
FAM98B,0.006827533446151612,0.10523566483672954,0.22055178259227182
RBL1,-0.009617462503593188,0.10535285282805035,0.22076543986711245
HIKESHI,-0.010298721930823262,0.1053887043576656,0.22080089026492758
PRLR,0.01195713514570862,0.10540025927172807,0.22080089026492758
STAU1,0.01892935847447319,0.10543899469351882,0.2208491745813215
LINC01311,0.006745522124920633,0.10545380360428193,0.2208491745813215
ATF7IP,0.013664191601386655,0.10551264331228662,0.220864691019924
CSNK1G1,-0.007641077327804169,0.10554873218120622,0.220864691019924
ZNF200,0.016137755492908745,0.10553499108606021,0.220864691019924
C11orf71,-0.009022197665600196,0.10552328580223527,0.220864691019924
IRX5,0.0056404539561460965,0.1055527058298753,0.220864691019924
ABCB10,-0.026811138072985408,0.10551779321694858,0.220864691019924
SLCO2B1,0.007572454232737336,0.10565242685089396,0.22104141997809448
CSTB,0.035411143373238474,0.10585813469947422,0.22143980690167311
LINC00672,0.013892449275753727,0.10602621462113851,0.22174224429160902
KLHL22,0.028390605069709807,0.10603616926494051,0.22174224429160902
IFIT5,-0.021618510545398983,0.10604864168792984,0.22174224429160902
ZDBF2,0.00911909623360252,0.10616182476166207,0.22194686343070344
MRM3,-0.01919721346908876,0.10622033240814403,0.22203713300614203
MOB3C,0.011538447355591508,0.10650847974260325,0.22257521578298448
MTERF1,-0.007500138403258028,0.10650635911279656,0.22257521578298448
TRIM48,0.01104564319478829,0.1066485117841956,0.22283569600148428
CPSF2,0.015735870717859868,0.10667655159115509,0.22286213374387573
PARP2,-0.0077176427420795335,0.10673275653591335,0.22294739625990326
CCL23,-0.026576394211828003,0.10687255786993057,0.2232072282895565
ACAA1,0.027025556325019906,0.10700424766193607,0.22345004658816064
SLC36A1,0.02605956833848211,0.1070418510835582,0.2234963487234045
EXD3,0.009098773946707439,0.10723787179516565,0.2238733547248745
TRIP10,0.005812735929300317,0.10725973536142804,0.22388672819929725
EPB41L4A,0.01977942514289932,0.10735377488240072,0.2240229072932001
SLC23A1,0.009258741783348512,0.10735590993662675,0.2240229072932001
XRCC2,-0.026649371465886418,0.10739808141500942,0.22407862449078023
CCR2,0.02299061160707261,0.1074597047597784,0.2241749047588406
ACAD11,0.021094738139934677,0.10767737038751274,0.22459663489238688
BIRC5,0.00732572223702288,0.10784990196579397,0.224891733382171
GPM6A,-0.007372232755515462,0.10784672990218042,0.224891733382171
UTP15,-0.009181463234440024,0.10792834482300635,0.224983695368731
HUWE1,0.017674457932543852,0.10794060336352608,0.224983695368731
CBX8,0.010775199382356604,0.10792946389743674,0.224983695368731
GRAP2,-0.023147130387884296,0.10797725181717145,0.22499532661774008
WT1,0.008549400757392078,0.1079766264933544,0.22499532661774008
RBM4B,0.018596899671715406,0.10818408668365247,0.22539388830926674
CARHSP1,0.04079400365872132,0.10821266061222257,0.22539411199950604
CYP2R1,-0.019864492552263968,0.10821531723588547,0.22539411199950604
ZC3H10,0.017211037592391065,0.10830497972636097,0.22554842938269049
HOXA3,0.005969780312327089,0.108360003494883,0.22563057656985128
SMAD5-AS1,0.010342316173328037,0.10849115949484102,0.22587120226006574
KMT2C,0.007387914687990715,0.10877405809283541,0.22638586305738312
TAS2R10,-0.009775404017302591,0.1087852531675909,0.22638586305738312
NOL3,0.006802090309919073,0.10876168301504362,0.22638586305738312
SERPINB8,-0.018248930106913974,0.10887776665465368,0.2264807657943421
GTF2H3,-0.013614236595987705,0.10887519615334146,0.2264807657943421
ATP6V1G2,0.009072434559411313,0.1088771950068957,0.2264807657943421
TXNL1,-0.015366734632476842,0.10894825471121111,0.22659484796628113
PGM2,-0.025478728817586394,0.10898498068183433,0.22663868775243196
ABT1,-0.011989224028650547,0.1090027090910611,0.22664301442361887
TMEM245,-0.030793213544314746,0.10920074923493533,0.22702219777792498
BTG1,0.04319390091891151,0.10925122340496228,0.22706194860058454
PJA1,-0.007969346166673219,0.10924911322718964,0.22706194860058454
ACADS,0.018380523721363673,0.10926919185683148,0.22706671088297664
ZNF654,0.012407424813928536,0.10932925170649072,0.22715892722949527
SLC26A5,0.00825450463190247,0.10935068850816666,0.22717087956860096
GIT2,0.019624132651297366,0.10937705946430692,0.22719190823266433
SNRNP200,0.01408485821547778,0.10939218227109922,0.22719190823266433
FAM89A,0.012531034633651572,0.10949247988947154,0.22736760985220156
MMS22L,0.008877292877974341,0.10961936631285517,0.22759846640989023
NUAK1,0.014748572018477013,0.10969352285251979,0.2276871574943962
MAST4,0.006621618882814317,0.10967895160378889,0.2276871574943962
FMO2,0.014701683969553514,0.10978442566697093,0.22784318976363477
GOLGA8IP,0.00787714228633618,0.10989481245208181,0.22803960795930558
CPM,0.009716931805396456,0.10995094843498089,0.22812341170781594
DSC1,-0.013472689544151706,0.11004016728962254,0.22827582111470823
OPN1SW,0.010778973030706851,0.1101441426425604,0.22845879450592077
TIA1,0.024417114758985115,0.11016918325263483,0.22847801406517224
FTH1,0.04061840072269618,0.11021454549348854,0.22850665286683194
LINC00856,0.006724301172810421,0.11020868182989375,0.22850665286683194
TTC5,0.019442031665106718,0.1105313499593011,0.2291306816674563
PRR21,0.012839525041291822,0.11062880375412437,0.22929988459856002
UPK1A,0.007292379506018243,0.11072704912911226,0.2294378511568043
NIM1K,-0.007149900652422936,0.11071855948182338,0.2294378511568043
RAB3GAP1,-0.025770202692422473,0.11079853584715717,0.22955313877989192
CORO1A,0.03511918217881238,0.11087546385601507,0.22967592593120714
HDAC5,0.007914243574715485,0.1108895160202245,0.22967592593120714
DNAAF3,0.007639502566590295,0.11094747942291731,0.2297631243868365
ALDH1B1,-0.008446207082614343,0.11102001509270923,0.2298804715658042
MESP2,0.00708904369500285,0.1111341505666924,0.23008391034991035
FBXO5,-0.013479350718404781,0.11117799485747536,0.23014178612486394
FLJ41130,-0.008224328536073244,0.11123230787549422,0.23022131284204891
NAPSB,-0.05813201067838847,0.11126829975155983,0.23026290235770716
MFAP3,0.014771051229168997,0.11140207629555234,0.23050681043782573
LOC101928433,0.013718487305871996,0.11143720336956722,0.2305426451184706
FKBPL,0.008937355705004535,0.11145122901957548,0.2305426451184706
PLPP5,-0.012626431863402843,0.1115548654132114,0.23072407120447722
ALG14,-0.006363297681119207,0.11188305470754487,0.23136981216220442
EFHB,0.008681700849524354,0.11202077842204078,0.23162154955957726
ARFGAP3,0.0118314617659534,0.11208654495978387,0.23172445292570792
IGHMBP2,0.019826322910696526,0.11215389097561497,0.23179751097186177
NDUFS7,0.03381534462475244,0.11214632315519814,0.23179751097186177
IFT27,-0.015595088170975657,0.11224123364621728,0.2319449319634486
PRPF4B,0.025254956280068797,0.11227693434926597,0.2319856087182266
APOBEC3D,0.020294039095304583,0.11243648975750342,0.23228214486488083
DUS3L,0.02202437517513456,0.11251538531535679,0.23241198529772217
ASB9,-0.004940629348497261,0.11266606691916747,0.23269004894584652
CNOT1,0.016950840745527884,0.1127419695491712,0.23281361376535442
SP4,-0.02888577645589674,0.1127838414181612,0.23286687941563033
C10orf11,0.021335388120182763,0.11284434140261937,0.23295858621373133
UFSP1,0.011611188575248121,0.11290478420127822,0.23305014883444689
TRIM36,0.00627942878477139,0.11294286474142226,0.23309553333068683
TPP2,-0.011245072669856526,0.11298150876594094,0.2331420676685979
TRPC6,-0.005022746162224756,0.11303722367156965,0.23321094114301874
TMEM240,0.006040459882698634,0.113047087666745,0.23321094114301874
TMEM5,-0.02123711213334456,0.11320511639141213,0.23350368923571824
TIMM17A,0.01016351973427998,0.11324970175102478,0.23356239216315575
POGZ,0.00899501586128526,0.11334855242798304,0.23373297741556184
GP6,0.016017830385855802,0.11339210346788861,0.23378949845251226
RHBDL2,-0.026417354387306524,0.11349857462228043,0.23397571232979072
HADH,-0.024855599499669978,0.11353103897726854,0.2340093309444653
SLC35F2,-0.009687323227558942,0.11354962400246373,0.2340143360915886
RRAGD,-0.042799959503302176,0.1136249188861435,0.23403630903681774
ARF4,0.021744301013793432,0.11362169424510198,0.23403630903681774
NAT10,0.02498438980432205,0.11359179171069926,0.23403630903681774
RCAN3,-0.00968074649342121,0.11360468494485093,0.23403630903681774
C17orf80,-0.011822133231822463,0.11370546986673312,0.23413563058711437
KCNMB2,0.013137686329665499,0.11370474739538897,0.23413563058711437
KRTAP10-9,0.006601241883157805,0.11404562220367954,0.23480267121508097
PAQR5,0.007731561163888401,0.11408801246652434,0.23484213268088389
RNF112,0.012726693519883092,0.11409721676852941,0.23484213268088389
AHCY,0.023200920803983394,0.11424560586119455,0.23511414539550182
IL7R,-0.06161894591871331,0.11431826154921874,0.23522639195746398
MRPL28,0.01683894825009613,0.11433262906521309,0.23522639195746398
PANX1,-0.008951250044861858,0.11445997371298344,0.23545494379475249
TELO2,0.019498770843741298,0.11456233672225213,0.23563204843582786
TTLL11,0.007176134345740159,0.11458229841945186,0.2356396436614143
ZSCAN31,-0.008631721058915964,0.11464230402330043,0.2357295757344525
PPP1R1C,0.008634823593816954,0.11507258474029325,0.23658074057890807
IL10,0.05211153277172009,0.1151472886506982,0.2367007279047279
TMEM50B,-0.020988722673666693,0.11516467825146023,0.2367028806292252
DNMBP,0.009085819670900719,0.11520706060989293,0.2367563941364485
MTG2,0.010420731360049729,0.1152412103367278,0.23679297638206348
NCDN,0.01719050025097335,0.11527309190131213,0.23682488838278082
EPT1,-0.010700095615781002,0.11537442011759852,0.23699944702642137
RRAGB,-0.01081355125372685,0.11547507134202342,0.2371353581457179
ZNF585B,-0.0042350100108841104,0.11550607233623583,0.2371353581457179
LYST,0.024897222816913533,0.11549993559909168,0.2371353581457179
BPI,0.051236181010826165,0.11548439666856478,0.2371353581457179
SLC2A5,0.02471120577997965,0.11561621053568959,0.2373278335315941
AMOTL2,0.017347273813510533,0.11563289294050834,0.2373284428723711
ATF5,0.030945172056076053,0.11573087890221725,0.23749589827425824
GDF11,0.014165110661950031,0.11575569752136394,0.23751317791463883
ZNF683,0.08936325292757896,0.11581346680887727,0.237598052869657
GRB10,0.007298566598723966,0.11590561028192267,0.2377197478509442
TSC22D4,0.0327886022823467,0.11589521536666604,0.2377197478509442
SNORD36C,0.011446566322442564,0.116113856617109,0.2381131387855312
BNIP3L,-0.05070578400888337,0.11622091929673777,0.2382989517403666
GRIN3B,0.007465345037779514,0.1163957388935104,0.23862362096724768
DPY19L1,-0.021716873877499765,0.11653114419921953,0.23883360585559585
KCNMA1,0.006399416474218711,0.11652362213634278,0.23883360585559585
RAB38,0.015019262741307493,0.11658907291017466,0.23891852462237828
SLC39A14,-0.007042502835867381,0.11664375123947972,0.2389967595066663
ELK3,0.007271374375941164,0.11669339100761074,0.23906464997938245
DEFA5,-0.007933949123487771,0.11676357811421877,0.2391746097307799
NAP1L3,0.009773074618803612,0.11679683688602463,0.23920890631464659
TIGD1,0.006371161245963819,0.1168816759669141,0.2393488187056106
TNIP1,-0.04732926233357482,0.11695210381760694,0.2394591845765082
LRRC40,-0.004767501753536685,0.1170244724760606,0.23957349248668008
THBD,0.015169292614946706,0.11705248537348907,0.23959697543098019
EPS8L2,0.00575613025800692,0.11707678268624286,0.23961284731207314
DPH2,0.00846432247614981,0.11718166240417087,0.2397936137697105
GRIP2,0.005341058587732483,0.11721413813757321,0.2398261868603772
CD7,0.04978224842156642,0.11723829677409477,0.23984173594293626
ABI1,-0.026536737450755687,0.11733795448469958,0.24001171201191762
GRIN2A,0.013683782780549159,0.11753974147433796,0.240390513345709
SELP,0.01234351877042883,0.1176392307247487,0.24056001945747002
BCAT2,0.021640959334534138,0.11769676000694419,0.24064368604468941
DUS1L,0.017303075761790687,0.1178472129537781,0.2408764135837219
CRYL1,0.01640493244231145,0.11786047659954689,0.2408764135837219
AURKB,0.010200215239665411,0.11783724372257796,0.2408764135837219
SUCO,-0.004063946795211493,0.11800428842150602,0.24110228713458784
MAP2K1,0.03153428057563623,0.11799441325363855,0.24110228713458784
WRNIP1,0.01807610268943982,0.11804549178712705,0.24112415289132252
PDK4,-0.03768427094046256,0.11805982816856136,0.24112415289132252
ZNF621,-0.017350190978180358,0.11807442374133367,0.24112415289132252
FOXL2,0.00810666348737854,0.11808158081042189,0.24112415289132252
BID,-0.01788219311646788,0.11819517395411885,0.2412185079493515
ARRDC4,-0.0108766640200475,0.11817207943176253,0.2412185079493515
FIBP,0.01891408308641207,0.11818251368490877,0.2412185079493515
NEIL1,0.009030957571784626,0.1181660323222398,0.2412185079493515
LRFN3,0.026928702585490072,0.1182110583695455,0.2412185079493515
VWA3B,0.006297507698112881,0.11838893582134619,0.24151342907554624
ATF4,-0.020224252480959493,0.11837897856123546,0.24151342907554624
MT1F,-0.032654262322294514,0.11841818811075795,0.2415390841566284
ATP6V1A,0.04281396566967999,0.11843619463908397,0.24154179712088036
CLSTN3,0.011861287968975454,0.11852684675683597,0.2416926437316644
SH2B1,0.01695395238982389,0.11862314083033602,0.2418549509834723
ATP6V0A2,-0.021049327403276585,0.11876237710883825,0.2421047529971025
COL5A3,0.006144626210790705,0.11879255605418565,0.242132195593699
C3orf20,0.008022359124127298,0.11883797251367653,0.24219068437991992
LOC286437,-0.016787962849069693,0.11890845388671771,0.24230023158345798
CENPB,-0.029118942123748326,0.11893047550988274,0.24231101523212006
ENDOD1,-0.022687975474923405,0.11895606654032921,0.24232906719692382
ZNF597,-0.006014834895604615,0.11901285914054484,0.2424106668248701
RBM22,0.025243597106033633,0.11905718858534386,0.24244388726466984
UBE2K,-0.01099310904266737,0.11906264637624941,0.24244388726466984
COTL1,0.03297847574322432,0.11913705540571658,0.24256130313415783
RPS2,-0.039717247545478784,0.11916632390586986,0.24258679345785228
C1QL1,-0.007593309965717054,0.11921605858600827,0.24265393374926134
MTRF1,-0.011451060584410477,0.11924348133051167,0.24267564754687804
TNF,0.021677873774794243,0.11942934679283256,0.24291737943370126
CCDC92,0.026827527038770782,0.1194264374433673,0.24291737943370126
H1FX,0.02660775536966309,0.11938344581103798,0.24291737943370126
MED29,0.020220635587829605,0.11941825501116476,0.24291737943370126
GNPTAB,0.013477988627006887,0.11946242732638711,0.2429505472332759
RPS4Y1,-0.25089382746628885,0.11974217021015304,0.24348527212183865
SERTM1,0.011565879302551707,0.11976700089142388,0.2435015778932318
SMYD3,-0.015208567207641188,0.1199663102272388,0.24387256664299325
KDM5C,0.013060977561252685,0.12001589379397232,0.24393912513498386
CPA3,-0.04130334497965382,0.12005102675707768,0.24396078972589635
C15orf59,0.008640004084140784,0.1200602395171354,0.24396078972589635
ARHGAP10,0.013148138993391179,0.12008898342901801,0.24398496787570442
GTPBP6,0.032465736651126065,0.12012498229108035,0.2440238770692858
GPR50,0.007251492496243017,0.12015740352570052,0.24405550871774595
SLC1A2,0.01311177927043694,0.12021779336817147,0.2441439314560566
TMEM55B,0.020359028303939652,0.12025021689962448,0.24417554206843697
PTPRU,0.008631170368650132,0.12027802605492086,0.24419777535456597
FAM122A,0.008812195383205434,0.12036868800611145,0.24434759314373067
MS4A4A,-0.008932208293363608,0.12059178771593185,0.24476617899068903
WDCP,-0.017265195654263543,0.12087663946312237,0.24528126591217472
ATP5B,0.025807862943121762,0.12087943082581491,0.24528126591217472
IGSF8,0.012363659643511049,0.12095151408622871,0.24535878571777825
CARD6,0.009526691797957731,0.12094513671315672,0.24535878571777825
GINS3,-0.0101739127976197,0.12098220359419987,0.2453866736953355
C1orf123,-0.022455817803852085,0.12113354860556139,0.24563351118276455
WDR90,0.007475550167741041,0.12113781899879088,0.24563351118276455
EFCAB14,-0.025182923894261577,0.12122801959778816,0.24578200389898708
TTC21A,0.011787419697465218,0.12129863578769788,0.2458907544785187
RFNG,0.00987747828764185,0.12140811259607759,0.2460782399722345
ELOVL4,-0.012966241459694494,0.12148329902810907,0.24619618065246004
TXNDC5,0.030630173839941932,0.12153110835597569,0.24625861407777727
MAP3K1,0.05299784595591994,0.1216075481214854,0.24637903580802833
POU3F2,-0.0065350775989179155,0.1217539406987377,0.24664112966161075
SNCB,0.005507823113772403,0.12192886962713848,0.24696094919304626
TMEM45A,0.007353652019267187,0.12197642123494616,0.24702271884325505
KIF3B,0.01090421918550799,0.12200791806212918,0.24705196214341943
RPS28,-0.07998347734318578,0.12203160322110485,0.2470653817520943
SATB2,0.006502224108408505,0.12210234874538033,0.24717406278519757
PDXP,0.021261388517679336,0.122267435728269,0.2474736639307222
SDCCAG8,-0.008763914686546137,0.12229545909912073,0.24749579846187852
PROK2,0.06786054084427029,0.12240050745998772,0.24757598951467277
SLC7A5,0.05403779941462794,0.12239569184162714,0.24757598951467277
KRIT1,-0.00987649479894781,0.12240345629070504,0.24757598951467277
CLPTM1L,0.021521618103944817,0.12239147052357342,0.24757598951467277
SECISBP2,0.018532410161043344,0.1224603772010017,0.24762295753277486
LOC102467079,0.01910719721909171,0.12246087025733682,0.24762295753277486
GTF3C6,-0.01948056361387618,0.12253721283852118,0.2477427401944641
GSAP,-0.014883255820786978,0.12257202488783298,0.2477785357258022
TMEM102,0.011621119751905162,0.12258937608482427,0.24777902919517092
POPDC2,0.008817760904896943,0.12266004929794828,0.24788728254939066
TAGLN2,0.04818503895182147,0.12275688260642768,0.24804836602559968
CFAP77,0.0077123303228177065,0.12288300769005023,0.24826858465374355
FBXO41,0.009063153510346034,0.12296490418928147,0.24836586268428357
LLGL2,0.004122923463300232,0.12296545162310119,0.24836586268428357
HMOX1,-0.0312920422759273,0.12306646421021893,0.2485352297296167
RNF152,0.013437477711677914,0.12314851584568669,0.24863276686557378
AFAP1L1,0.006154933409034946,0.12314909344750251,0.24863276686557378
NCOA4,-0.04484476169308671,0.12321132567886028,0.24871370353786926
PCDHGB6,0.01106555300517531,0.12322352503367508,0.24871370353786926
ZBTB49,0.014210054510156667,0.12325888602408268,0.2487504117560002
OR7E156P,-0.010233226481372704,0.12330332932488572,0.24880543632511073
FTSJ1,0.010965451459364672,0.12344289238698462,0.2489920064739738
PCDHA5,-0.008546417531225536,0.12344472698789435,0.2489920064739738
C18orf25,-0.03392880221961736,0.12344736250273446,0.2489920064739738
FAM8A1,-0.03389399497189238,0.12359123576521346,0.24911636822984132
ADAT1,0.02445041904819334,0.12358741109946245,0.24911636822984132
NR1H3,0.016020587406456954,0.12359005570815754,0.24911636822984132
KLHL35,0.01943599327183687,0.12359501671497097,0.24911636822984132
SFT2D2,-0.009091096671765442,0.12354670518473454,0.24911636822984132
NRAP,0.006126762529151897,0.12368906716226687,0.2492712465254311
PSMC3IP,-0.0039059564030878846,0.12390636675455709,0.24967443184098567
DRC7,0.008706707067860364,0.12395302753156788,0.24973371133220604
OR7E24,0.006217045736974569,0.1241405756914539,0.2500420106125738
GNAT2,-0.007097724838831532,0.12414001761917659,0.2500420106125738
PRTN3,0.029269994410524802,0.12417865002601199,0.25008392199343127
TRAPPC6A,-0.023897890791734433,0.1242879518960998,0.25026924722134153
METRN,0.009793153686788791,0.1243253639320649,0.25030978192827746
PTH2R,0.007919180372093493,0.12438990062843817,0.25032797790548356
CMTM6,-0.05150528096116069,0.12440353389696704,0.25032797790548356
ERO1B,0.009630417537370484,0.12437718809127572,0.25032797790548356
EIF4E1B,0.01064986936463086,0.12439605053996693,0.25032797790548356
SGTA,0.013052744646085301,0.12463388219276095,0.2507566536574454
PPP3CA,-0.01300387946478665,0.12478208895747976,0.2510107110097973
ZNF792,-0.015119623217490386,0.12481214724472248,0.2510107110097973
NUP160,-0.024413812998272277,0.12480628854619673,0.2510107110097973
HSPA5,0.01720666186462516,0.12496751154833508,0.25121852009244766
CCDC140,0.013055456795692422,0.12495722409350513,0.25121852009244766
OR51Q1,0.007895164452790482,0.12493523201423377,0.25121852009244766
SEMA4C,0.010979281989361489,0.12513066682627852,0.25151159843350235
CFAP70,0.008708095931103443,0.1252127391745093,0.25164164204295725
ZNF577,-0.021051598373681202,0.125349080061557,0.25188069861426077
ZMAT5,0.013114639493092994,0.12542832259952985,0.2519964112347026
MFAP4,0.009113020202756061,0.12544146126775793,0.2519964112347026
WFDC11,-0.007009436670752045,0.1255155605396903,0.25211030077061075
TMEM189,0.01163147221029881,0.1255923223452547,0.25216822447232257
H3F3AP4,-0.03121032265555712,0.12559662878647715,0.25216822447232257
RAB13,-0.011977608710346033,0.12557226968732185,0.25216822447232257
ERF,0.023664107152207237,0.12564773168254786,0.2522358621884994
MEIS3P1,-0.010020175066982162,0.12566743439610178,0.25224045451678745
BORCS8-MEF2B,0.009868300529028318,0.12580338833290478,0.25246135401054587
PRAF2,0.019280134935068638,0.12581234833251312,0.25246135401054587
GCOM1,-0.004104849319325865,0.1260458560727056,0.25289488562918244
CYP27A1,0.06453457144006869,0.12611852600337822,0.2530056413619017
KEAP1,0.014365730268901089,0.12615436922155707,0.25304249879587765
SNHG10,0.021016928470431573,0.12619719530467396,0.25309335042826053
C11orf84,0.016528018294763136,0.12621685629738025,0.25309773592845847
TMEM62,0.018668344803306702,0.12627933278437484,0.25318796456933623
ZNF747,0.008352754264211448,0.12633681296478094,0.2532681521082197
KLHL38,0.0060347618691931615,0.12636020643837365,0.253279993087933
WDR82,-0.033558388077956636,0.12639899816086436,0.25329401594567047
LOC729603,0.03745438459536743,0.12640217807617413,0.25329401594567047
YPEL3,0.0486572375369132,0.12656638385447777,0.25358797949208134
XXYLT1,0.01771297589575571,0.12658897615530068,0.25359816467958163
MED27,-0.010834071776941734,0.12667590231931056,0.25363361242604726
DHH,0.011663509054727683,0.12663641548807084,0.25363361242604726
ABHD5,0.0453090400923557,0.12667449271706457,0.25363361242604726
UQCR11,0.015129626592053746,0.12667671584438178,0.25363361242604726
ZNF614,-0.014712649472212291,0.12670754044533947,0.25366026479755316
OSBPL9,-0.013304607591050122,0.12676189925786002,0.2537340172541245
SYN2,0.009328044486930587,0.12687399408974873,0.2539233011463204
ASTE1,-0.01926100536254438,0.12689974181546387,0.2539397430858219
TNFRSF18,-0.008980809692159752,0.1269536461832346,0.254012517104292
FFAR2,0.05673596073306797,0.12702327105233902,0.25402851861662207
HEPH,-0.005262811104101317,0.12700742062482973,0.25402851861662207
EFHC1,0.008962946750705747,0.12703179786938645,0.25402851861662207
C2orf15,-0.00914502085649005,0.1269942158884551,0.25402851861662207
INSR,0.016113619007107616,0.12709557004680816,0.2541209603199847
LPCAT2,0.047835739133724076,0.127572064647208,0.25503847955143694
CHST2,0.01784015931258942,0.12764355479895337,0.25514618378526643
IKBKAP,-0.0054427138279038445,0.12769683029529105,0.2552174541185312
ZAN,0.008827031292241827,0.1277686959720848,0.2552554196496105
CNEP1R1,0.018692575349052554,0.12774842686808197,0.2552554196496105
ACTL6B,0.007522142706944734,0.12776775737384183,0.2552554196496105
DIAPH1,0.03607901062071761,0.1279287788248587,0.2555399851743558
DLEU7,0.00737456828764671,0.12797019055710607,0.25558745725718757
ZSWIM5,-0.008259500641165651,0.12799974816225707,0.2556112439517622
CALU,0.014540872569818397,0.12831746615100506,0.25621039147107216
SLC27A5,-0.009262746527087806,0.12834424017267732,0.2562285285542465
CDC42EP2,0.033667539023881865,0.12839302144927373,0.25629059022481815
CSTF2T,-0.01268923352659268,0.12855608163318416,0.2565807201839657
DNA2,0.03472553597657502,0.1285847856207451,0.25660265016958833
PRIM2,0.01851472306050983,0.12870788167099234,0.2568129161210433
WBP11,0.013086240880224587,0.12881027425174768,0.25698181987084207
THEM4,-0.012952452795301994,0.1290024019820601,0.25729424267531786
IRF3,0.05154348356522753,0.12898832579570732,0.25729424267531786
B3GALT6,0.01905610025458948,0.12906870799698894,0.25735561214597846
ADPRHL1,0.006340981710108551,0.12905313621990067,0.25735561214597846
KIAA0101,0.012245782253824444,0.12910355359324266,0.2573896586709603
LOC101927362,0.006018360240582332,0.12912760364296536,0.25740217604799204
MAP2K3,0.03639017420992463,0.12916346521774805,0.2574028109815441
GLI3,0.006583233524462884,0.12914944022822417,0.2574028109815441
BFSP1,-0.007916997362672262,0.12921144114405164,0.25746299539557627
NBPF3,0.010169800679930674,0.12923529442293044,0.2574751037719016
ZBTB24,-0.015956408461438976,0.12927189533918834,0.25751260240583196
PUF60,0.033413814847646606,0.12940322274371224,0.25770332438057586
ANP32E,0.00875223360196209,0.12939269377235002,0.25770332438057586
RETNLB,0.012116967523060573,0.1294979533743237,0.257856524150908
MAPK8,0.008913042497335155,0.12986792910215408,0.2585576749299794
TMEM177,-0.015199515939454677,0.12989573657353687,0.25857749430059207
KIF2C,0.009928984185020973,0.12997036857025768,0.25869050685332035
PNLIPRP1,0.0051782592608491385,0.13002235196119644,0.2587228665758991
C16orf74,-0.00820486135970544,0.13000565662187222,0.2587228665758991
LMNA,0.044229260230325806,0.13010386824527045,0.2588495092945738
PDIA4,-0.009227024379011795,0.13018397799295645,0.25893775573331246
IL6,-0.007600516294909987,0.130173814506969,0.25893775573331246
BBOF1,-0.02512448426895464,0.13022455590912313,0.2589575929374005
INSM1,0.015777088873506706,0.1302297091242768,0.2589575929374005
MBD2,0.009213951694830413,0.1303131522549235,0.25908794746195085
CHRNA3,0.010506181255579783,0.13037782105927861,0.25918094430724564
ESPL1,0.009672337560170163,0.1305182643210676,0.2594245286711051
CES1,0.025015124449730308,0.13059123456073593,0.25953395189046363
NUFIP2,-0.019702138103086853,0.1307111589090576,0.259736647775935
ZIM2,0.006168482573816192,0.1307936108660397,0.2598291948681551
TPPP3,-0.008036227831659915,0.1307805463584959,0.2598291948681551
PLXNA4,0.009912017840490783,0.13093503450679977,0.2600744706248612
CNPPD1,0.06304470690226971,0.13099529260389312,0.2601584832133262
RUFY3,-0.008306762120166233,0.13110128781290828,0.2603332948563427
FGFBP2,-0.08458815243606388,0.13113320081406094,0.26036097060875374
MS4A14,0.018856504923956408,0.13128042862771444,0.2606175614369265
ZNF786,0.04068418106778715,0.13154818025741724,0.26111331271048804
PRAMEF5,-0.00935109137837209,0.13160897793760548,0.2611981962795667
NOBOX,0.010709752497413128,0.13166078729864372,0.2612652203361495
SP6,0.008018653233047068,0.13170011788928193,0.26130746678196703
USP46,-0.0072910582467367036,0.1317897005214203,0.26144939355598573
ADCK2,0.02264014685495752,0.13188934628018711,0.2615952843270789
C1orf54,-0.015525487602651822,0.13189963222962323,0.2615952843270789
MRVI1,0.02314534755603148,0.13191742313759902,0.2615952843270789
DNAAF5,0.005833295736228372,0.13195024560123086,0.26162455267463763
CNTD2,0.006205354319365419,0.13208377226370155,0.2618176211122832
AZU1,0.046997910164693124,0.13207046561355748,0.2618176211122832
ARL1,-0.016717558717911807,0.1321308527379446,0.26183927637931176
NXN,0.006595940071290052,0.13211894448132022,0.26183927637931176
PRKCQ,-0.029619853477305114,0.13215251863198135,0.2618463857545305
EXO5,-0.022185548062228833,0.13221679879727,0.26189415801500415
MRPL41,-0.02436002117284808,0.13223087389973248,0.26189415801500415
DGKA,0.01841132755154451,0.13220757864062316,0.26189415801500415
SLC31A2,0.043328358570089875,0.13229909610881205,0.2619694978936082
TRMT1,0.027467702075814948,0.13230508679175254,0.2619694978936082
APOL6,0.013941394794762196,0.13235759486042897,0.26200183189264087
GBP6,0.008288001894099395,0.13234098284757836,0.26200183189264087
RERG-AS1,0.011742649403926109,0.13261433976599282,0.26243832452119686
TBC1D9,-0.026142402088376038,0.13261303087197457,0.26243832452119686
FOSL1,0.0072720529647805066,0.13300406932936507,0.263148137491183
ZNF514,-0.013250853375051719,0.13300935615665221,0.263148137491183
MPPED1,0.005305906653807035,0.13309701339792226,0.26328559711219696
FBXO28,-0.01782181356251833,0.13317504560673263,0.2634039820521528
POU6F2,0.005404553729902339,0.1332344276936606,0.2634633387659979
ISM1,-0.009594634715269557,0.1332414358230416,0.2634633387659979
ADCY10,0.011930732022105595,0.13327275261531168,0.26348929141143523
NLK,-0.011697800500608757,0.13337116683646294,0.26364787504562975
FBXO2,0.007451168547840226,0.1334773306679602,0.2638217327230807
DCAF12L2,-0.007576200909522157,0.13386977449525933,0.2645613062886255
TUB,0.005461982660491138,0.13389001820713456,0.26456521469469807
ERCC3,-0.016329382715090546,0.13404439448079017,0.2648341303587184
KCTD6,-0.015033905763417899,0.13415732268930042,0.26487658967173217
DHRSX,0.021199166669694236,0.1341410886679557,0.26487658967173217
ZNF263,0.021465055808893574,0.13413901034309073,0.26487658967173217
WASL,-0.02348984483370309,0.13413937801011358,0.26487658967173217
HCG22,-0.007522274766807335,0.1341096696520589,0.26487658967173217
RPL7A,-0.035415660877857746,0.13430277516915884,0.2651276264890414
CREBZF,-0.0179251871187045,0.13433481970649577,0.2651547463380873
CD248,-0.015674379920998405,0.13436370114234603,0.26517561620734975
SOX4,0.022235471485902103,0.1343933798900715,0.26519805372313293
ME2,-0.02153172211052201,0.13441227525473626,0.265199209207138
C8orf34,0.029914042665877716,0.13446360244676522,0.2652643445708182
ZNF80,0.011131480957675244,0.13453084115637903,0.2653608475158646
NINL,0.0061601545376310796,0.13455269662160732,0.2653678183370589
RNASE3,-0.06570319605480979,0.13473953571679861,0.2657001273413358
LOC101927531,0.009984058211924385,0.13487260535760223,0.2659263294309162
TMEM106B,-0.020095820177959745,0.13492489696097526,0.26599322275524234
DDX11,0.009655701235178782,0.1349676446332781,0.26604128536586824
BST1,0.0287338754693085,0.13518816109287637,0.26640344561486
NXT1,-0.023534094089424862,0.13517878271665748,0.26640344561486
ARHGAP11A,-0.018808296514479572,0.1352663871766613,0.26652133748697626
UROS,-0.030866926006540396,0.1352872861966481,0.2665262586061277
MAML3,0.014455581039830356,0.13532745372033733,0.26656913364414064
SH2D3A,-0.010138138065604707,0.13540735442962226,0.2666902531355247
NBL1,-0.01485858544657237,0.13546286917254638,0.26673410243459383
HNRNPUL2,0.03233330727503336,0.13548486547993005,0.26673410243459383
SEC31B,0.007182206332065455,0.13547601237089116,0.26673410243459383
PRRT2,0.015804446498676405,0.13555082595198256,0.2668276927274416
ZCCHC2,0.005792164566911673,0.13564272396704588,0.2669723079139411
NOS2,0.007079495782328138,0.1357035115598967,0.26705566052086194
ZNF304,0.011753071236908497,0.13593022665997778,0.2674654806334898
PEA15,-0.029308437795760867,0.13596246450691488,0.2674925748326752
TACSTD2,0.024616517494639112,0.1360321077269989,0.26759324301478365
ALDH1L2,0.011461916213358236,0.13620576256591832,0.267898460755671
CHMP7,-0.013596704350959499,0.1362434518946561,0.26793620600708745
STT3A,0.02123758948269394,0.13629896872746683,0.26800899579807624
ZC3HAV1,0.02102166265845362,0.13632211530498572,0.26801812380581147
NIPSNAP1,-0.0202501206465584,0.13637692490778197,0.26808949244901115
ARHGAP19,0.02501023831852134,0.13641130477637262,0.2681206864406271
ADAM23,-0.009368748805758997,0.13645930872085846,0.26817864688099236
CHPF,0.01364126541342614,0.13661274822618924,0.2684437722572412
FIP1L1,0.014548216108233092,0.13668036019681562,0.2684673633157957
OPN5,-0.0058960834821570884,0.13667152720592957,0.2684673633157957
TARM1,0.008835807229320203,0.1366701153304114,0.2684673633157957
FSTL3,0.011173882256264811,0.1367358049312044,0.2685398506608223
CER1,0.00722796928733338,0.13685124010099986,0.26873011952587883
ABHD14B,0.017829885940998658,0.1369720518436314,0.26889444278980174
PEX5,0.021702992583824354,0.1369670181567068,0.26889444278980174
GEMIN4,0.024736636161153847,0.1369990844039987,0.26891106362752637
CRTC1,0.012208622004077796,0.13702221035531012,0.2689200128436737
SPDYE3,0.008164271852723282,0.13708998835548966,0.2690165819456594
DNAJC17,-0.01064343949934532,0.13717243473577662,0.26911084213660064
MRPL43,0.012863739119916673,0.13718480552692516,0.26911084213660064
KCNK3,0.014565477383961856,0.13719376265787483,0.26911084213660064
P2RX4,0.020914833275032407,0.13736098078916034,0.2693677959522139
RN7SL1,0.028663074092612817,0.13736195394249184,0.2693677959522139
GGT3P,0.011765696850769558,0.13746717267195527,0.269501154437006
UROD,-0.029802032625896757,0.13745815658201704,0.269501154437006
USP25,-0.009406120994141176,0.1375132674938122,0.2695550367276189
PLEKHA1,-0.03131266165030944,0.13758247325033274,0.269617716487325
SECTM1,0.012257549292667314,0.13756726250549045,0.269617716487325
SLAMF7,0.015734888634172606,0.1376214347436697,0.2696575839863788
SBSPON,0.006256508866467669,0.13765714238022084,0.2696910659049261
ZSCAN9,0.016816696082207372,0.1377130874975293,0.269764181676253
AKTIP,-0.021232986773458862,0.1377746240484841,0.26981174347190967
FBXO3,-0.007140588873806308,0.13775972867217523,0.26981174347190967
CCDC69,0.021709565964476596,0.13787690829964513,0.2699755495217061
ZNF74,0.00769610287665401,0.1379779226536939,0.2700107194068056
OTUD6B,-0.012551945922315788,0.13795475681341382,0.2700107194068056
PLEKHO1,0.025299049110714122,0.1379880796084766,0.2700107194068056
NECAP2,-0.03829310437500588,0.13795391195546844,0.2700107194068056
TMEM176B,0.017031255678610968,0.13794052260993425,0.2700107194068056
AGFG1,0.008520070573904803,0.13801814615348248,0.27003307157733897
TMEM207,0.02195344518147202,0.1380876937531855,0.2701178626193065
IVL,0.010264040922407958,0.13809878298094205,0.2701178626193065
CDH17,-0.008025140135365483,0.13814926206758524,0.27015516735987843
NAB1,-0.029388345960061457,0.13817381108823387,0.27015516735987843
MRPL4,-0.0070348794786303515,0.13816587645745082,0.27015516735987843
ZNF705D,0.005899683668928013,0.13823938207075812,0.27024689025683096
GRASP,0.011322349496524886,0.13830783212127282,0.270307737207464
WDR59,0.021260457963041546,0.13829451122645584,0.270307737207464
RSBN1L,0.027512162171126064,0.13838907945486892,0.27043003599896404
IFT80,-0.007723651196200443,0.1386070592276278,0.27081945849898303
GABRB2,0.005130854589102007,0.13864738081204406,0.27086170268163556
PVALB,0.039463362652585765,0.13882370266036964,0.2711330244515634
ETNPPL,0.006256602026724067,0.13880612164403117,0.2711330244515634
ZBED4,0.013266423964943819,0.13887176042459312,0.271153758154463
HEATR1,0.024638021678938138,0.13885388027532972,0.271153758154463
FAM92B,0.00783158079263746,0.13896855832354452,0.2712696224741534
TOR3A,0.01924872857316995,0.13895012041573887,0.2712696224741534
LHX4,0.008292607421477527,0.13902638806101747,0.27133599550902815
TRIM51,0.02759142159489869,0.13904002752471742,0.27133599550902815
MYH4,-0.014789340880844826,0.13928108647629284,0.2717698041927288
SAMD11,0.009126210502325094,0.13934499447794757,0.2718578798516423
DNAJC13,0.01856726611548698,0.13940512823545056,0.27193856934171934
LONRF3,0.0058916279559415585,0.13945899149838603,0.2720070068492625
EPAS1,0.012129102516822421,0.13950023871704095,0.27205082234786876
FANCD2,0.007588981176464671,0.1396521623549896,0.2723104361267729
LRRC17,0.005488957801034644,0.13989575738174628,0.27274870775571586
RAD51AP1,-0.008455233505404003,0.1400509256596923,0.2730144828068618
MT1A,0.052165483721063666,0.14007996114913843,0.27303433687042405
KCNA3,0.01133624671304645,0.140109993044495,0.27305612745646735
C2orf16,0.007565895637847042,0.1401638920481481,0.27312441980699276
ALG9,0.01625765050702732,0.1403400770385718,0.27343094912922705
ATG4D,0.011387897046438056,0.14037642572938486,0.273464983223189
LOC101929759,0.006776978022930535,0.14053032157327006,0.27372796902464275
ITGA4,-0.02419299513794826,0.14064276652683821,0.273873345899084
IGDCC4,0.006104637688435943,0.14064277456485688,0.273873345899084
GAGE2B,-0.01534444828170578,0.14070485488735138,0.27395740263320306
FAM102A,-0.02032399786839001,0.140773334548787,0.27405389483933207
FAM45A,-0.03986820153635939,0.14085494746481003,0.2741759251552625
DNAI2,-0.008978509919518984,0.140877797221342,0.27418355481777984
NFYA,-0.008421764902752926,0.1410394772197575,0.2744613446259529
TEAD2,-0.020451028435257257,0.14118784677437451,0.2747131612950081
PKMYT1,0.007596380515062506,0.14131808429030543,0.274929635038386
PDE4B,0.01967762989554167,0.14153924613773347,0.27530048755035447
TGM5,0.005051350567115698,0.1415498861963807,0.27530048755035447
PDP1,-0.011076018868628523,0.1415657298588125,0.27530048755035447
DBR1,-0.008181138322862047,0.14164310467246333,0.2754139787992964
RMI2,-0.012417531320476627,0.1418088048655176,0.275699158345256
LOC105370068,0.008404108262839216,0.14185956232055846,0.2757608241378297
DNAJA3,0.02643408403333858,0.14191105892394978,0.2758239100180473
OFD1,-0.023797894702429545,0.14195163302028055,0.27586575240382977
CCDC57,-0.007411684596553059,0.14215934734319674,0.27619530340963944
SUPT7L,-0.006283294186090416,0.14214960574645297,0.27619530340963944
ST18,0.005421873303991909,0.14219734403475415,0.27623207229068925
PPP1R14D,-0.008160502407501546,0.14231472228862177,0.2764230169811449
E2F1,-0.010824708686950402,0.14241313918097925,0.27657708606828957
RPGR,-0.007660671969475175,0.14247334743724013,0.2766569197319998
PPP2R5C,0.007300364964183181,0.14257214654316389,0.2768116582481482
NTN1,0.006225326666576159,0.14283320551548956,0.27721983077230783
SOBP,-0.007144913606354386,0.14283979543314923,0.27721983077230783
UTP14C,-0.020301315710688606,0.14282028214641698,0.27721983077230783
TBC1D19,-0.009685152241416972,0.14302091792186813,0.2775341606618888
CDK5RAP1,0.0159351136831809,0.14305433024561726,0.27756181102177097
OR12D2,0.00817787138232795,0.14308071093527402,0.27757581264217907
FAM177A1,0.011052289717614627,0.14311259296641074,0.27760048165601886
BIN2,0.017392926864387093,0.14313293032841054,0.27760275346501045
KRAS,-0.015410608086868116,0.14320727311863385,0.2777097528250492
SPINT2,0.02488551131487604,0.1432757546758405,0.27778354861792814
ZSCAN5A,-0.007627950039823972,0.14328368487465765,0.27778354861792814
MAB21L3,0.007488510522044578,0.1433088368736172,0.2777951275799614
AKR1B1,-0.027804782854319754,0.1434526535499552,0.27803669664359043
ZNF33A,-0.0134831288074313,0.14360214039253116,0.2782891893825825
SHC2,0.010633052534234189,0.14369335324841817,0.2784286994582058
DHRS4L2,-0.021739923679739093,0.1437226533462693,0.2784482224541686
CHST12,0.02899158046392536,0.14380179552864597,0.2785642913517331
ACTRT1,0.07161222872926132,0.14384397686266534,0.2786087404224184
SRXN1,-0.05436750530485135,0.1440280480230076,0.2789279646430327
SDHC,-0.012291022521430328,0.1440703301156398,0.27897254831482976
MOB1A,-0.018226975192976447,0.14419617231331167,0.27917890118780997
ECM1,0.008380179535729226,0.14422263895978796,0.2791928231346657
RBM24,0.004969627061324644,0.14463847964053753,0.27996040880843853
NOMO1,0.014977700977279795,0.14485521337939372,0.2803424519758336
MFSD6L,0.006809938246424174,0.14507170204097755,0.2807239188191742
CRLF2,0.006193335746551121,0.14533488399583716,0.28118149807829457
DCK,-0.016074367467733275,0.14534699503674342,0.28118149807829457
DMRTB1,0.0215898908333223,0.14536964887459247,0.2811877663327454
TRIM34,-0.004031702315832497,0.1454133102276322,0.2812346622161871
IPPK,-0.0066741094587294825,0.1454432220345573,0.2812549570024737
NPL,0.040207323700361286,0.14548671609561062,0.2813015079333632
NR2E1,0.007512724180468666,0.14571076057030957,0.28165950301619697
SPANXB1,0.009932814515737576,0.14570922279252374,0.28165950301619697
TASP1,-0.00837907276907579,0.14574156490648968,0.2816814553116622
PTRF,0.013975746136841494,0.14576840356351267,0.2816957381206027
CRY1,-0.013305791088686014,0.14583463002759672,0.28174853692406443
FAM26F,-0.021854263182647493,0.14582045012281525,0.28174853692406443
TMEM261,-0.022159981953217667,0.14589064151664613,0.28181915867259305
ESYT2,0.03911649087019242,0.1459699216617716,0.2819347040070809
GTPBP1,0.01013164882100348,0.14605223961454042,0.2820560851436005
LINC00709,-0.005570065053952966,0.14617298325443456,0.28225163171006934
BATF,-0.022394359587257107,0.1462221043102229,0.28230884548510643
SERPING1,0.02712237204915624,0.14626511892883046,0.28235425597296815
ZFP91,0.012867126334150214,0.14634580707829367,0.2824723706985615
CCDC125,0.016486447460083653,0.1463763742659497,0.28248996433889817
ACVR2B,-0.006610113203786128,0.14639392932392778,0.28248996433889817
SERPINB2,0.008149876642415954,0.1464562182391235,0.2825725143166997
HDHD3,0.015985088145679782,0.14667413827042594,0.2829552768658563
ZNF211,-0.016887263514093753,0.14672982784109223,0.28302501351050474
POU2F3,0.004967835088418582,0.14678019319408572,0.2830844631455576
BICDL2,0.007375479877918423,0.1469512891207975,0.2833389871706111
SNX12,-0.008737888955130835,0.14693756506388622,0.2833389871706111
PA2G4,-0.03608834670654382,0.14706110383663856,0.28347524992944806
APCDD1,0.009789551419087772,0.14705813779359053,0.28347524992944806
DCPS,0.01708526050795456,0.1471004354474621,0.28351333426760356
RIMS4,0.015026144634018301,0.1471722219748053,0.2836139519801863
SHROOM4,-0.030571215973621335,0.1472131717601487,0.2836260371848796
XAGE2,0.005186514507682816,0.14721765724633562,0.2836260371848796
PLEKHA7,0.006381472812926781,0.14741389200021926,0.2839663268694209
MYH6,0.007891932753597786,0.14752687416694657,0.2841461762545285
CFTR,0.011430782470951861,0.14758129113154117,0.2841754082357408
SNAP29,-0.02017005536079175,0.14757262166636542,0.2841754082357408
LOC101927845,0.006965511919741374,0.14765487425452561,0.28427930329689605
NAPSA,-0.028393217457839626,0.1477500591224477,0.28438695765176514
GVINP1,0.04469046432027213,0.1477420351041427,0.28438695765176514
MESDC2,-0.005765893482659656,0.1478085391994006,0.2844617169497898
HPGD,-0.012400690471931597,0.14783274759891737,0.28447050833303034
FAM57A,-0.008044250677248677,0.14792039305617835,0.2845635506741516
MIA3,0.013384037305985252,0.14791382767827313,0.2845635506741516
MLXIPL,0.007557911986690868,0.14797530588377403,0.2845935905484774
GORAB,-0.010049729189123724,0.14797273088506654,0.2845935905484774
PDZD11,0.0051200303756839816,0.14805489049270956,0.28467105189119946
EPHX3,0.009166238510790237,0.14804683288621526,0.28467105189119946
LOC154761,0.014637164705168182,0.14813587072646983,0.2847889503055733
MYO6,-0.00582097804531756,0.14820130740507387,0.28487693914467016
C6orf223,-0.0069876185674742075,0.14824320715784975,0.2849196672603896
CCNA2,0.012246302829695743,0.14832734458166236,0.2850011698603293
TAAR2,0.006711947266428986,0.14834464371561878,0.2850011698603293
MAT2B,-0.0197803810853987,0.1483117452529928,0.2850011698603293
SYT7,0.008243083582408772,0.14847710252013188,0.2852178186872136
HHEX,0.030818862765548793,0.1485014283513426,0.2852267190347231
HMGCR,0.026241161980976813,0.14869667962053792,0.28541603640154656
MPO,0.034408935058486634,0.14869852324537908,0.28541603640154656
SEC14L1,0.0469394456650587,0.14864923747263242,0.28541603640154656
MID1,0.007154803030208434,0.14868838619012656,0.28541603640154656
MMP23A,0.010309702076439109,0.14867782855644207,0.28541603640154656
SNRPC,-0.016310710018324848,0.14881485470981617,0.28558338106846987
GCN1,0.024999329300634088,0.14882514224694907,0.28558338106846987
RTKN2,-0.0068396742224789975,0.1489711270499586,0.2858256463361505
HIST1H2BF,0.004763211949097901,0.1490405964717794,0.28592105950956986
MINK1,0.008833699598294942,0.1493270000875151,0.2864325611531676
PDRG1,-0.019302910123564665,0.14938673123097296,0.2865091916246574
OR10A7,0.007069832737306214,0.1495020770245783,0.28669245116165654
OR51S1,-0.010101374967890209,0.14974588740752817,0.2870459811025196
LOC646938,0.00880926194220244,0.1497419348759069,0.2870459811025196
RP1L1,0.007925926663347127,0.14972483260110375,0.2870459811025196
ROM1,0.02473207814657652,0.14981782809378155,0.28714588091972104
ALG12,0.012412306187774114,0.1499052771940159,0.28727547431570866
MARCH1,-0.017631520856420835,0.15005875651137524,0.2875315556701626
FAM26D,0.005342243074234254,0.15014210032408395,0.2875771199542491
VCX2,0.003393104826429294,0.1501156674213726,0.2875771199542491
PRKACG,0.0074226303664817195,0.15013434329439904,0.2875771199542491
PTGFRN,0.005580828596403187,0.150163107543381,0.28757932694146904
OR10Q1,0.005862682717970635,0.1502291164904817,0.28766770534745334
EPHX2,-0.024273473742639773,0.15040549928479813,0.2879673829003326
CD177,0.010587751235306087,0.15052544809874482,0.2881589466378826
PAQR8,-0.028486944544634518,0.15055892405604573,0.288184941988604
APOBEC3A,0.033340230775857904,0.15060516622290585,0.2882353630513436
RAB6B,0.0136830006296087,0.15080143982368632,0.28850161054680934
SNRNP48,0.009419545907102922,0.15080403848728896,0.28850161054680934
GNA11,0.007522605205679156,0.150790823312122,0.28850161054680934
TTC26,0.010298188732233982,0.1508263455659474,0.28850617923628924
CYP4A11,0.008225725003114803,0.15088437538747698,0.28857906947210044
PPP2R3A,0.006748425031246619,0.1509468647932705,0.28866046866460654
TRPC2,0.006834513701753586,0.15099414800540098,0.28871277091884195
SMURF1,0.004642272741848252,0.1510891061993508,0.2888562056746828
PUS7,-0.013765901738370445,0.15119079035521163,0.28901245974724626
PROSER2,0.007209854610679578,0.15134836615139624,0.2891228878049094
CFC1,0.0057282058718906015,0.15128534046224626,0.2891228878049094
CLDN18,-0.004442143455310799,0.1513177571046599,0.2891228878049094
PYGM,0.00872280905866063,0.15134220791188874,0.2891228878049094
TMEM178A,0.0038977483528723766,0.15132017182030946,0.2891228878049094
KRT6B,0.005992662588679032,0.1514724030594316,0.289283529260655
S1PR5,0.05359224073221469,0.1514562257731508,0.289283529260655
PTRH1,0.01772525663121627,0.15157675719520658,0.28944466067440633
EPB41L4B,0.009640749724737496,0.15164242168119288,0.28953187920253065
IGFBPL1,0.014006379192385232,0.15174671717236743,0.2896928234512416
TNFSF15,-0.016063117216430278,0.15183415963932206,0.28979328520797976
DUSP6,0.03297431485430913,0.15183935663099685,0.28979328520797976
SFXN3,0.010412482610513862,0.1518907461551156,0.2898531709236752
SIGLEC6,0.009126733851141822,0.15210109920213427,0.2902163510530514
DEFB131,0.0157430230828437,0.15216688832523767,0.29030363678908616
ABCA8,0.006455066915885155,0.15237308888630935,0.29062046608234193
ENO1-AS1,0.007125444127833447,0.15235771427801909,0.29062046608234193
USF2,0.012757453991711465,0.1524116604450923,0.29065575903709245
DARS2,-0.010383188246898989,0.1526939286744192,0.2911557218167835
FBXO7,-0.056438029177689586,0.1528996828327471,0.2915096756811253
TATDN3,-0.015404219951932419,0.15304971435819525,0.291757312814438
CHST13,0.05956671142254777,0.1530854201023601,0.29178697522865954
COL22A1,-0.005807384830075257,0.15317821552730707,0.2919254307496731
CAP1,0.027787074590152727,0.15326688385892784,0.29205598550357986
CCDC60,0.01558591287416089,0.15339996125077615,0.2922711179631994
ADAMTS2,0.005658929414262381,0.15351352832273815,0.29238436186606165
AMZ2,-0.01161071068440478,0.15351995802205184,0.29238436186606165
ZNF296,0.026946649296081482,0.15350358953069976,0.29238436186606165
HLA-DMB,-0.03900844099520917,0.15367809474209868,0.29264705814417
CXCR6,0.020058793890274984,0.15377728379402397,0.2927974468874252
PRADC1,0.012146420062070007,0.15385383308956688,0.29290469485663595
FAAH2,0.00986215997684603,0.1540468209503657,0.2932334163885662
OR1J2,0.008509612486142792,0.15406699107408098,0.2932334163885662
DOK7,0.007449963968580775,0.15409631374969676,0.29325069088826805
GFPT2,0.005780150395734651,0.15414537696656824,0.2933055228565126
ALG8,-0.011284943461759234,0.15418448732218598,0.29334140475168025
SLIT2,-0.0057501538291448995,0.1542254687081207,0.2933808364550066
OSBP,0.01879165915823222,0.15453629996514717,0.2938949276122888
NFRKB,0.010608000645467186,0.15453521883748558,0.2938949276122888
KREMEN2,0.005546537276636343,0.15457592225881248,0.2939316867528738
SAMD10,0.011630189049611772,0.15468858539717797,0.29399153272440964
SNIP1,0.018411793899286266,0.15464299106055757,0.29399153272440964
FRMD4B,0.008818730189880775,0.15468421224775517,0.29399153272440964
CES1P1,0.009640276503705358,0.15466015178143241,0.29399153272440964
MRFAP1,-0.023980570932950585,0.15476627525197775,0.2941005944305492
NCCRP1,-0.0065614125540012225,0.1549067622152718,0.29432894450032754
PDYN,-0.005766441545735468,0.1549686216323311,0.29440785883036247
FAM159A,-0.016730244451386156,0.15515865820872504,0.2946550826958641
RAVER2,-0.01288915689222847,0.15515978429448737,0.2946550826958641
DAZ4,0.006445902258525038,0.15514811829042355,0.2946550826958641
F2RL3,0.005965572729211388,0.15519520017525862,0.2946837020632467
RBM43,0.015061871253130299,0.15525689111979035,0.29476219831944467
SARM1,0.01751095225278565,0.155339691215492,0.2948807454213874
CPSF6,-0.00604726611518025,0.15540607225877276,0.2949680973130736
NEK3,-0.008823994075739527,0.15544117728547613,0.2949960707288831
SLC16A2,0.014361891957784145,0.1555944072782018,0.29524818485752324
ALKBH1,-0.007847527589235348,0.155668282819321,0.2953496736121359
SLC4A5,0.01902919000193659,0.15579139536431022,0.29554454098974053
TK1,0.01675487855012836,0.1558580461458557,0.2956322603950463
KLHDC10,0.005241622432140325,0.15592046897323203,0.2957119382752773
CHN2,0.009830157311677468,0.15594202544493366,0.2957141000974626
ANKS3,0.006905041841551274,0.15596763980247885,0.2957239553474412
MYL9,0.03034709577933281,0.1560129998319699,0.2957712420898235
TMPRSS4,-0.008085615618746544,0.1561412253494216,0.29597559324185607
RGR,0.007861056845253955,0.15622115897179853,0.2960496227328967
KRT10,0.02549991286291231,0.15620917623375793,0.2960496227328967
NXF4,0.006127602852990854,0.1563049803852563,0.29616971950550136
FN3K,-0.007000921851965103,0.15635070913219087,0.29617887406103227
ADAMTS14,0.005794795400535513,0.15634788363026703,0.29617887406103227
PTGDR2,-0.035331681170494456,0.15638472054908154,0.29620456289170877
DPP7,0.017812151499073003,0.15649032757516182,0.296365834806308
WRAP53,0.010429026754703585,0.1565399400179882,0.2963822864340577
HTR3A,-0.006270274830831646,0.15653803422805865,0.2963822864340577
CBFB,-0.02493716068844698,0.1565862250287844,0.29639243117053227
AMIGO1,0.009935473948900153,0.1565694289423352,0.29639243117053227
TTC23L,0.005004280105389114,0.15668485606523558,0.2965403704754831
USP15,0.025959766018937458,0.15685035034209013,0.2967760253892663
FAM200B,0.01719186532180128,0.15684272921747286,0.2967760253892663
C1orf101,0.006457828441019942,0.15692490520238325,0.2968783081179884
PRR13,0.016902069928715235,0.15720238426871938,0.29736441605695857
GJC2,0.03255428782448622,0.1572816933263681,0.29743674711308465
C16orf92,0.00829989837030265,0.1572636302325419,0.29743674711308465
PARP8,0.014002935530883498,0.15732620794898225,0.2974820882419137
NUDT7,-0.009012701745139573,0.15736505202481582,0.297516696714193
EDRF1,-0.01896591310670903,0.1573994479831142,0.29754288757340464
LINC01293,-0.009155743339889,0.1574613059827554,0.29762097818794586
DBF4,-0.006441318772912652,0.15753285822743202,0.2977173693327408
LSP1,0.02212148271252712,0.15763935367755388,0.2978524619030423
APCDD1L,-0.009966331566451103,0.15764546899673587,0.2978524619030423
CLEC4F,0.01424389705970075,0.1578718720776756,0.2982413193130368
IREB2,-0.017205279036187626,0.15794590145072135,0.29834225829580696
PPFIBP2,0.02249651645811479,0.15798257398517238,0.2983726172383931
SIGLEC8,-0.009662418829520902,0.1581681849785415,0.2986705963878301
PTCHD4,0.01322199694514925,0.1581815896776474,0.2986705963878301
C16orf58,0.025097528080619824,0.15820611951106336,0.29867797640748717
GRIK5,-0.006966730930028753,0.15825660265074046,0.2987343454702626
FRMD4A,-0.005887525384125958,0.15841945033181015,0.2988893578765795
ADAT2,-0.004807388042453731,0.15842126487285976,0.2988893578765795
CLMN,0.006522845836046898,0.15837620093176552,0.2988893578765795
TUBA8,0.006113194866128602,0.15841328358501017,0.2988893578765795
TSFM,-0.011814539334902285,0.15852206810635283,0.29904058797244265
CYP4F2,0.005355026235125848,0.15856048979642995,0.2990741156675988
ZNF618,-0.006184105252704519,0.15860237526728294,0.2991141671056414
EXOC3L2,0.006105001560134049,0.15877830586110014,0.2994069759265948
FHL2,0.02035612788185137,0.15882740028575082,0.2994605657040894
LRRC30,0.007531612310827995,0.1590209619272715,0.29978649128655477
PCDHGA3,-0.004578464686355588,0.15911800195735792,0.299930393070064
MYOG,0.011382051802810267,0.15919565894361593,0.3000377259777922
PELO,0.025566577582548433,0.15953470536071956,0.3006376102582178
GPRC6A,0.005900901521894042,0.15956768434300922,0.3006606400447698
DEDD,0.01497527740283111,0.1596706912778679,0.3008155947539853
CRIP2,-0.03724862419412478,0.15972252720004634,0.3008338098183812
N4BP2L1,-0.0165366207686235,0.1597609964741421,0.3008338098183812
LIN54,0.014226425704486623,0.15974741947571872,0.3008338098183812
MT2A,0.06019375534632054,0.15976344001125298,0.3008338098183812
TMEM145,0.02045328921152656,0.15978711993817712,0.3008392883380421
GTF2H2,-0.00581473951927336,0.15981429004616418,0.30085133571986505
ERMAP,0.013314508138178915,0.15991739250147716,0.3010063044823125
ZNF543,-0.00891773174318189,0.16001979117493176,0.30115990844304985
HCCS,-0.008643505427205156,0.16010100752515527,0.30127361218583204
SEPP1,0.00520549338223919,0.1601762312702012,0.3013760111350473
ALG11,-0.013323230907902328,0.16020863387840506,0.301397824794755
DENND1B,-0.020431121665580143,0.160320006291481,0.3015681780682871
TTLL3,0.011931282419941347,0.16054413412511184,0.3019505568975614
TRPC5,0.014767531275176715,0.16059487615822535,0.30200677567849077
PINX1,-0.008033934695142797,0.16092276876795675,0.3025841078586376
GLUL,0.017415342166133385,0.16105879921023877,0.3028005773313991
TMEM169,0.008440476776429229,0.16112179319994632,0.3028796953547077
PARP11,-0.011238045693174215,0.161147729540743,0.3028891402372335
POMC,-0.008430459518956823,0.1611687564316127,0.3028893561898895
SCARF1,0.010905062524082076,0.16126694142572326,0.30303455884927033
ACOT1,-0.0072119790266800265,0.1614146735860497,0.3032728151797047
TXNDC15,-0.010507419987715316,0.16150933765747638,0.3034113160351346
RHOBTB2,0.007661187215854071,0.16172238269141587,0.30377214251101897
SDHAF1,0.008972243066040164,0.16174816442615841,0.3037811739559749
PCYT2,0.008742759522978538,0.16183743996877417,0.3039094360829412
NEK8,0.016981138630752568,0.1619186623721238,0.30402254417913416
KIAA1211L,0.02414654541932748,0.1619580063389385,0.3040570011423442
GPC6,0.01687338368122493,0.16216165517822242,0.3043998721619199
ALDH1A3,-0.005486127103839777,0.16222848473357665,0.3044858588675812
SLC30A3,0.04066370293191657,0.16229652470513023,0.3045740948210814
ZNF473,0.012018289293682649,0.16231850881222928,0.3045758882803898
REPS1,0.0069521799452862965,0.1623461214140723,0.30458824126443307
TBX10,0.008502984965892857,0.16240918749862254,0.3046670990454668
CARD11,0.027039263102187405,0.16245840293308444,0.304719957016679
PLEKHN1,-0.009251167527382087,0.1626294062525854,0.3050012068059623
CDCA7,0.019849494188154182,0.16268603627743974,0.3050679116315947
ENPP4,-0.02147060453803551,0.16288990309161083,0.30541066101992115
HIF1AN,0.015394372300397308,0.1629721333191813,0.3055252885056979
MATN1,0.006144168578320119,0.16301006194184633,0.3055568444630131
POTEC,0.008779982948169618,0.16317599170302283,0.3057556309502389
CEND1,0.007809290522909684,0.16314928796963324,0.3057556309502389
LMAN2,0.017801139129001164,0.16317944126245146,0.3057556309502389
TAS2R46,0.006723915716612794,0.1632664980412741,0.3058791822053828
WDR78,0.005670273908947365,0.16340030954402418,0.30609028497615703
EVA1C,0.013642928320698466,0.1635447845481107,0.30624210205492375
UTP20,0.0051960388528637935,0.16352981204676637,0.30624210205492375
VWDE,-0.006365493015993096,0.16351338384078676,0.30624210205492375
SH3D21,0.009081804054573261,0.1636065083756582,0.30629993604477207
C3orf79,0.006880809265987331,0.16361796500817466,0.30629993604477207
GNAT1,0.007683962283731027,0.163805250040699,0.30661091258587286
L1TD1,0.011381688603083973,0.16387983032287165,0.3067108750996864
FAHD1,-0.01758271675480394,0.1639115779847054,0.3067306583372704
PPP1R13L,0.009562979909295777,0.16395231675402153,0.30676725950978523
PCDHAC2,0.009204130997524373,0.16407068599611496,0.30694908498679013
LOC101927690,0.008022472994190899,0.16411218735487476,0.3069586385721879
LPL,-0.006198382311508155,0.16411817847991045,0.3069586385721879
IFITM2,0.03223075469590597,0.16415811379304426,0.30699368885454525
FUT10,0.007118775320060777,0.1641962048501362,0.30702528157105247
CDC20B,0.005627128017565042,0.16437882124737385,0.3072932304804621
RP2,-0.02896625150554666,0.16438193522249517,0.3072932304804621
SEPSECS,-0.006587690022763937,0.16444453937169817,0.3073705908194188
XYLB,-0.0055693190229311185,0.16458709717545153,0.3075468472928407
FAM131B,-0.007768040247799313,0.16462377154524954,0.3075468472928407
GUCY1B3,-0.007300616140176075,0.1646145693787816,0.3075468472928407
ARG1,-0.039466601891944286,0.16460142418269855,0.3075468472928407
SNX15,0.005681422020268556,0.16491107200492544,0.30804384407007224
CBLL1,0.014759287706711532,0.16500125515152048,0.30811141384421353
ZMAT3,0.01630289013413133,0.16501715864118077,0.30811141384421353
B4GALT6,0.006048244171911854,0.16503233558432812,0.30811141384421353
NUDT16,0.01637645737482263,0.16502163540570713,0.30811141384421353
SLC39A5,0.007132679635208916,0.1651879694744429,0.3082430494547579
NIPAL1,0.006686741503354909,0.16517143405102572,0.3082430494547579
RIF1,-0.008549727581854683,0.16517071703938446,0.3082430494547579
FAM179B,-0.010777709498028365,0.16514886740993293,0.3082430494547579
SMOX,0.04771067123767203,0.16530737598259693,0.3083561396019723
ETNK1,0.004268322484914933,0.16527169145169865,0.3083561396019723
CLRN1,0.0180860148564026,0.16531244297219794,0.3083561396019723
EIF5AL1,0.007318468916468035,0.16535493254149475,0.30839567897643705
BCR,0.013886561476151194,0.16537682088615785,0.30839679074483206
SIK1,0.007600812650429667,0.16543906184675208,0.30843343696593606
DKFZP434I0714,-0.005999673282523155,0.16543688665731154,0.30843343696593606
UNG,0.008155155739121511,0.1654772528936615,0.30846493319328094
SOX21,0.007817362790262905,0.16551941483164437,0.3085038224709223
VPS37A,-0.013664138570744555,0.16571143405760638,0.3086683466235857
PYGO2,0.013156755523795027,0.16568300630826674,0.3086683466235857
HSP90AB1,-0.029931664433988203,0.1656879602505728,0.3086683466235857
PPARA,-0.005895159472710354,0.16571424077223162,0.3086683466235857
NKX6-3,0.0067719174296501095,0.16567872145219023,0.3086683466235857
HAO2,0.0045502320819412745,0.1657464282482745,0.3086886031564881
ACHE,0.004201671240696925,0.16582498861925016,0.3087952089433298
MRPL38,0.02151362251920208,0.16600040852901918,0.30908213358199177
SFRP2,0.007818053879282694,0.1660905103089345,0.3092101479838827
SOX18,-0.006906164480010801,0.16618129168148513,0.30933939451415376
IDH3A,-0.016806202489501487,0.1662487435459785,0.3094251865227387
AHNAK,0.015791783511982516,0.16631329149344004,0.3095055523565445
PHKA1,0.013947569901292312,0.16640517370609437,0.3096367595014222
MGP,0.006372288513605717,0.1665675848839503,0.30989915214632446
GYPA,0.0056286109838605825,0.16661188291449247,0.3099417559894052
C1orf112,-0.008591687733987108,0.1667089594308559,0.3100825180938124
ZNF548,-0.021667972110932077,0.1667516870972225,0.31012216691270805
COQ8A,0.029918227289181587,0.16685960018742568,0.31028302081328457
TNNI2,0.009883363388693667,0.16719808481101,0.31087253663705633
MSS51,0.00652774195666872,0.1672626768843306,0.31095271621006865
MAPK10,0.004333439942311834,0.1673009591648823,0.31098396978236076
CKB,-0.011339673840744524,0.16732526866149647,0.31098924564264274
UPB1,0.013205725957617709,0.1673634979718181,0.3110203880707998
CDK7,-0.015932159298746917,0.1674252215746394,0.31109517758653976
OR9G1,0.004556828460861695,0.16758541494600956,0.3113528925189844
SCNN1A,0.007717214746580048,0.16770306271558802,0.31153150703765253
RWDD2A,-0.007574450076129224,0.16789501010513713,0.3118480798105676
PGRMC1,-0.037131893502655444,0.1679511925027572,0.31191243392870055
TMEM98,0.0066378235225776905,0.16829486292683216,0.3125106146964406
PGBD3///ERCC6,0.005354142100400416,0.16842049667234135,0.31266373670881725
ZNF629,0.00753881239600851,0.16841722986742047,0.31266373670881725
PIK3C3,-0.011755164137379204,0.16863164666930755,0.3129972092020976
DONSON,-0.009123435749515352,0.16864334580317383,0.3129972092020976
DNAJA4,-0.0433755032460823,0.1687180296641728,0.31309570040434065
ANKRD54,-0.008643674619913,0.16884219116265678,0.3132859719190265
NUP62,0.01707966811318684,0.16889069808529414,0.31333583592511854
DCLK1,0.010189134249520393,0.16895045629204605,0.3134065585212596
HPS5,-0.008958268000798242,0.1690893311841359,0.3136240072827538
PHOSPHO1,0.04973334293397791,0.16911114442482145,0.31362430420603254
PLXND1,0.016254047408539307,0.16936701192474155,0.31405860974496946
NIPA1,-0.014629430157229173,0.16944651932655777,0.3141446663482454
KCTD7,-0.011841928763711707,0.16945679910099704,0.3141446663482454
AFMID,0.01445305034595723,0.16957832033124454,0.3143297148295042
GEN1,-0.003469078033264239,0.1697267660659159,0.31448413453994195
NOX1,0.006975335522092507,0.16971431989104951,0.31448413453994195
HEATR9,0.005443920208136888,0.16969502528433913,0.31448413453994195
TAF11,0.007448528223573447,0.1697589093827548,0.31450345913274763
ZNF292,0.010936097420167101,0.16981588099579137,0.31456877098644864
KCTD2,0.019527683828103548,0.16985001581459194,0.3145917684218094
GNG7,0.027289672026745926,0.16988907424313499,0.314623878191736
SRP68,-0.018958671615049383,0.16993657109864269,0.31467160518956033
GPR143,0.016837696790497958,0.1701012265764891,0.3149362349142104
RSPH9,0.007763865201669162,0.1701709881251951,0.31502512679004674
MRPL34,-0.022492894682969222,0.17025564805770446,0.3151013041742642
XAGE1E,0.00890568142954784,0.17023467705658063,0.3151013041742642
SLC25A32,-0.004784874976985876,0.17030880561476877,0.3151594149130332
B4GALT3,0.03582257626677787,0.17038568567967288,0.31526140411144377
NAGS,-0.008255808690700306,0.17040820173816296,0.3152627914134056
NMRK1,-0.02333121991451126,0.17048055985588997,0.3153382720184226
PDE3B,-0.02256746503824658,0.1704925440607752,0.3153382720184226
SLCO1A2,0.004685663164226916,0.17056634788952726,0.31543449729723094
CCDC115,-0.019710757480522645,0.1706914934588695,0.3156256340173964
SCYL3,-0.010175760333581252,0.17084141997938657,0.31586253854754087
DOT1L,-0.0071389033200537355,0.17092053887612452,0.31592816297623627
C8orf31,-0.008025622442544567,0.17091638062300504,0.31592816297623627
FAM20C,0.011811196898606546,0.17106524616213983,0.3161552922562758
MYL1,0.0051892378423410435,0.17115573791121627,0.316155846926742
HOXA9,-0.006320341738853763,0.17115927402160291,0.316155846926742
ACAP2,0.028040697962580907,0.17110686358648594,0.316155846926742
HIST1H1C,0.039881769712174275,0.17117468597069252,0.316155846926742
TMEM203,-0.02058046544022396,0.1711668793579731,0.316155846926742
TMED7,-0.029524632956301033,0.1712569514355665,0.3162674594661156
SLC9A9,0.013419547428530798,0.17164549692358005,0.3169321327179112
TMEM192,-0.010692029347346477,0.17166063112206664,0.3169321327179112
LGR6,0.006646991722885964,0.17175594740920552,0.31702673259356423
BDH1,0.006561114172668248,0.17174320395494505,0.31702673259356423
CYHR1,0.007286460991067223,0.17177753365053108,0.31702673259356423
MAGEB2,0.008801884872086774,0.17188342281194496,0.3171817423886114
MTFMT,-0.01321702068752817,0.17191196932453717,0.3171940081142161
UBXN6,-0.0775051426675919,0.171939006848679,0.3172034868419649
NEU3,0.00630362046138444,0.17214737505860045,0.317466587770406
POLR2F,-0.024314160395453754,0.17212111118774057,0.317466587770406
KRT80,0.004559846314386107,0.17213777440438247,0.317466587770406
BBC3,0.019201783616077606,0.17232065539520863,0.31773440745125714
ZNF397,0.011767925963008352,0.1723364750716015,0.31773440745125714
DRAXIN,0.007881735985103333,0.17245572011230012,0.3179137902642936
MAGEA12,0.006477622766672297,0.1725106263299173,0.31797453700210254
SMARCC1,-0.020063442047730362,0.17259314274785653,0.3180861533986454
DLG3,-0.004129155190063294,0.17264815197489083,0.318147052570524
CHRNA5,-0.03054415319083148,0.17271277509835173,0.31821113627054953
PSMD11,0.013037695070358346,0.17272686780993238,0.31821113627054953
BEND4,-0.005790303231799854,0.1730928508568994,0.318804279223211
C1orf116,0.012024976670717002,0.17307168563131484,0.318804279223211
AHSA2,0.028998624409125817,0.17325282469122552,0.31901778703632216
IFI44L,0.06047739163566046,0.17324569973052956,0.31901778703632216
REG3A,0.006479247982055014,0.17328549207678262,0.319037379844937
STAM,0.017074644179101206,0.17332158874893042,0.3190632805591647
LOC101929331,0.008019477047028545,0.17344450316995796,0.319248974954082
PFAS,0.015378311781251597,0.17361956943888024,0.3195306027640078
MRPS25,-0.016510177546869897,0.17369659552870098,0.3196317481435275
PRR7,0.008696621048801312,0.1738198267895535,0.31981788252285226
PTN,-0.011317738293790569,0.17387572977676263,0.31984508299196096
TNP1,0.005485114796528023,0.17387877544039634,0.31984508299196096
RECQL4,0.007388840493391946,0.1739729127953891,0.3199369818344865
CNFN,-0.012676939782746643,0.1739702841841271,0.3199369818344865
STAG3,-0.008491022017298455,0.17424205324304431,0.32039125291002335
EVI5,0.028152839139098162,0.17448260494958914,0.32079284718073736
FAF1,-0.01021895385728211,0.1745379114778188,0.32085380249330214
KRTAP13-4,0.006556726383970535,0.17462600999056063,0.3209750163329036
OR2AG2,0.007751946294916046,0.17469728032610002,0.3210652719506703
RGS8,0.007291927202130566,0.1747348629993162,0.32109360006116416
SHPRH,-0.008873514983640973,0.17491462419897671,0.32138315576531507
RASA3,0.01601902197943339,0.17494831291340662,0.32140428262782617
TAF15,-0.025832738603778438,0.1751092587743628,0.3216591634860965
ZNF713,0.007885430694513751,0.1751359566711844,0.32166741014778527
VWA3A,0.011864896768737587,0.17526655108387437,0.321866454405837
PKN3,0.006630777730073589,0.17541436077981917,0.32209705901811625
CYBB,-0.03559360275305856,0.17550447234195257,0.322221672886404
TMEM14A,-0.013877543886227528,0.1756140524938349,0.32238199446396765
PTGIR,0.009929297752996114,0.17568918414517345,0.3224790448813449
DSC2,-0.025675421843499358,0.1757401444377354,0.32253170958390265
GPATCH2L,-0.00440493642482398,0.17585658324816852,0.3226636371632218
SFMBT1,-0.012129605069830518,0.17585299223393985,0.3226636371632218
SYPL1,-0.01560792875803596,0.17595082831775075,0.3227956678092846
PDSS1,-0.010428567563542046,0.17598087827816888,0.32280990893882955
DGKH,0.006187706513387958,0.17614035370800998,0.3230206233358846
KNOP1,-0.005707258339297638,0.17613479687087283,0.3230206233358846
BCAS2,-0.006702684480019094,0.17622497339264864,0.32313489234322357
TMEM163,-0.007164282864952298,0.17637920827216585,0.3233767661536773
HUS1,0.00830184535429268,0.17641290685313435,0.3233976133224652
OR10J1,0.009047681731519042,0.1764718361045299,0.32346470186509885
DPF3,-0.005985910647882342,0.17656542727500074,0.32355435838197255
ZNF486,0.04517154265117718,0.17655852771462283,0.32355435838197255
NUDT15,0.01721988535794594,0.17669824633181175,0.32375678682731956
AP2B1,0.015160205281107508,0.17684414210613472,0.32398312095437076
TRPM4,0.011671522030098025,0.17699778049702064,0.3241695201608122
CRLF3,-0.0289123832606073,0.1770006294892467,0.3241695201608122
PRR5-ARHGAP8,0.015573270812378581,0.17701303058215023,0.3241695201608122
LOC102724190,0.008287736291078929,0.1771609609499769,0.32439941319841537
LCN1,0.006124967237258971,0.17724718138562884,0.32451626535070766
NEURL2,0.007202733147809504,0.1773232719525015,0.3245735209098991
KLF9,-0.034896005371387595,0.1773202563530067,0.3245735209098991
CHRNE,0.008937113838485722,0.17745465078470443,0.3247729545066539
CLIC5,0.010186473057662404,0.17757186843705602,0.32494642355556785
CALCOCO2,0.017918479003089516,0.17773010331527106,0.32519489848640554
ZNF837,-0.005335298946877565,0.17789133678154692,0.3254487965067482
FBXO42,0.017688238483432706,0.17793442097993226,0.325486505869328
TEX2,-0.014938065616186158,0.17807127808380924,0.3256351604298755
NTM,0.004690587200219198,0.17805543713413718,0.3256351604298755
L3HYPDH,-0.004851833314644338,0.17808313351042834,0.3256351604298755
CENPC,-0.006791689449121563,0.17819924223442318,0.3258063398792458
PPP6R3,-0.01926359662576793,0.17826569566915548,0.32588670151104987
LOC100130453,0.00649548016024859,0.17829838957067773,0.32590533500021407
LRRK1,0.0037595293525294338,0.1783282331492603,0.32591875443960705
TTL,-0.013987639383067574,0.17838332789068467,0.3259371920232972
TBC1D22A,-0.013910662245051775,0.17837460250082018,0.3259371920232972
NKX3-1,-0.03334567292957491,0.1784437382043882,0.32600644603334494
METTL21B,0.01581557073288309,0.17847887334279414,0.3260295121070791
CYP4F22,0.02046742532023238,0.17861135455892527,0.32619433405295967
ABCC13,-0.021386789200357192,0.1786366651275943,0.32619433405295967
DYNLRB1,0.019395639035154844,0.17861737064253144,0.32619433405295967
FLVCR2,0.01884678418290786,0.17872276057402048,0.3263104076836143
GABPB2,0.01803046547871645,0.17892326418865534,0.3266353111303862
TBC1D12,0.009469905761602782,0.17900021131240268,0.32673460121598497
ADARB2,0.00959887722368169,0.1791529630367495,0.326952597629289
TEX33,0.010624671216968196,0.17916478648050727,0.326952597629289
DLGAP4-AS1,0.008169306090229256,0.17919570362110046,0.3269678220267094
ESAM,0.03128554680179452,0.17931599903753775,0.32711265684949076
GSTM1,0.05556308025751022,0.17932024961232784,0.32711265684949076
ZNF445,-0.004253225645307168,0.17945500711095522,0.32730687754241755
LIMS1,0.01619445792299512,0.1794719153163408,0.32730687754241755
SUMF1,-0.016722380630914913,0.17951951216416642,0.32735246307261573
SARS,0.02018704136559002,0.17974558579167346,0.32772344720626867
TMEM86A,0.007968094311772589,0.1797967884785197,0.3277755423943209
ASPM,-0.006942607244696752,0.17985602559551075,0.3278422696608832
MARCH11,0.009725417834430594,0.17992498546176489,0.3279267005698003
PDIA5,0.011259226122958488,0.18011419330225473,0.3282302435568517
FBXL13,-0.023511127177703983,0.1801551084871459,0.32826350375239916
SOCS7,0.005226823419699045,0.18042902485724763,0.32872125736256286
HIP1R,-0.010151795062354196,0.1804597932787579,0.32873596350767575
GPX3,0.019081074287861988,0.18060853326509096,0.32896554273284423
RNU2-1,-0.007150340544272993,0.18071312786655103,0.32903192256682906
STOM,0.032246422417889775,0.18070451057011688,0.32903192256682906
MAP1A,0.01169579403767429,0.18068436770377622,0.32903192256682906
TMEM236,0.01815161321872516,0.1808739282726439,0.3292567642428386
GET4,0.0057719302630427904,0.18088208181995769,0.3292567642428386
RPS16,-0.03446936773288556,0.1809843551259096,0.32940153300372893
SMTN,0.004278346427598834,0.18107242962079,0.3295204260117506
PCCB,-0.01590347833457706,0.18122535550058638,0.32969386746618995
GABPA,-0.01545153952598799,0.18123602407938444,0.32969386746618995
CENPV,-0.020558346586185827,0.18120025043631505,0.32969386746618995
PAGE3,0.005947987702037416,0.18144919220665176,0.33004019840777904
SUPT4H1,-0.023880667083684415,0.1815207538871711,0.33012890498515646
CUL7,0.006243343228099718,0.18156767359300252,0.33017277894802866
OR10A2,-0.006789346434892707,0.18166645807962545,0.33026948397455697
LINC00347,0.01053250638325931,0.18166123408077653,0.33026948397455697
ATP8B4,-0.029013432049334043,0.18172232356157816,0.3303295851488326
CR2,-0.007811282531582364,0.18188920816169152,0.3305914532581177
GAGE12G,-0.014634443891459625,0.18193979887827552,0.3306419130430292
SDHB,-0.01887918286423229,0.18196568621308304,0.33064747197469513
RHD,-0.01968587784970577,0.18201907488841054,0.33070299556996213
LOC101928126,-0.016981493032243833,0.18211210538698963,0.330830519807495
NOTCH4,0.008517530252311722,0.18215481340775974,0.33086660614471936
ADORA3,-0.02021589304871707,0.1821960430781601,0.33086984392199453
RSU1,-0.012212284391287298,0.18220228356267804,0.33086984392199453
LOC105274304,0.010026748270957953,0.1823085079130465,0.33097974788324963
VSNL1,0.006026928103199047,0.18228757594412406,0.33097974788324963
CNTNAP5,0.006396435854643556,0.18236832731419295,0.3310341628107295
TBCK,-0.012824638884405992,0.18238419077807386,0.3310341628107295
LRRC57,0.012137466242191586,0.18250682748374245,0.3312152473718238
HYMAI,0.005936288071579199,0.1825600437363419,0.3312703173987943
JDP2,0.019504173907857414,0.18262147784841004,0.33134028374750985
LNX2,-0.010533919635561162,0.18272061948810434,0.3314532359487911
GLTSCR2,-0.03445589361892765,0.18272950076298655,0.3314532359487911
MRPS18A,0.015849919083501973,0.18275570329531943,0.3314592545115711
BPIFA3,0.005869715824414534,0.18284214780216973,0.3315745171862559
CKMT2,0.0058867800652926405,0.1828671191335873,0.33157828662129174
HNRNPA1L2,-0.004644550720541929,0.1830343093350459,0.331839896909351
OPRD1,-0.0061527439506514625,0.18333415766169128,0.33233506561308257
TNFRSF10A,-0.01837150141873245,0.1833533215488914,0.33233506561308257
NCF1,0.057320252520574044,0.1833765235565427,0.33233553143055106
DAXX,0.02473485598994074,0.18346895205381145,0.33246144145469847
KIR2DS1,0.007865160351279599,0.18367904845056365,0.3328005176079515
TDGF1P3,0.00862251808625114,0.1837070908876008,0.33280969411082045
CRHR1,0.017143543659464022,0.1837382550905736,0.332824523103035
RNPS1,0.012339920208527921,0.1838915888900163,0.33306061941765613
REG4,-0.004817373819874682,0.18393101724265148,0.3330903793126487
CSF2RB,0.021064973849271418,0.18418419192325278,0.3334899302438444
CBLB,0.027822391558974147,0.18419769690353183,0.3334899302438444
CHRNA2,0.028845259483902375,0.1844575628905089,0.33388131635308416
ZMYND12,0.006628790733369527,0.18445997607410794,0.33388131635308416
KLC2,0.00565328808658716,0.1845305369910582,0.333967299485004
GAGE7,-0.005925548069103392,0.18463880933417437,0.33408417799518475
DCAF7,0.025381462297019652,0.1846412486089101,0.33408417799518475
IFNA14,0.005599395397828388,0.1847126915244391,0.33413267664846946
ZNF276,0.013502360429440863,0.1847141909641187,0.33413267664846946
CDK18,0.006163784687148954,0.18476546204651975,0.3341561606982293
POF1B,0.010927576024603702,0.18478212533641258,0.3341561606982293
NCAM1,0.025040113504146255,0.1847963854731301,0.3341561606982293
PRR15,0.00750067623525652,0.18483720776491452,0.3341882558066436
CYBRD1,0.03536708067789274,0.18495887957530988,0.33431017712246575
CDKN3,-0.0061267273202991746,0.18493622228918605,0.33431017712246575
LMO3,0.004679565782464756,0.18497388562962166,0.33431017712246575
DFFB,0.016720761893170177,0.18503293870421111,0.33433346858680063
ANKRD17,0.008958080732977436,0.1850137695579025,0.33433346858680063
TMA16,-0.005125039603123049,0.18520796095823758,0.33460797137571574
ZNF182,-0.010709889645809767,0.18529554746577157,0.33472445865480616
ATP5A1,-0.027348424478731204,0.18532333029323664,0.3347328988611098
PTX4,0.00909104743283251,0.18537601813916094,0.3347863150533176
TDP2,-0.01142113456711158,0.18543052608861393,0.33484300459637006
TRPC4,0.007513806769272158,0.1855699840176029,0.3350530601484618
LMTK2,0.01044232106162113,0.1857529886477144,0.3352066671190862
SPATA31A7,0.008467509807134732,0.18576120744738353,0.3352066671190862
MTMR1,-0.006262241367902099,0.18577077581917323,0.3352066671190862
ADI1,0.009328323177498099,0.18572369727926274,0.3352066671190862
C11orf54,0.014693667482739592,0.18570257836254514,0.3352066671190862
MAN2B2,0.02875509126858944,0.18590795815955566,0.3354124147960892
CDY1B,0.003920588627993382,0.18610537346171296,0.33572676911439164
MAP3K19,-0.004299430123416492,0.18621098598135877,0.33587545715491907
MANEAL,0.00475414570284638,0.18640511762207643,0.3361418978633161
CDADC1,-0.006130690029273467,0.18638788322889835,0.3361418978633161
RNF126P1,0.00425984734640128,0.1864373056232579,0.33615808971085115
PDIA6,-0.01833612442057664,0.18651738523280054,0.33625370180530645
CCDC186,0.013684621107005412,0.18653676429202137,0.33625370180530645
SCLT1,0.018465694852666026,0.18656109696024795,0.33625571532755494
IGFL1,0.004935160038698427,0.18665469143604677,0.3363825495532788
SDCBP,-0.045963426306173005,0.18669460729719045,0.33638824811189727
DOCK10,-0.03367924367825381,0.18670430313252848,0.33638824811189727
NR6A1,0.005833319469920717,0.18672783650317412,0.336388803969151
MAGEL2,0.03013124775909848,0.1868796533545569,0.3366204326809355
KCNV1,0.005423377616359026,0.1869748984289658,0.33670824677920436
IL3,0.006526803187094643,0.18695946990953308,0.33670824677920436
KCNH6,0.026873516030661904,0.18708665845483177,0.3367420356728947
TXN2,0.016860986180847526,0.18704227459737746,0.3367420356728947
HDX,0.007503841894258123,0.187084162009823,0.3367420356728947
ZNF317,0.016684722957982068,0.18702147029815525,0.3367420356728947
ERN2,0.0056050170416215295,0.18722398335115542,0.33691473422704976
CHMP2B,-0.02390758762968037,0.18722912840330871,0.33691473422704976
PABPC3,-0.017052039088425452,0.18730777940607016,0.33698340668112237
MAP4K1,0.02406341587067473,0.1873370885526372,0.33698340668112237
MRPL44,-0.012304420588192144,0.18732406059528528,0.33698340668112237
MFSD9,0.010261441583734765,0.18759836953668585,0.33741149687934413
ZNF134,-0.009496778188907484,0.187634425572562,0.3374344449954045
NAF1,0.012497376937006699,0.18773285923904065,0.33756955098923214
TNIK,0.015232291776404061,0.18784562322484782,0.3376475780061117
SERPINB7,0.005888009437499342,0.1878353888344238,0.3376475780061117
RNF141,-0.018423589179421107,0.18784618776396358,0.3376475780061117
GCSAM,-0.009535167650322585,0.1879536010892455,0.33779872914463727
SLC16A6,0.015534638365610753,0.188049281877172,0.33788683770114863
FAM234A,0.02397227627899401,0.1880353436322971,0.33788683770114863
GBP5,-0.05815485359559247,0.1880847127968762,0.33790858101587135
RPE,-0.011614311071110883,0.18813541401490383,0.33795774979435284
SNORD31,0.013710747505315979,0.18832644183770877,0.33819269205860064
NOB1,-0.011229549668018812,0.18834575113882837,0.33819269205860064
KLLN,0.008925869620217242,0.18831976807006456,0.33819269205860064
INTS7,-0.00793580120729942,0.18835960003015267,0.33819269205860064
OR9A2,0.005353509969264536,0.18856556977878502,0.33847858627784394
POLR1A,0.007375056140633163,0.18856069180538215,0.33847858627784394
CLCN3,-0.007155109171590013,0.18859712904159381,0.33849328587836985
PPP2R2C,0.005176062952796379,0.18865748596212525,0.33855966134003496
LINC01364,0.007595959919179052,0.18874595921177784,0.33867647091469155
HTR3C,0.0059223939461601205,0.18885159038459842,0.3387820702415808
UBQLN4,0.022134145077192358,0.18883907447527212,0.3387820702415808
ZNF286A,-0.008902223096009187,0.18889909628645485,0.33881750137363403
BPGM,-0.026945195951103784,0.18891812628372467,0.33881750137363403
P2RX5,-0.013043516308460568,0.18898280217649605,0.3388915323417567
HYKK,-0.013800336130978863,0.18919961540728286,0.33923832997760395
BYSL,0.012681808448530951,0.18940959952735797,0.339530772222061
LTF,0.04755539285952537,0.18939658916884383,0.339530772222061
NR2C1,-0.006705666553417977,0.1894538710005299,0.3395681063694685
GUSBP2,0.031446428649150704,0.18950821320856542,0.33962347935076237
FGD4,-0.006346923428871776,0.18954739713878008,0.3396516763773464
DBT,0.007973803744002694,0.18962607774268872,0.33975063211592077
ITFG2,0.018520731125851064,0.18968712309958483,0.33981797043591666
XKRX,-0.005732753603028051,0.1897991656849586,0.33997664058631466
GATA2,0.023095554182054556,0.19002938882152157,0.34034693553739565
CDC7,-0.01030073237151985,0.19019518769692026,0.34056305761623085
TINF2,0.020960794448308562,0.19019708458006707,0.34056305761623085
SKI,0.01617609337179804,0.19023222501619885,0.34058387480032437
LRBA,0.012995277190572807,0.1902677348567263,0.34060534812320153
SCAF1,0.009947003962763823,0.19029878440593703,0.34061883259213943
CCSER2,-0.01917053161939819,0.1904204582953698,0.340794503638964
CD6,0.04213109977025198,0.19054942943719458,0.34098318951919027
ADORA2A,-0.024466315260005977,0.19068006288852204,0.34104841082703796
NELFB,-0.010839726476464584,0.19066869480530257,0.34104841082703796
ADRA2B,0.012596258826904183,0.19063322224572252,0.34104841082703796
FAM210B,-0.07937845200457794,0.19066571776304758,0.34104841082703796
DSCAM,0.024715089199220053,0.19083778257658585,0.34120410354761993
SDR39U1,0.010493028885317557,0.1908281318056251,0.34120410354761993
ZNF503,0.012278016064327879,0.19083211721639076,0.34120410354761993
LYVE1,0.005641302977750229,0.19090205313685701,0.34127688689635116
PEG3,0.006172382716912672,0.19099854895011206,0.341391461196577
C7orf49,0.012065929304295508,0.1910132837294297,0.341391461196577
CEMP1,0.011039476544508986,0.19112993799802605,0.34151663868875654
SYNJ1,0.01024967354325046,0.19113048006152034,0.34151663868875654
TBRG1,-0.0059085518520465286,0.1911814305417278,0.34156554088644203
USP30,0.006005092509602683,0.19124292119625802,0.3416332598182784
HSD11B1L,0.007694233141568141,0.19133744696633936,0.34171782760301594
PRSS8,0.011581292666179799,0.19133478480489666,0.34171782760301594
CPZ,0.005205077705232597,0.19144972028913412,0.34187618649584745
UBR1,0.0062487107233888395,0.19155168305726836,0.34201609681970846
PLK4,-0.007531609903383085,0.19158607281314669,0.34202989876694606
LOC374443,-0.012101800251715034,0.19160664171465067,0.34202989876694606
INTS5,0.017185957779783934,0.19165992810672414,0.34208285874279637
MZT2A,0.009519429280604008,0.19174708541526456,0.3421962524833282
FUOM,-0.00934487730640221,0.1919244462756245,0.34238088715473847
SNORD38A,0.008025255745126358,0.19193562299431874,0.34238088715473847
EPS8L1,0.005000906197931698,0.19188425924592023,0.34238088715473847
RTP4,-0.021319797680814823,0.1919450982944267,0.34238088715473847
LOC101927141,0.006622536620376707,0.19201989158320626,0.3424721228532397
REG3G,0.0036723127422702007,0.19208957090972287,0.342512045433513
RPS4Y2,-0.037861465690752105,0.1920794572022396,0.342512045433513
TTC41P,0.005430171935641326,0.19216032144053508,0.3425960236022538
PTCD2,0.01006260117572566,0.1921875363758335,0.34260237253754733
LOC102725126///FRG1HP,-0.019591532975768544,0.19227112639211075,0.34269117564891927
DCTN4,-0.01729950541379921,0.19228467167210486,0.34269117564891927
SULT6B1,0.008152598322511473,0.19232015367397812,0.34271224234915093
YWHAB,0.020705846084110746,0.19247973145965072,0.34295441388382103
TANK,-0.011267670704630639,0.19253415153205503,0.3430091821390264
SNORD35A,-0.005541310499368457,0.1926765424564038,0.3432206421028844
COMMD9,0.019856286340283802,0.1927779307187098,0.3433590197405057
TIGIT,-0.012930510021105235,0.1928069201591934,0.34336842881910207
PRAMEF9,0.00818509642213705,0.19300989164548893,0.3436876408400863
SMARCA1,0.0036656853626411134,0.1930631911504226,0.34374029018103514
KCNC4,0.0070883302179902685,0.19338382210412244,0.3442688396455395
ST6GAL1,-0.013577855907461966,0.19344588270997062,0.3443079501636261
CLEC5A,0.01171817997993152,0.1934533346058816,0.3443079501636261
PMM2,0.01696565567305086,0.19351670376268587,0.34437841716411627
LSM6,-0.011386468467359023,0.1936648792079542,0.3445997678683057
VWA1,0.005501659470914078,0.19383998550912152,0.3448689780265466
FAM19A2,-0.004025675380265881,0.19391754195835018,0.3449395765694232
PITPNB,0.013171568297027036,0.1939272971558142,0.3449395765694232
LRRC75A,-0.008949994243693915,0.1940543108491922,0.3451231137450515
APLNR,-0.004587866590286538,0.194102406728664,0.3451466154235298
NR2F2,0.006712216713277819,0.19411518428887556,0.3451466154235298
MSANTD2,-0.00792043774412754,0.1941940173509228,0.3452444025175851
CFI,0.012447738432104671,0.19422582717340697,0.34525857643343477
LINC01326,-0.00690652413855819,0.1942546242705298,0.3452673920645912
RNF180,0.005705860904416049,0.1946382057834169,0.34590672056036936
MAMSTR,0.008115702007719605,0.19492309414931933,0.3463705184221251
CHD1L,-0.010658233698857877,0.19501449544875832,0.3464904259175436
DSCR4,0.01050088210466349,0.1951300975776495,0.3466532973524684
PRKAG2,-0.007092709463589308,0.19525243252984134,0.34682808839369905
MAST2,0.012088769346635608,0.19554056562800692,0.34729730871318854
CXorf21,-0.00798974895800253,0.19558111093118613,0.3473267301038867
MSTO1,0.010296496163312518,0.19563091503047486,0.3473725846881694
ZBED6CL,0.010960228688769114,0.19592187472812733,0.34784658415815106
CAND1,-0.016112385310819377,0.19604725345300844,0.3480265251885493
INPP5E,0.019654050083130592,0.19635885306025536,0.3484942565524738
CCDC85C,0.011373117482397,0.19635584240052348,0.3484942565524738
KANK3,0.0070142867588876,0.1965331942248114,0.3487609391267053
NOMO3,0.007914852456397448,0.19669936978410213,0.34901306773893603
MIF,-0.03282925874650644,0.19678044222669602,0.3491141505648536
YY1,0.022948497604161844,0.19682392465891063,0.3491178732449963
PEX12,0.006201403535989414,0.1968307479231317,0.3491178732449963
PPP1R15A,0.03416354706360636,0.19691944375765158,0.34923242602985494
TOMM20L,-0.004347676148200641,0.1970704219216484,0.34945739362306016
ZNF280C,0.011281568783537033,0.19719237570358558,0.34961459145577584
MSLN,0.024151576110640782,0.19720734687887934,0.34961459145577584
GRB14,0.007605604741097061,0.19728732165938648,0.3497135683410297
DDR1,0.013588419223073522,0.19738414672008248,0.3498423863306014
ILDR2,0.0065435164041538485,0.1975772382778642,0.35014149824832314
SPNS3,-0.016814599098416316,0.19760125702028397,0.35014149824832314
TUBA3E,-0.005510366021566071,0.1978028991572851,0.3504559255527972
MIEF2,-0.00491927318480645,0.19820642046215994,0.35112791022185963
MED11,-0.009551537397167742,0.19831342272857885,0.35123336592734244
OR4A16,0.007554340621722666,0.1983219913254553,0.35123336592734244
WBP1,0.01873354871144617,0.1983386978679739,0.35123336592734244
POU6F2-AS1,0.00750294804241225,0.19837323458574568,0.35125158065280443
MLLT11,-0.01593218696965426,0.19842057660251353,0.3512924619864083
LYRM4,-0.011305216717669708,0.19851958051554003,0.3513818409125115
AP4B1,0.021117474311347806,0.19850607237725568,0.3513818409125115
OR11H1,0.006261555252785378,0.19874906123872582,0.3517450394650177
NDUFB10,-0.029824683910455008,0.1988707792427656,0.35191745467956226
RNASEH2C,0.010389359494614503,0.19891251851607375,0.35194831641666413
GLDC,0.007918983171599336,0.1989675077882674,0.35200261179983694
CDC14C,0.009686804188790532,0.19901225732243608,0.35203878053959015
METTL26,0.013126355386703814,0.19907172499171322,0.35205798104761593
SPRY1,-0.0038704178025810165,0.19905701696889339,0.35205798104761593
PXDNL,0.005013473462013529,0.1991251183783699,0.3521094145516188
TRABD2B,0.007933764528296194,0.19925706512616045,0.3522997230575327
IFT172,0.007098068928319101,0.19930851810133868,0.35230870193249547
NIN,-0.014414345398571449,0.19931079146885305,0.35230870193249547
HDGFRP3,-0.004962178991017474,0.19936006184575442,0.3523210393635828
AGO1,0.01643960664353905,0.19936642078320385,0.3523210393635828
KLB,0.010735709551179085,0.19943399937283196,0.3523650402997476
RAB23,-0.005009948430568123,0.19943997517103912,0.3523650402997476
JPH4,0.005681093031588702,0.1996087965993623,0.35248517518378114
HIST1H4J,0.006610182853639124,0.19962593207345494,0.35248517518378114
SETBP1,0.017571907034770184,0.19968476588467118,0.35248517518378114
LOC105369911,0.008486054316671598,0.19970266138898843,0.35248517518378114
GIT1,0.013456087654866167,0.19969841821008094,0.35248517518378114
CDCA5,0.012071927145010264,0.19965672962281378,0.35248517518378114
HGF,0.0046131444860897375,0.19958347898708967,0.35248517518378114
CSTA,-0.020243912360016658,0.19959218522177669,0.35248517518378114
HIST1H4H,0.021987773304729785,0.19985245035064975,0.35262064695807177
SEMA3F,0.006850830535393371,0.1998431337893027,0.35262064695807177
FAM83F,0.04674764593714098,0.19982680637717515,0.35262064695807177
TPCN1,0.006555321281134674,0.1999771369760108,0.3527136130346309
OR8H2,0.004385306941818712,0.20002427519746244,0.3527136130346309
OMG,0.006782518532614468,0.1999792346153089,0.3527136130346309
ACYP2,-0.007188806950137128,0.19998647367800215,0.3527136130346309
SHISA4,0.010324241924442923,0.20004015797415461,0.3527136130346309
RFX4,0.004600407573718712,0.20005125180057254,0.3527136130346309
ATF2,-0.008727745257175457,0.20018680202596528,0.3528666959406208
BHLHE40,0.03140718915392604,0.20017822518713976,0.3528666959406208
NRAV,-0.006284463310970878,0.20036028636397107,0.3531295190673834
DNAL1,-0.005742188677911209,0.20044926475592859,0.35324335694425957
ITGB5,0.02463332816723618,0.20049546655092604,0.3532817928860843
PLEKHH3,0.006622136946783819,0.20054897087850282,0.3533113802327337
LOC284379,0.004291140686957462,0.200561044481741,0.3533113802327337
ADAT3,0.01144011328462291,0.2007620077579971,0.35362239089952935
CEP120,-0.0072713178192769234,0.20081518247372174,0.3536730426738066
HNRNPAB,-0.014871537480020791,0.20085476764310042,0.35369975131217835
PAQR3,-0.010313412343964323,0.20102055511206893,0.353948665237443
HMGN2,-0.02154470227801042,0.20113444521231003,0.35410615102164805
CCDC184,-0.00567313193943253,0.20115974836947428,0.35410765622064483
GCSAML,-0.007190147641662037,0.20123907091951876,0.35420424148721713
FCGR3A,0.032844041396313806,0.20133286738198203,0.3543262759611941
SCRN2,0.009143905807862396,0.20136612163497952,0.3543417453239027
PDCD2L,-0.011717193168201412,0.20140104501653985,0.35436014771860586
TMPRSS12,0.007119961669610042,0.2014736646999553,0.35444486329577957
KATNBL1,0.014254844103506414,0.20189730994953592,0.3550834074967516
PLPP2,0.00787976497674503,0.20188430368185206,0.3550834074967516
GNG10,-0.03509630437583944,0.20191017289030974,0.3550834074967516
EIF2B1,-0.018860551323356844,0.2021641080335722,0.3554868205363919
GPRC5B,0.01017846853065496,0.20228664336933844,0.3556591093179774
SYT2,-0.003912026186035256,0.20245623597283394,0.35591408202822267
FANCL,-0.00796659753561535,0.20270913226479004,0.3563154213256334
POC1A,0.010532482156587086,0.20294750899389885,0.3566478670550389
EIF4A3,0.01916186160603317,0.2029436499788368,0.3566478670550389
MRPL23,-0.023243131500288783,0.20308777028698446,0.3568510572408932
LOC390705,0.006646117805031437,0.203497993099912,0.3575284973385645
UHMK1,-0.02772689252442362,0.20363935879033201,0.3577098291526962
CFAP161,-0.008626720685909639,0.2036505972930912,0.3577098291526962
LINC00599,0.010368541290734612,0.20371159152113572,0.35777357725137987
MLLT10,-0.011056800711107151,0.20381172141660983,0.3579060345536102
CAPS2,0.01590245233863552,0.20397687543573514,0.35815263229617983
LIX1L,0.013335338127254737,0.20415853194715503,0.3584281426330416
PPP5C,0.012779849903253648,0.20430551362223884,0.35859925585367275
EFNA1,-0.005647090133503063,0.20428853678571177,0.35859925585367275
TACR1,0.005761743602721303,0.2044301471079631,0.3587745366184099
MRGPRX2,0.005652362800733002,0.20462940160353338,0.3590807187818727
MAPK8IP2,0.007107186224790674,0.2047306818302867,0.35921492375891856
KCTD15,0.009601243000922466,0.20476200430315666,0.3592263651074275
ITM2C,0.030078197410349006,0.20496676527179933,0.359542040474354
GSTM3,-0.013183770894058533,0.20499986487774838,0.35955655641672407
PRR5,0.0325130925945718,0.20512836088054848,0.35969000698155973
STK24,0.009457552989470486,0.20515045206259772,0.35969000698155973
ARID5B,-0.029357922649272616,0.20512281502798724,0.35969000698155973
ADCY9,0.01007161077779628,0.20526405037382517,0.3598456191738663
TSPAN15,0.007179881825726042,0.2054218002821736,0.36007858589943154
USP9X,0.011647797317525743,0.20558823063513162,0.36026411353415294
COQ10B,-0.02844970569745442,0.20560226197689233,0.36026411353415294
PVR,0.008669853173815412,0.20559940511226846,0.36026411353415294
CYB5D1,0.011407823210137558,0.20567498345110616,0.36030436143031225
C11orf24,0.010517644023241957,0.2056671486402311,0.36030436143031225
ZMYM2,-0.01184512966714557,0.20571909024957186,0.36033804609684345
DCANP1,0.01154020691773372,0.2058486659101355,0.3605214119761067
HDAC1,-0.027744273921481266,0.2059239586759448,0.3606096744604503
MDFIC,-0.012219159663051649,0.20594886065575133,0.3606096829953944
ATRX,0.008673403614689157,0.20602421647518285,0.36065442971072614
RUNX2,0.012189567312653082,0.20600327790890213,0.36065442971072614
SRM,0.022673795172604372,0.20606791457674942,0.36068733229361194
RAMP2,0.01789249806485227,0.20619085675538382,0.3608589136352078
TRIM44,0.020436044337484915,0.2063688431601703,0.3611267759250823
SLAMF9,0.005913994569190173,0.20648536210309806,0.3612870240035362
STKLD1,0.006580307112428407,0.20663581052193677,0.36150659253529804
HNRNPUL1,0.018187937080860195,0.20676712819231383,0.36169264308423593
JRK,0.007816120193774978,0.2068189330487807,0.3617395756887501
TMLHE,0.008579876477611492,0.20693456260033416,0.3618544252931595
SHARPIN,0.04071289909149289,0.20691401325190165,0.3618544252931595
DACH1,0.005298750731852486,0.2071200407845568,0.3621350399231677
SRGAP3,0.0049541807014295,0.20730011855224073,0.36240614569832885
EFCAB6-AS1,0.006220024238039024,0.2073777878463205,0.3624981751346978
CLEC2B,-0.023294438375574877,0.20761453820830675,0.36273690849325874
TMIGD2,-0.005767514788835193,0.2076121051217658,0.36273690849325874
EXD2,0.01113724452941689,0.20756270010604097,0.36273690849325874
CEP68,0.014493072097312876,0.20759091544814023,0.36273690849325874
SERPINE2,-0.01561528347358987,0.2076970902878378,0.3628373725399883
SLC35B4,-0.009156811983997315,0.2078624180249325,0.36308240022589505
NPTX1,0.005308745275491411,0.2079223873240963,0.36314335680721216
TMEM71,-0.0426561897227522,0.2079895975872423,0.36321694374892904
FAM65C,0.021373223325253043,0.20803199662916994,0.36324718977418896
EID2B,-0.021717525450078767,0.2080706845994848,0.36327094934172344
FHL3,0.03890202426153344,0.20828275013299008,0.36356087778322865
HDAC11,0.010526646121849836,0.20828694862228883,0.36356087778322865
KLRK1,0.008124451521998033,0.20855512998591164,0.36396292563898947
STX12,-0.01237762510931173,0.20856754230900393,0.36396292563898947
LOC105379183,0.007477397345125425,0.20864950309061808,0.36406208923798483
PNRC1,-0.00816238757305321,0.20868019946705985,0.3640717910239575
LRAT,-0.00646236405263334,0.20872410636319064,0.3641045352962126
GFRA2,0.017301353834856315,0.20897527734264865,0.36441101818335214
MICALL2,0.005248484279804622,0.20893777964151836,0.36441101818335214
CELF2-AS2,0.005809338216649529,0.2089625435244652,0.36441101818335214
GPX6,-0.007141986136567802,0.209005021791321,0.3644137035358522
ATP6V0D2,0.008224593601454444,0.2090271367699434,0.3644137035358522
U2AF1,-0.01271591937660066,0.20908274510418504,0.3644667806100633
VSX2,0.009537716263087859,0.2091893081559355,0.36452092629097327
ITGA2,0.006172838856917551,0.20917359565703605,0.36452092629097327
KRT73,0.025843639291013965,0.20913995470871088,0.36452092629097327
ZCCHC11,0.015169073410831402,0.20923493641713134,0.36455657633414296
RBM47,-0.039286143466894075,0.20933588555794633,0.3646885935074927
TRIM54,-0.004356997556066666,0.20937849164571312,0.36471895045057234
SLC44A5,-0.0047848233337886015,0.20963387244267054,0.3651198903871621
MYBL2,0.008866786047196484,0.20977510711821754,0.36519993909083576
TRAF5,-0.009485644176508323,0.20976551916151975,0.36519993909083576
POLL,0.027921973781251275,0.20978068856916277,0.36519993909083576
PAPOLG,-0.007740064112621958,0.20973087787430209,0.36519993909083576
EMC8,-0.011903926821250188,0.20999497589238825,0.3655290506940694
BROX,-0.005399938760270118,0.21012875935817138,0.3657179705051375
PIP4K2B,0.004617435396968794,0.21020956792027468,0.3658146559842916
WHAMMP3,0.0031100897077802614,0.21024783708222564,0.36583729845013885
MANEA,-0.006313072527029284,0.2103811475830823,0.3659340831158237
ACOX2,0.005742978021383571,0.210366809514449,0.3659340831158237
SOAT2,-0.006710764333479169,0.2104045183781124,0.3659340831158237
BDKRB2,0.009098822826731023,0.21033554899308834,0.3659340831158237
SNTB1,-0.016715468871243644,0.21049986597249729,0.36605595614667436
R3HCC1,0.014569415463817847,0.21056790464167333,0.36613031582593
ZNF567,-0.0063364824713811885,0.21070431904318443,0.36619166750917725
TSTA3,0.0385469170299384,0.21062965450286528,0.36619166750917725
MAP3K9,-0.009360003085514101,0.21068186769168404,0.36619166750917725
ADAMTS6,-0.006128835944838151,0.2106772163431471,0.36619166750917725
CD40LG,-0.019254693846994186,0.21086417156142812,0.36642551420464603
LSM4,0.019737819061653283,0.21094771126084605,0.3665267094412301
CXorf40A,-0.008803112172094174,0.21134481064685212,0.3671726325307672
EDDM3A,0.008944536539520875,0.21139177720435545,0.3672101824211903
IFI27L1,0.007817321032928426,0.21147797338746877,0.3673158611996759
LOC642852,0.007400191235209519,0.21172809769573278,0.3676621228899405
PTRHD1,-0.011232929523888657,0.21171668032473182,0.3676621228899405
NHLRC3,-0.01447051674100841,0.2121312508874082,0.36827388683365936
ACAA2,-0.01755905980636907,0.21210923086750544,0.36827388683365936
LENG1,-0.009008572515647906,0.21221315604147672,0.3683285358650902
HEBP2,-0.03580440277793784,0.2122135896019178,0.3683285358650902
TGFB1,0.005584185272235587,0.212243392596908,0.3683361248949935
KDM4C,-0.00798060015371238,0.2123398843774975,0.36845943276909954
CPXM2,0.007426203880798177,0.21240511843170828,0.36848433768892835
CEP83,-0.006078874315386784,0.21240054790166057,0.36848433768892835
PCSK4,0.006249057204691155,0.21258348048365058,0.3687495965658916
KIF1C,0.008161930306728848,0.21273333297339594,0.36896534484333215
SNX21,0.006222789738719925,0.21289005416803208,0.3691929531333545
WDR77,-0.011457772826968693,0.21300696774386219,0.3693072684704453
AP1AR,-0.004120072937304542,0.21298974731865208,0.3693072684704453
MRPL49,-0.012164037959048635,0.21305301870757143,0.36934289921729074
S1PR2,-0.005710589268814736,0.21311590388011112,0.3694077012684932
INTS2,-0.012542923049358556,0.21324061591059268,0.36957964351430234
GRM2,0.015208212567581647,0.21331798407276747,0.3696287802088419
TRNAU1AP,-0.005508444998355344,0.21334552627353756,0.3696287802088419
ZNF566,0.00622576693306609,0.21333410738951783,0.3696287802088419
L3MBTL3,-0.005867391213373985,0.21347340163389467,0.36980609368081935
MGAT5,0.014890666000493269,0.21361616771913117,0.3700091572881961
TBC1D8B,0.005012375065253316,0.21366361874987944,0.370047094819234
HINT2,-0.018127503206806672,0.2137729850139334,0.37019224234120174
LOC101929054,0.006884712796074943,0.21382139712174525,0.37023181301988745
CPLX1,0.006870632734184312,0.21392145376378513,0.37033862200953127
DNTTIP1,0.02554175596404562,0.213934220543617,0.37033862200953127
C3orf22,0.008139392358469166,0.21402619513286558,0.3704535624168768
RRAGA,0.018292349420915954,0.21413803647295943,0.3706015107649364
SERPINA5,-0.005468294490144743,0.2141628448703754,0.3706015107649364
PSENEN,0.028338644116611356,0.21442164174689238,0.37096070939584197
SMIM12,-0.009697243993244342,0.21440192696526691,0.37096070939584197
LILRA3,0.06044284241388098,0.2146810724745239,0.3713651801888217
AKAP5,-0.005067184401430502,0.2147357639479826,0.3714154293076881
VPS51,0.032154627839906524,0.21477005906227672,0.37143039229349445
TTTY11,0.004803595115553172,0.2149670773382569,0.371726736887215
BLOC1S4,-0.015994725733638582,0.21516533835847307,0.3720251594585322
PSD,0.005519679770820574,0.21525955929534918,0.372143644883485
FMO6P,0.011189893837791232,0.21532998640638523,0.3722209718474858
TPTEP1,0.005941542168319103,0.21548655687299884,0.37240273114765726
MFAP3L,0.006862522638739321,0.2154805880954878,0.37240273114765726
MAP7,-0.012389199526459116,0.21556677368799881,0.3724969160220681
ITIH1,-0.00875751785113632,0.2157210748264415,0.37271908001743753
VAV3,-0.021286347333792754,0.21585682100684375,0.3729091359092468
TTTY23B,0.005130680387945397,0.21596270204877943,0.37300307375083724
SYT17,-0.007449402098933078,0.21595625878796137,0.37300307375083724
RBPMS2,0.03572188407789323,0.21600202110223846,0.373026502163446
TIMM10,-0.042673279372650974,0.2161753724723027,0.3732813656281393
FXYD5,0.020381310642285655,0.21633187278171184,0.3735070741888562
CFH,-0.005865498657326995,0.21654466990538135,0.37382991643737107
ARL3,0.007707864601560921,0.21659994501868043,0.3738807774580583
SLC6A11,-0.005869183937306843,0.21679067585137618,0.3740529521383833
USP37,0.01135806722724464,0.21674587900062353,0.3740529521383833
NTHL1,-0.013277023045980663,0.21682881705011503,0.3740529521383833
PANK2,-0.01475398902339009,0.2168197038748452,0.3740529521383833
CDO1,-0.005625728466361224,0.21675995857786665,0.3740529521383833
ZSWIM6,-0.024594180670347576,0.21689566949226902,0.3741237200102447
DCTN5,-0.024162203500591062,0.21696274432897264,0.3741948545916694
IKBIP,0.012679868465380828,0.2170552986993026,0.37430991146097137
SHCBP1,0.030342036917126336,0.21712919667831235,0.37439277198674714
JMY,-0.006623231868250201,0.21722836331167905,0.3745191779795691
GTF2I,0.005816328883979871,0.21729978676116773,0.37459772809435293
THEG,0.006280367415203436,0.21736185761610533,0.37466013872565385
IL2RB,0.041794978875053346,0.2174674237836514,0.37466375235903493
NCKAP1,0.003909884339945435,0.2174462116392302,0.37466375235903493
ARRDC5,0.022076213878930773,0.2173963869599362,0.37466375235903493
SCRG1,-0.004439039633612474,0.21743984939002073,0.37466375235903493
LACC1,0.006921481546552144,0.21774500760050797,0.3750081676677476
LAP3,0.042069140097142466,0.21772524237638435,0.3750081676677476
SORBS2,-0.003718819511851379,0.21773726017232098,0.3750081676677476
JAZF1,-0.030024975040304547,0.2177820410407435,0.37502735494401723
LIN7C,-0.005420930213250408,0.21805659959800267,0.37545551457173926
KCTD9,-0.012040792411187162,0.2181136374415714,0.37546445503966247
RIOK1,-0.006668578583705731,0.21811243490257823,0.37546445503966247
ABCA5,0.0042156495887164525,0.21816129039655027,0.37550185740981984
TTC39C,-0.01688730675282457,0.21823396178222457,0.37558230780106233
CLCF1,0.013303740080647053,0.21834630515540573,0.37573100675667065
OTOR,0.004851289484920862,0.21851136813890848,0.37597037967735214
SF3B1,-0.015467364862027821,0.21854197163112724,0.3759783723845168
B3GALT5,-0.0055478362487138,0.21859632123926218,0.37602721102487807
RFPL4A,0.005067635913366786,0.21862526084993963,0.3760323332324576
NRGN,0.0697902166976867,0.2187415627328398,0.3761876982453635
DLL1,0.006960817278242715,0.21885692476605687,0.37626408942727463
TXLNG,0.007235445523095407,0.2188639155913276,0.37626408942727463
LOC100420587,0.01023030197960395,0.21885119215666085,0.37626408942727463
PTPN18,0.008768228947671375,0.21896624298238423,0.37639533151636045
TMOD1,-0.0651049989422976,0.21906630614458816,0.37652265078891833
BCL10,0.007522694388327089,0.21919145382271035,0.37669304902327205
ICAM2,-0.028010793707720083,0.2192837525243023,0.37680696067884617
GAPDHS,-0.00592846584726292,0.2195056353500115,0.37714349020279553
CREBL2,-0.010093563001269956,0.2196649907707794,0.37737252121029163
NAP1L2,-0.004983438551945163,0.21980600453168395,0.3775699916552313
HOXD11,0.009844961401271668,0.2198698045832807,0.37759002247856743
TULP4,0.006557842361314847,0.2198675208944427,0.37759002247856743
PTDSS2,0.013372423230872066,0.22017712197606149,0.37807296202741847
UGT2B11,-0.005127093542868444,0.2202349888939816,0.37812749871271095
FAM120AOS,-0.01336004718638062,0.22042439130134367,0.3784078325955507
CACNB1,0.005137113582463826,0.22057008865732491,0.37860551089200944
LTN1,-0.013345577046416146,0.22059181900149596,0.37860551089200944
TRMT6,-0.006961631661814849,0.22074714177647614,0.3788272039680664
C2orf42,0.01658196147376856,0.221018167813806,0.3792473809519211
XAF1,0.03986293184622269,0.2210747749031995,0.3792995782632008
CMPK2,0.018731931732284934,0.2211597751627496,0.3793835991519735
SCMH1,0.004098953303377506,0.22117613305987738,0.3793835991519735
SCRN1,-0.02194355047720098,0.22128247749518679,0.3795210661977839
ATP6V1C1,-0.014149584971772988,0.2218860045125312,0.3805111164290199
PECAM1,0.030572290290349358,0.2221674075796349,0.38094858901188966
CNST,0.0278496425270518,0.22237739511256666,0.381263516904642
TBXA2R,0.004980179500445381,0.22242703854460252,0.38130349464789004
C10orf12,0.008584692074055766,0.22250448132829964,0.3813911133206026
SYNC,0.004610077003080804,0.22256880560189762,0.38141605002981216
SLC4A7,-0.02262516911769552,0.2225716966895866,0.38141605002981216
CXCL1,0.013057476548834934,0.22262908088314498,0.3814692544080766
CNIH2,0.007101503255142028,0.22268459844726998,0.38150985486291766
ZIC2,0.005298756586261,0.2227054558730992,0.38150985486291766
IGSF11,0.0074322149848207175,0.22323644384029173,0.3823742493593644
AACS,0.011250871163096754,0.22326431706972677,0.38237677290267497
LOC100506136,-0.008135803208892511,0.2233817010485132,0.38253257956806164
PPP3R1,-0.03547051851960781,0.22363484194329833,0.38292080041455645
KLHL9,-0.025202541523934308,0.2238690677121152,0.38327654571421715
EIF2S1,-0.011523379542903278,0.223913935032383,0.38330805283170255
RBBP9,-0.007568151679320678,0.22396300645948844,0.38334674847071976
HSF5,-0.004977779045988839,0.22399072779177476,0.3833488953487021
FBXO33,-0.030303721285754648,0.22433884534754397,0.3838539676330569
SNN,0.023690811305969284,0.2243373795834982,0.3838539676330569
TMEM99,0.007937596893265564,0.22463992236791913,0.38432372260535563
SMARCAD1,-0.012414668356288239,0.2247158657870785,0.384408243777022
KIAA0355,0.02005785958560402,0.22478177641719238,0.38444286439365555
LINC00853,0.007693280725301399,0.22478918935030856,0.38444286439365555
CPSF4L,-0.007149090653959078,0.2249294544876232,0.38452927542852283
PCDHA9,0.004810211769096462,0.22489296537296322,0.38452927542852283
KLHL13,0.004737991370035388,0.22496848506949133,0.38452927542852283
OPN3,-0.00967582564807401,0.22492084451814912,0.38452927542852283
MRPS12,0.008368719628202292,0.22497245788327136,0.38452927542852283
ARHGEF10L,0.006787115959775214,0.22500489357287548,0.3845393366972895
SPSB2,-0.017782655403223657,0.2251360103332741,0.3847180242646463
RFTN1,-0.028157336986945225,0.22521050269718687,0.3847545318549251
MSMO1,-0.0078028485194030495,0.22518516547023995,0.3847545318549251
TRIM15,0.005197858349285767,0.22535846090922426,0.38496189972982714
PDE6B,-0.008264705949172502,0.22545700294679658,0.3850848149388445
PCGF1,0.01218683725085068,0.22549780609456788,0.385109093676892
C6orf118,0.005197544873240645,0.225543925724888,0.38511406336355686
OR6C2,0.004282450851664343,0.2255608327147228,0.38511406336355686
LARP4,-0.00899966446058098,0.2255804828484132,0.38511406336355686
UMODL1,0.0038418965215960554,0.22561865642591333,0.3851338385000505
PROP1,0.006667421260858397,0.22575247744169746,0.38531686109657626
FMNL3,-0.004277545188098308,0.22579786244742678,0.38534891477418753
APOPT1,-0.01629478534314366,0.22588809880865282,0.385457495657932
TRUB1,0.005199190083232885,0.22598145136951459,0.3855117861447161
LMNB2,0.015360906298834465,0.2259590284519766,0.3855117861447161
DDI1,0.007995790142478754,0.2259997636119017,0.3855117861447161
PSMB8,0.01448679768160055,0.2260763964482836,0.38559709446030843
PEX6,0.021000786914889602,0.22610413665509405,0.38559900097873334
TTPAL,0.011936030400809372,0.2262585973994957,0.3858169913744167
IL27RA,-0.024208059517617286,0.2264543374613647,0.386105311805816
METTL21A,-0.01778717845228961,0.22659756128896988,0.3863040345703201
CSTF1,-0.00327064716940928,0.22695080836735382,0.3868607165343948
BMP6,0.016024576848600702,0.22706470400774115,0.3869546293531192
IRF8,-0.032358254557772526,0.2270860500898587,0.3869546293531192
RIBC1,0.007244626175785029,0.22707971963528073,0.3869546293531192
HAUS4,0.02581917041513293,0.22715379693720625,0.38702453768244854
ARHGEF39,0.0036328599346022727,0.2274147464878079,0.38742356952827683
PCGF5,-0.010803230408408027,0.22747572319389173,0.38748187401391604
STK38,-0.020765167546406005,0.22773951281280694,0.3878399886632211
G3BP1,-0.00979767627840733,0.2277358955247227,0.3878399886632211
C1QTNF9B,0.008070881887921821,0.2279020689124389,0.38807119282009933
MATK,0.01773579746936349,0.22793823213756398,0.38808714638303476
SRI,-0.010224809284656189,0.22808224909619368,0.38828670614824506
NEUROG3,0.00880261392866366,0.22828692103153572,0.38858946576810005
CPLX3,0.004814854117191736,0.2284317043961605,0.38879022402749575
TMEM9,0.011435406734399578,0.2287274182826061,0.38906493557313754
IRF5,0.03278639613119694,0.2287135659855664,0.38906493557313754
GTF2IRD1,0.006163022850594224,0.22872560498547456,0.38906493557313754
PTPN22,-0.0176525435290964,0.22869823372148437,0.38906493557313754
ZNF230,-0.009476102318370039,0.22867326936468393,0.38906493557313754
NETO1,0.00501200664726742,0.22876478316898105,0.3890827993681918
CMTM8,0.029949526151313854,0.22883384728688305,0.38915456664356163
MAD2L1BP,-0.012686421295934558,0.22886225214634678,0.38915718009951716
ABCC11,-0.00745073528849538,0.2290098135834499,0.3893623829020646
DHCR24,0.007262055389188227,0.22939638480986588,0.389973854176772
DEFB128,0.005038457674792163,0.2294561186320967,0.3900296235497346
KCNQ5,0.0036743614895149435,0.22963364880864034,0.3902657444641837
FAM58A,-0.01761065800732542,0.22965926862089134,0.3902657444641837
CD5,0.027749904204986464,0.2296758634225837,0.3902657444641837
DCAF4L1,0.014346900822959974,0.22974617323188154,0.3903394220634102
SLED1,0.006299323143370117,0.2301007221394766,0.39089594879992723
SPDYA,0.0028749331204744877,0.23020912298944743,0.391034236821761
C19orf44,0.006275155609565708,0.23035525115706532,0.39123656868655415
HS3ST6,-0.0059484076047588985,0.23038853075737944,0.3912472129780612
TACC1,0.020630676094540945,0.23062167192334734,0.3915972211181434
NAA30,-0.007231462104360986,0.23075991037371796,0.3917860206134018
RPUSD2,0.018208495004266467,0.2308904683061221,0.39196173733542805
NETO2,-0.00869871497693886,0.23094908107849785,0.3920152924341923
PRG2,0.007499889412467375,0.2310204945434187,0.3920905604601449
LOC645752,-0.004974134308100453,0.23121207396142326,0.39236973394929753
IQGAP3,0.010653883304465595,0.23125166657990207,0.3923909487749885
CTU2,0.005940098703290708,0.2318024026401386,0.39309518789834536
CCDC107,0.011094866044917495,0.2317771234330983,0.39309518789834536
MEF2A,0.008374665950725557,0.23173135856428823,0.39309518789834536
BRK1,-0.022803410942758617,0.23176556702890563,0.39309518789834536
ATP6V1B2,0.027189433732688784,0.2318014233458216,0.39309518789834536
VSTM4,0.0063055709651997915,0.23205092812597192,0.39347057398461455
DLK2,0.004936817130541726,0.23209816157872304,0.3935045970158287
SNX16,-0.008661272700059008,0.23221988489796921,0.3936648891458551
CD207,0.005205302159122738,0.23237385205607838,0.39387979791459793
BCL2L11,0.00406903119358315,0.23245560765593518,0.39397227021864795
TTTY5,0.003345270999544958,0.2328441622447315,0.39441502542035667
CREG1,-0.0415753804284833,0.23285300209675988,0.39441502542035667
KIAA0930,0.0059925307435113595,0.23280557844457214,0.39441502542035667
LGALS3BP,0.01668297957626308,0.23279399405717485,0.39441502542035667
GRINA,0.05902325813009135,0.23274922974948448,0.39441502542035667
KCNIP3,0.006993467414829979,0.23300711434617596,0.3944994456739515
PROS1,-0.022976923766758084,0.2329832684873694,0.3944994456739515
AKR1C2,-0.0031658303107517938,0.23295098396052802,0.3944994456739515
ITCH,0.012897947463498483,0.23303833792795905,0.3944994456739515
TRPV5,0.004398787573218321,0.23303902631775264,0.3944994456739515
HSPB3,0.0061978205719803725,0.23312183292406646,0.3945935056763093
C17orf64,0.008723128961459992,0.23326013931057044,0.3947485167395413
PGM2L1,-0.012624171344084445,0.23326792010312994,0.3947485167395413
OR52K2,0.007796803681735298,0.2333544263340937,0.3948487746522212
HSD3B7,0.008222596236534763,0.23338985051059358,0.3948625855385396
DROSHA,-0.008330335020088064,0.23359591660658308,0.39507277628792026
KLF13,0.021139183869491873,0.23357642604026976,0.39507277628792026
PUS1,-0.009017626565944958,0.23358451854924087,0.39507277628792026
ATAD3A,0.010549167356725064,0.23372040311268782,0.3952371650536101
ERP44,0.008367072367970074,0.23392826825834978,0.39554249795166213
UACA,0.005833231228685065,0.23410491012962842,0.3956958456315134
KCNJ10,0.025614580349765603,0.234128237852946,0.3956958456315134
HIST1H1T,-0.00361835695403645,0.2341068614902313,0.3956958456315134
GGT7,0.005081823672838048,0.23411366964605634,0.3956958456315134
GDAP1L1,-0.005534014535249376,0.2341716197042289,0.3957229891256623
MAGED1,0.011568876948723883,0.23420278798387056,0.39572948916919987
EDF1,-0.01805982715366561,0.2343616364002632,0.3959517020437901
CBARP,0.01562817566860275,0.23441845775451015,0.396001509460733
SPATA5,-0.004970612710170741,0.23452509349986753,0.3961354465600095
FARP1,0.006163239643735885,0.2346062190727415,0.3962262683126852
XPR1,0.00831772228328198,0.23466522653599245,0.3962797179838306
BCYRN1,0.031777449983412254,0.23475430498454788,0.39638393021638973
HPSE2,0.004496717845738019,0.23483134884925383,0.39646780006208093
PHF8,0.006630874669800058,0.2348784296468234,0.39650106934785434
S100A4,0.022107743418999348,0.2351661421429768,0.39694049677180704
PPP1CA,0.019607239419729083,0.23521029075277555,0.3969687545168027
MGAT5B,0.0046536125517713245,0.23528332804520252,0.3970457559602369
MSH3,-0.015260882330776937,0.23547592343110976,0.3970931744063563
JAG1,0.007050552166587565,0.2354087599296358,0.3970931744063563
HYAL1,0.0030292914733038856,0.23545779175008072,0.3970931744063563
MMP8,0.00578416745564958,0.2354113231842979,0.3970931744063563
OLFM1,-0.01628775964292828,0.23538187437015134,0.3970931744063563
GDPD1,-0.01002362054811723,0.23542137976213828,0.3970931744063563
AMY1B,0.005637728569008793,0.23577428620868818,0.3975500304361629
CCDC85A,0.004375466273900841,0.23583451509944195,0.39755902196232745
TBC1D17,0.016304599376885776,0.23583347135856655,0.39755902196232745
OR5A2,0.0064558364432532045,0.23589972326698183,0.39762266866041723
SRPK1,0.030133219815887458,0.23595845350001593,0.3976507106244056
PLAU,0.008397887742633614,0.23597126883573366,0.3976507106244056
RRN3P1,0.015629928231912338,0.23619739324625563,0.39795466856098416
WNT6,0.006472415717342805,0.2362065924895596,0.39795466856098416
TM7SF2,0.01898623981644576,0.23627653652302627,0.398026210165098
MAMLD1,-0.009772896957328747,0.23653750984498143,0.39837317355752455
CPT1A,0.00559969964748408,0.2365175686913042,0.39837317355752455
MECR,-0.004778885778035757,0.23657890805122636,0.3983965706561984
SLC48A1,0.03914162452181458,0.23664447521656778,0.39846065787453705
AP3B2,0.007551543995766075,0.23669709778276493,0.39850293668319975
ZNF48,0.006492811633837192,0.23690469019000404,0.3988060823700626
LAMC1,-0.010022728377176549,0.2369653688741875,0.39886187132756906
GLTSCR1L,0.019299191342764033,0.23710518764097963,0.399050841016959
TMEM255A,-0.006999168816890666,0.23724302709936415,0.3992364359831754
HNRNPK,0.016637533866793675,0.23753680140865494,0.39968436705424704
ZBTB11,-0.011289884729144717,0.23770161623215716,0.3999152293537651
CYFIP2,0.017498900017423935,0.23776992601815183,0.3999372440421451
SKAP2,-0.031683832675796,0.23774711892766875,0.3999372440421451
PITRM1,0.015567891104715237,0.23792579592412236,0.4001529526434032
TYW1,-0.0290945716612665,0.2379912178386771,0.4002165098311156
RBKS,-0.011808643901266791,0.2380944563996082,0.4003436390169404
DEGS1,0.02279413648967754,0.23812538083026305,0.4003491602954765
LRRC58,-0.01130983469634117,0.23829033425651713,0.4005615421834026
SLC39A10,-0.012803032768403,0.23834650198155788,0.4005615421834026
AFG3L1P,-0.003919755574516515,0.23836232615843325,0.4005615421834026
KIZ,-0.007144670209142667,0.23834259598130508,0.4005615421834026
OR2L3,0.008609364141362263,0.23842306102455924,0.40057065489847066
PHF10,-0.010931698042233151,0.23840201055495938,0.40057065489847066
SCAND1,0.01571531076526611,0.23857779139425048,0.4007841255572169
KCTD11,0.011184875170341613,0.23866334779807524,0.4008813556195433
SLC12A1,-0.004247411524154643,0.2387100040627373,0.4009132303855157
ZNF491,0.005067268988883988,0.2389316932900366,0.40123903137540756
LIN52,0.01016651642148414,0.2390128149277263,0.4013287284272186
UFD1L,-0.005237612858341123,0.239052794720994,0.40134933102340065
CCSAP,-0.004698328642227523,0.23909382171953647,0.4013716868087351
LOC729860,-0.007048123818753638,0.2391776180604399,0.4014658268614453
ALKBH7,0.0177322580414625,0.239207098907905,0.40146878569896827
LETMD1,-0.011752044793711391,0.23936432957405612,0.40168612554172506
LINC00116,-0.01366618701127642,0.2394903503037398,0.40185104654765613
AKAP8L,0.018141169956039427,0.23952573530551421,0.40186386541932906
ADGRF3,0.0084690116694226,0.2397173847194722,0.40212193015345765
SLC51A,0.005137342227149233,0.23973507780137437,0.40212193015345765
PSMB2,-0.01941022007518889,0.23982391202990222,0.4022243563966077
MZT1,-0.0056705675090746865,0.2399285382249466,0.40235324159431823
SNX30,-0.013304947694645186,0.23995988024627318,0.40235921573130595
TEDDM1,0.007942944053359824,0.24005005034792287,0.4024284220369159
AMER2,0.004880277967101776,0.2400845066846859,0.4024284220369159
CBR1,0.008716705721657725,0.24007339828415455,0.4024284220369159
LRRC46,0.00975049189273225,0.2401358538945954,0.40246791342389726
ECE2,0.004466049149483453,0.24019221216337353,0.40251579324011366
EDN1,0.008843218566336297,0.24032424953388784,0.40269047087561677
HMP19,0.010846599381778788,0.2405959879435424,0.40302621792331716
SLC24A2,0.005887136845998064,0.24059603388301448,0.40302621792331716
TMEM100,0.006414562862792295,0.24060809903223718,0.40302621792331716
C15orf56,0.004439453218164857,0.24067286828770035,0.4030880925392058
SNRPE,-0.004544635712990797,0.2408177955273687,0.4032028616905828
SH2D1B,0.030554179469151066,0.24080111313357114,0.4032028616905828
USP27X,-0.0054180268879227,0.2408249072414548,0.4032028616905828
ZBTB3,0.012830646145443936,0.24091304590994492,0.40330380917240427
HIST1H1A,0.01046183098289788,0.24099263516799793,0.40339042271735603
CBY3,0.004158175543584441,0.2410569113631415,0.40345138712546125
SEMA3C,0.008046907496703781,0.24128990753852864,0.403794687554945
STYK1,0.006007708215226337,0.24143244997456456,0.4039865533077164
ZNF582,-0.008593594712131392,0.24150838200008148,0.40406692906193603
ROCK2,0.014465830494657439,0.24168012383101206,0.4043075668247146
TGFB1I1,0.005192446660414518,0.24173781490836266,0.40431068257883657
CRYGA,0.009611791652814006,0.2417302161489573,0.40431068257883657
GPRASP2,0.004897363098385732,0.24184739789425239,0.4044232326051492
ATP5G3,-0.00544735218184389,0.24186095283249118,0.4044232326051492
COA6,-0.009042059240135458,0.24194526709617378,0.40451751686724935
JOSD2,0.011259312382066788,0.2421020656972816,0.4046946654331241
SDE2,0.01945448669074512,0.24210710273253386,0.4046946654331241
C5orf45,-0.003486560711700726,0.24218717956838712,0.40470814807177774
HADHB,0.01687524875122559,0.24218964978145147,0.40470814807177774
SLC47A1,-0.006102265831774645,0.24219899388885457,0.40470814807177774
MTCL1,0.004430749927745836,0.2423978520040538,0.4049937118960336
B4GAT1,-0.0069247503336047345,0.2424509449159138,0.40503569621246777
PPAN-P2RY11,0.0049647709929017125,0.24250267588929944,0.40507539586905933
KCNQ1,-0.003932263256468893,0.24258780962812437,0.405124159420472
SPRYD4,0.010717689294058808,0.24257358710406987,0.405124159420472
DAZAP2,-0.02968951347958182,0.2430223726486904,0.4057664677846165
AMMECR1,-0.006464692448805209,0.24305646744679182,0.4057664677846165
CCR1,-0.033530874246009645,0.243043501895839,0.4057664677846165
PDLIM3,0.004015386445989755,0.24317761891810546,0.4059219352783035
DYRK2,0.015119723403762109,0.24331489381818835,0.40610427772097724
MBL1P,0.00877310062574388,0.24345265714682676,0.4062405859579077
SIAH2,0.05185116199093187,0.24342570844583292,0.4062405859579077
IL17RB,0.0044871609208652075,0.2435738999169754,0.40634927049037917
TTI2,0.012542151928948364,0.24356581223262463,0.40634927049037917
CNRIP1,0.00429123164683709,0.24372311121906098,0.4064577481746551
WDR46,0.01766727856916006,0.24371420059145282,0.4064577481746551
GAGE12I,-0.008163374232091236,0.2436679792964744,0.4064577481746551
LRIF1,-0.006352946582125263,0.24387325090119533,0.40666131315368564
NDOR1,0.005837571482747883,0.2439344747284387,0.40671658017344375
PRDM7,0.004767030974248243,0.24404079233179174,0.4068022501224225
SPOCK1,0.00522136302073406,0.2440420292263,0.4068022501224225
PPP1R21,-0.017347391094451936,0.24415332916200247,0.40694094586679447
GINM1,-0.012491959865355895,0.24430606792414017,0.407148669636779
EIF6,0.01125626923537304,0.2446650611383835,0.40769106951435524
ACSF3,0.006922393218564693,0.24468782568960853,0.40769106951435524
HIVEP3,0.016787673553498195,0.24494898105056323,0.4080792548350998
PLEKHG7,-0.007576964188589663,0.2449831932145201,0.4080893123081206
ZNF479,0.005718872588319712,0.24532969344154498,0.40860476074116936
ACSF2,0.008430720318736817,0.24543367981553255,0.40860476074116936
ZNF653,0.02681777294223675,0.24542999033295326,0.40860476074116936
CXorf51B,0.005741648733404325,0.24542813259099294,0.40860476074116936
C9orf172,-0.004464738456973372,0.24537365336195766,0.40860476074116936
RAP2C-AS1,0.0051856837108772424,0.2455499392849066,0.4087043576881852
TOP1P2,-0.014315684505335824,0.24552768199362562,0.4087043576881852
SIRT4,-0.006696275715462718,0.24560184772641472,0.40871942274887474
EIF4EBP1,-0.006920219577632558,0.24561542775519235,0.40871942274887474
PRX,0.0036880250632203015,0.2458130609258319,0.4088604012918867
DUSP16,-0.009901120930191354,0.24578282102149487,0.4088604012918867
RIN1,0.010521474477128478,0.245766144609534,0.4088604012918867
MYDGF,-0.01774155482970574,0.2457926886523915,0.4088604012918867
SFXN1,-0.010211336701273055,0.24586401427240664,0.40889819528321714
ACBD6,-0.01063603987337558,0.24597522263632496,0.40903617964001504
BAGE,-0.006969921375055144,0.24632070772775932,0.40956367015599426
FAM153A,0.008148060482900732,0.24636814280324376,0.4095955211618667
DNAH12,0.002177466177662346,0.24648290808093892,0.40973929078897275
RPRD1A,-0.013801410330499309,0.24652925417616026,0.40976930427903435
WDR38,-0.004262920490693212,0.24665091915670834,0.4099244880167256
RAE1,-0.009314000645699316,0.24668360239847767,0.40993176883198146
CEP152,-0.0056720827456082645,0.24708673063517272,0.41055457227484704
TSEN54,0.021039513822912248,0.24716154530265494,0.4106317758847963
INTS6-AS1,0.00808130703955623,0.2472425243912982,0.41071920211991775
HKDC1,-0.011222079482085867,0.24736928453363385,0.4107413409589766
PRTFDC1,-0.005908203656032285,0.24735079033284402,0.4107413409589766
IGLL1,0.05774935099642775,0.24735868143374648,0.4107413409589766
TDRD7,-0.021141764186142886,0.24731535188579412,0.4107413409589766
TMC8,0.013017333379417906,0.2475079591840704,0.4108773960827594
NADK2,-0.005450116022410079,0.24749896194359008,0.4108773960827594
LDLRAD4-AS1,0.005004894133369575,0.24756597241844283,0.4109266037713415
GAD1,-0.008997379079636048,0.24771040321224394,0.4111192254069143
RHOJ,-0.006003503455047188,0.24814947294945247,0.4117535761484557
PDE6C,-0.007314816421894577,0.2481365898029863,0.4117535761484557
RUFY1,0.014141364598288853,0.24868952848479536,0.41260242045518625
TMEM267,0.02057223971012334,0.2489204154324481,0.412938185445376
PSPC1,-0.007431777799714823,0.24916045451161387,0.4132890544143627
PITX2,0.004707014034581292,0.2494857741120163,0.41378128389310026
GPX1,0.025353470561382707,0.24952242681483056,0.4137946908616906
TPM3,-0.011885256598440641,0.2496228582031818,0.41391384982425705
SIGLEC10,0.041812442160257035,0.2496766442209284,0.41395564502013815
POLD3,0.006307165949157145,0.24981744110484225,0.41414167528471274
BRWD3,-0.008282115882391139,0.24992936620282025,0.414185004586001
ARHGAP42,0.004818270723287554,0.24992640567596539,0.414185004586001
DDX6,0.0071144231194759655,0.24990520974483607,0.414185004586001
PRKCH,-0.03148111144051491,0.25001046011641076,0.41427199454594366
AKIP1,-0.005908205866476557,0.25023346999599333,0.414594095106608
SDC1,0.0049480869149807205,0.25031536422301015,0.41467422232755513
FOXN3,0.010023793862913521,0.2503390914134315,0.41467422232755513
EPHA8,0.023130965025600858,0.2505058173990657,0.41485550642671704
SDHA,0.016327135824665717,0.2504885148061343,0.41485550642671704
METTL4,-0.010970037766732332,0.25080728725025014,0.41530727661285277
ATAT1,0.006102619146095556,0.25087776334235684,0.41532901180142834
GPBP1L1,-0.008711693606046289,0.2508637604923975,0.41532901180142834
OR1L8,0.007258352270087087,0.25095730041931447,0.4154080132021831
CPN2,0.0063998667919804575,0.25098284476196525,0.4154080132021831
VAT1L,0.007588529354749518,0.2511299732086245,0.41560403701482146
CLPP,0.014508027139757296,0.25115966715249644,0.41560569165277716
CCDC9,0.00725716595689363,0.2514510873223797,0.415985755386467
TMEM165,0.013495836453929932,0.2514755091248208,0.415985755386467
KLC4,0.0033560927807494423,0.25147408669087845,0.415985755386467
CSTF2,0.013474039311782704,0.25223343412292915,0.4171918533557732
WDR24,0.01027623108539455,0.2524369447988286,0.41743312118577847
IQCB1,-0.008367604820883834,0.2524234659208555,0.41743312118577847
DTWD2,0.025563436795271954,0.2524875967565459,0.4174692181988369
OVGP1,0.013880080495079383,0.25253454278543414,0.41749918019680726
TRMT44,0.005841742824446605,0.2526131822559802,0.41758152611225935
MAG,-0.006972395694563538,0.2528093777482043,0.41785815671630616
ELFN2,0.005412330630012008,0.2528817167633524,0.4179300303058417
ZBTB7A,0.018151752270234134,0.2529121710340353,0.4179326737315422
XK,0.04952950447193061,0.2529921407182041,0.4180171305227547
GCFC2,0.010569674834454368,0.2530778221616545,0.4181108883836335
VPS11,0.011820773658788752,0.25310661898285686,0.4181108883836335
SV2B,0.007403074436816759,0.2531394871377649,0.4181174970582035
ZDHHC14,0.013128548222442582,0.2531865804188154,0.4181475975810858
PTEN,-0.03022603563445614,0.2534645125511279,0.4185588872181663
MISP3,0.010115511565027546,0.25355935734093205,0.41866777607456224
SAMD14,0.023788729854309132,0.25378670578558343,0.4189954002733831
TSPAN2,0.009547552094444356,0.254008132037581,0.41931317351633496
CENPO,0.00607726041453116,0.25406453821994174,0.4193584924874799
HMGCL,0.010648347870984232,0.25421009810936646,0.41955094131905923
NT5DC2,0.009100259363598262,0.2543438936320709,0.4197239324788555
SLC22A16,0.012619502164475271,0.2544771836598516,0.4198960501400422
LRRC42,0.011886460606684857,0.25459737340866123,0.4200465151442134
SERPINA10,-0.013873829645946856,0.254694577422932,0.4201111786122021
LINC01391,0.012797990392868996,0.2546693026331607,0.4201111786122021
SLCO1C1,0.004972209279384465,0.2547937173371064,0.4202268505933328
U2AF1L4,0.011853009011058901,0.25482867976722273,0.4202366614765404
FUCA2,0.012511488619979083,0.25492476194174707,0.42025156521332396
LGALS14,-0.004801456637595791,0.2549122080051339,0.42025156521332396
SCRT1,-0.008113907264792886,0.2548885256012018,0.42025156521332396
PMF1,0.012593035257840057,0.25504887406467097,0.4203604792845579
CCT6B,-0.006022558942430756,0.25502535921232167,0.4203604792845579
KLHL20,-0.010695599014231227,0.2550823972209595,0.4203678963873452
BDNF,0.00932319421020722,0.2551361772338977,0.4204086906775625
SLC27A6,-0.0046229029167372815,0.2554116061353291,0.42081466309454063
CXorf56,-0.006647809128357274,0.25560605620362203,0.4210871380861308
FST,-0.006762678001333455,0.255643765191473,0.4211013641570903
CDS2,0.020637506930778926,0.2560063360708433,0.42165064494542803
TANGO6,0.003581197273811121,0.2565363071201448,0.4224754829253186
CCR7,-0.056556929236096565,0.2566038345223423,0.42249765252394045
POM121,0.004754658052836369,0.25660810889623753,0.42249765252394045
FOXQ1,0.004906777735341983,0.25688933943579834,0.4229126156385659
ADGRG6,-0.004537869717449183,0.2570950227444574,0.42315503516258196
MXRA7,0.007561049169439116,0.2570833206190323,0.42315503516258196
TMEM147,-0.01931606696784982,0.2572623440955727,0.42338231926829617
SCART1,0.003933346370870616,0.25734456222335306,0.42346951138866684
MLYCD,0.008636218588447875,0.25744684383384253,0.42358969511409467
KCNG4,0.007626364748293923,0.2575096833164675,0.4236449628754788
DPP6,0.00727955720631801,0.25754604100555517,0.4236566562094788
NR2C2AP,0.014163857744077468,0.2575765961563058,0.42365880294434854
NUTM2A,0.006664490929727762,0.2576553208884127,0.4237401689278721
SMAD3,-0.01698724252300554,0.2578881587031061,0.42407347288408914
FKBP4,0.011393162162895543,0.2579165439544284,0.42407347288408914
OTOF,0.014816425096142005,0.2580198999745214,0.42419525893654575
FREM2,-0.003906658516667605,0.2580777955169899,0.4242422869445105
PSD3,0.005614653605752196,0.2583263758441924,0.42460272670532034
PRPF31,0.021291187441365267,0.25844251940987634,0.4246972374781766
C1orf216,0.010544379099293621,0.25843063692074886,0.4246972374781766
CAPN5,0.010594802599236175,0.25869387037758884,0.4250166068092018
WDSUB1,0.015271326944076513,0.258695554103143,0.4250166068092018
TMTC1,0.01218942740316109,0.25886621915170427,0.42524876014441243
PLPP3,0.005008546362329724,0.2590447917294317,0.4254659835075903
FKBP14,-0.019935671505210806,0.2590572016399778,0.4254659835075903
CXXC4,0.010344996792899686,0.25909431577317266,0.4254786927050604
C21orf91,-0.006888866062017662,0.2592636507797859,0.4257085044659811
MYCL,0.006106635071343902,0.2593016063205502,0.4257225647185275
SH3BP5,0.004777140354517151,0.2593727102399304,0.4257443889747929
HOPX,-0.0248830161998832,0.2593736874008266,0.4257443889747929
RHPN2,-0.00649703388465106,0.2594128932268764,0.42576049240771413
PACRG-AS2,0.007095060699890077,0.25989502360997285,0.42650345818795
OR52M1,0.003948575818085054,0.2600233505949968,0.4266657086233074
NLRP4,-0.004378331235263211,0.2601673550916986,0.4268052974457087
LOC389273,-0.004748265307944699,0.26014078572113364,0.4268052974457087
MOSPD1,-0.005153758433850797,0.2603385983862135,0.42703785492932234
FLVCR1,0.010985186498010613,0.260514278501849,0.42722925835833114
SNAP47,-0.010152513261904694,0.26051137946963987,0.42722925835833114
OR4N2,0.005766688294311706,0.2605475163177859,0.4272353929974879
DUX3,0.007332178344567453,0.26061553366139223,0.4272985498700028
FFAR3,-0.005718542058107623,0.2606938491026534,0.4273785750314468
DSTYK,0.01487998667754109,0.2607547634603917,0.4274300581666267
LYSMD1,0.00489158985336946,0.2608140069014327,0.4274625433956714
SNCA,-0.07969110981142791,0.2608336066370439,0.4274625433956714
CYP4B1,0.003703355368814165,0.26101358535749974,0.4277091040070174
RGS13,0.0038094818447378387,0.2611508887946555,0.42788568702508933
SPECC1,0.0049756069508495315,0.26132588125098816,0.4281239751203837
NECAB1,0.006264954405335921,0.2614692690078555,0.42831043794501006
KIFC1,0.00794174028284722,0.2615091062576953,0.42832725263332116
LINC00597,0.0052912897444876705,0.26154185673673386,0.42833245736938635
LINC00403,0.005851811426049736,0.26169782938108693,0.4285394415778025
CTSZ,-0.03292594840491958,0.2617586628218066,0.4285906027934713
CMAHP,-0.010454835634010173,0.2618167620461282,0.4286372760795887
PTPDC1,-0.004534191299422119,0.26197463023739254,0.4288472586300173
BST2,0.024685045529256655,0.26221776265390295,0.4291482569806927
LINC00583,0.008308310877313652,0.2622115468571065,0.4291482569806927
LAIR2,-0.03541337196137739,0.2622674858101807,0.4291811393599207
ERCC4,-0.003443919461532552,0.2623758206863489,0.4293099171736418
MCOLN2,0.035102907255224025,0.2626381762206436,0.4296906522511919
FXN,0.005213321323842557,0.2626865304945003,0.4297212229142018
MAGEC2,0.004769295675205676,0.2627208575566538,0.42972884255794175
ALDH18A1,0.010183942734389717,0.26280800128300547,0.42982284220675826
SMG6,0.012426306152628186,0.2629409341694199,0.4299917004075734
TRMT2A,0.0033550910771529274,0.26299200284106244,0.43002666167870274
LOC102723757,0.007923404278052715,0.26309249210892394,0.4301310430290567
TCEB3,0.01595378543892778,0.26311523344638515,0.4301310430290567
SGPP1,0.004708737766390136,0.26320326263484595,0.43022639160400733
OR2A42,0.028013392969575612,0.2633016429832826,0.43029230331557855
REXO4,-0.0140099632470303,0.2633030022290785,0.43029230331557855
POTEJ,0.008037625637839163,0.2636430798960794,0.4304595163132469
SETD4,0.007189352505655222,0.26359715695489916,0.4304595163132469
CHD4,0.028567958976884356,0.2634471414433579,0.4304595163132469
PLCXD1,0.0206838495146906,0.26356014617139334,0.4304595163132469
PPME1,0.014086755548708751,0.2636315504294602,0.4304595163132469
USP13,-0.008783382270695306,0.2634862637572177,0.4304595163132469
HACD3,-0.01101730299930992,0.26351165190553777,0.4304595163132469
KLHL15,-0.00475637859499578,0.26355331932718623,0.4304595163132469
PPP1R12B,-0.0071601510094083665,0.26378060382436996,0.43063551237513237
C20orf203,0.005549790481987671,0.2638876304266058,0.43067736147005725
CARMIL2,0.0133081724553481,0.2638473363812119,0.43067736147005725
ATL3,-0.01234957096097844,0.26389544207724097,0.43067736147005725
METTL16,0.012682360188033037,0.26402224794775253,0.43083576377594046
TCTN3,-0.005966272951209106,0.26418950712767525,0.43101158157662184
RNF25,-0.00865638857600004,0.26418668616543634,0.43101158157662184
PCBP4,0.010782895714321228,0.2645163267859863,0.43149616816851283
RHOB,0.02356899708440352,0.264601788249606,0.43158697083415465
COL12A1,0.007293768323348715,0.26464861149787755,0.4316030901223837
ENPP3,0.0057412815274222595,0.264730865275287,0.4316030901223837
CT62,0.006061858366012807,0.26470465283634037,0.4316030901223837
FAM120A,-0.03389594161340348,0.26473008734337006,0.4316030901223837
LOC388242,0.006564491145279128,0.2647639799871799,0.4316084959070696
LGI2,0.010525702350570043,0.2649018110703694,0.43178458603907616
KIAA0368,-0.007648848720579693,0.2651063453930071,0.43205021991510867
UBE4B,0.021502664829096574,0.2651542671102873,0.43205021991510867
GNG3,0.007261435484334555,0.26513467172051963,0.43205021991510867
SLC33A1,-0.009926927222934978,0.26526366639259324,0.43217985872107095
ITPKC,0.008414677862499609,0.26536476966427613,0.43229595364046514
UBXN10,0.010424708731039622,0.26542045236797396,0.4323380377977659
IKZF1,0.05833198118416938,0.26545352842882197,0.43234329312527353
RBM14,0.021502189112997172,0.2655791013366928,0.4324991796447784
FNDC3A,-0.01090965177353187,0.2657433097893895,0.43271794255081697
RNF145,-0.02188790022130238,0.26589383735508637,0.4329143817728272
UBE3B,0.01216021152298108,0.2662084298161931,0.43337786865884464
GGA2,0.021713093216219725,0.26636477036551304,0.43348621730045966
DEFA1B,0.11969593018232949,0.2663505694048836,0.43348621730045966
RRP1,0.009528614081500741,0.26631026866977225,0.43348621730045966
SMNDC1,-0.02380877464097253,0.2664632670115168,0.4335977934383563
TDG,-0.011382429046804532,0.26655571222255453,0.43369949852072337
DCC,0.005379850572457379,0.26659695694202595,0.4337178843477821
ZNF248,-0.009892292199901398,0.2667208710184758,0.43387074301792494
CPEB2-AS1,-0.007954544790295337,0.2668250243509118,0.4339437971130352
PDHA1,-0.013794370762382435,0.2668257012626824,0.4339437971130352
SERINC5,0.009686822549770824,0.267123724856811,0.43431505078804933
FMOD,-0.007554200843685521,0.26712050403559456,0.43431505078804933
AEBP1,0.009496957151363894,0.2671439372735937,0.43431505078804933
HBEGF,0.007449069947603526,0.2672319337678709,0.43438369342871935
IQGAP1,0.03762318222443106,0.26724614002646496,0.43438369342871935
SCML1,-0.008702437415363917,0.2673275375383211,0.4344184958717652
NUP62CL,-0.0048545456318613844,0.26730723574815163,0.4344184958717652
ZNRF3,0.006854566613277768,0.26751966960712587,0.4346819491350248
DEFA3,0.11991582413670976,0.2677008007851918,0.43492062227097705
KRTCAP2,0.029189205112869487,0.2677266133780745,0.43492062227097705
CSRP2,0.005798918215742077,0.26791408194116234,0.4351275580663596
KLF7,0.005927911338952541,0.2678877386907112,0.4351275580663596
CCDC33,0.012890388962494725,0.2681493561353338,0.4354608447431522
CACNA2D2,0.010169893009445374,0.26818713348771545,0.43547336787399893
OR9A4,0.012859024926878071,0.26841851705008973,0.43575137872153097
OBP2A,0.005865795410830543,0.26840220555864697,0.43575137872153097
GPR162,-0.0357828516574461,0.26850454695881787,0.43584218963930493
TRIM13,0.008944095886603165,0.2685878031391368,0.43592847833564075
TRIM39,0.006646542915259346,0.26865734203966984,0.4359924865100928
MICU3,0.004136431553553699,0.26872082037904227,0.436046646019499
SUN1,0.014851764627068498,0.2687656263608973,0.43607049761523875
LOC729815,0.0064617305062713015,0.26888616861152903,0.4362172117125209
DCTD,-0.010504163439389202,0.26906384386561644,0.4364565701141885
PLD1,0.009233670963705976,0.2691389337661526,0.43648958953844835
FOLR1,0.004073563693444804,0.2691444714283266,0.43648958953844835
CNGA3,0.004193344669649157,0.2691815851971001,0.43649106103640206
ZDHHC13,-0.007008120347230751,0.2692192304529609,0.43649106103640206
PKD1L2,0.0027347234212715676,0.26923578702701023,0.43649106103640206
ZNF649,-0.004989706063597943,0.2693058054934603,0.4365557120052914
GATAD1,0.00914613714425272,0.26948409557215,0.43675595641410525
CLDN19,-0.005345369221529062,0.2694896425347182,0.43675595641410525
LCMT1,-0.011413566416916154,0.2696968375602672,0.4370428502151387
SSFA2,0.00972425639862795,0.2697380660226001,0.43706076163679825
TAB3,0.006346899027029451,0.26994663174339956,0.4373497778715212
ZNF92,-0.003220934449164936,0.2699953496970159,0.43737978358254986
NOL4L,0.00824454734973834,0.2700630330675755,0.4374405022311299
MMAA,-0.006315939043990859,0.27016235039024333,0.4375524413566236
RILP,-0.018804854773374124,0.27029698575973643,0.43767261506361343
GSTZ1,0.006316046322119462,0.2702902242890838,0.43767261506361343
GNG8,0.009448956382253293,0.2704352033792799,0.43784329342385153
CUL1,-0.013295849992409181,0.270462851854681,0.43784329342385153
PLCB1,-0.005454233076896742,0.2704979647691863,0.4378511982249547
UBTD2,0.004088753555565816,0.27092851856904565,0.43849912425455995
STYXL1,0.02226043985147541,0.27100092309925977,0.43851830747063775
TEX12,0.004397712953221777,0.2709792650664143,0.43851830747063775
EGFLAM,0.004312137166237129,0.2710737884710957,0.43858721539492296
FIBCD1,0.022870870049359837,0.2711869819337894,0.4387213499753161
TIMELESS,0.010423434681499977,0.2713928103667784,0.4390053010221598
PEF1,0.014730505178786046,0.2715843598951989,0.4392660936596383
TM7SF3,-0.01772291325893338,0.27178097932272527,0.43948595562245757
HAGH,-0.05612087333346061,0.2717659432983772,0.43948595562245757
C4orf46,-0.004977330739634134,0.2721316599159799,0.43996733403568217
SNX24,-0.0031463510321936283,0.2721394190572823,0.43996733403568217
RAB1A,-0.01214939711790386,0.2721871667489408,0.43999541553478333
IFNAR1,0.02168997407526696,0.2722573823722907,0.4400598065260862
MARCKS,0.036274388126688706,0.272349604602227,0.44015974928126045
GREB1,-0.0035726221091776367,0.2725246342886497,0.44039348466326034
SYT16,0.006396287856426319,0.27277120856655906,0.4407427693973719
TREML4,-0.010710156608972454,0.273113487397489,0.44095148271822876
STOX2,0.005290800366816839,0.27303931526539627,0.44095148271822876
OR51D1,0.011357351796905668,0.27310312640332934,0.44095148271822876
PI4K2A,0.009434082832157742,0.2729801187832052,0.44095148271822876
NMT1,0.015113408279637142,0.273086051806212,0.44095148271822876
RNASE1,0.006109038868201466,0.273104690502984,0.44095148271822876
CASP7,0.005235729809131229,0.27296124024699614,0.44095148271822876
EIF5A2,0.0062130617982880665,0.27317657871611056,0.44100418704014105
CHURC1,-0.05824792842068938,0.2733104729761316,0.44117116801362866
CDK8,-0.004436291064290998,0.2733704769654416,0.4412188531722148
TEK,0.004610477908074451,0.27346585564075887,0.44127444887486095
GPR153,0.013263496914808215,0.27346101220979546,0.44127444887486095
WHSC1,0.0035215205354584,0.27350215536029676,0.44128386078183557
LINC00380,0.005278114903117803,0.27393153735006043,0.44182899632274786
BANF2,0.005852084785871625,0.2739025236912885,0.44182899632274786
CNKSR2,0.006128690453704344,0.2739045998541882,0.44182899632274786
LRCH3,0.011909562733912082,0.274038729789856,0.44195267367512237
WNT5B,0.011145095238989988,0.27423594623605746,0.44222149246081677
ZNF250,-0.006583591995842575,0.2743540078607413,0.44231338489035815
OLIG1,-0.030031810919247448,0.2743336932484564,0.44231338489035815
ZFP57,0.010375532208891869,0.2744420674892716,0.44235687797847867
GADD45GIP1,-0.005151501322767871,0.2744275150728732,0.44235687797847867
FNBP4,-0.02788730255577576,0.27473296053518054,0.4427272141067595
CRYGB,0.008170810751865432,0.27470806337327397,0.4427272141067595
EZR,-0.02994232938010377,0.2747913422519066,0.44276528078800886
COX18,0.006453258887678004,0.27484062249495933,0.44276528078800886
MAGEA9,0.004830256885241191,0.2748482904974446,0.44276528078800886
MAP3K10,0.008447345683647356,0.2749677603953522,0.44285922846283565
OAS2,0.02292685823970153,0.27494548922272927,0.44285922846283565
KCNN3,0.004373588207808865,0.2751983481342257,0.443181329150114
FAM53A,0.006735453067848951,0.27525561776885993,0.4432242765718919
MON2,-0.0216579128276031,0.27533966387485415,0.4433103258740982
TXNRD1,0.015257463788466374,0.2754305015568979,0.44339227515527635
CD209,0.005020159083069409,0.27550921561363856,0.44339227515527635
PHTF2,-0.004935957600429752,0.2755130127311162,0.44339227515527635
SPATA22,-0.004546380353479762,0.27550370413978587,0.44339227515527635
GOLIM4,-0.005797886475285452,0.27571150533351363,0.4436624200922799
DPM3,0.014367921330038058,0.2757424913577977,0.4436629909827085
PPP1R3F,0.008772323276773797,0.27578300954298557,0.4436788970588252
DTL,-0.004128309689327203,0.2758488515297293,0.4436862593621987
C14orf105,0.005971413205441145,0.2758324303985089,0.4436862593621987
PCNX2,0.005349717874474358,0.2760762677592189,0.4439534431247393
ATG101,0.014494603287219299,0.27607597661432676,0.4439534431247393
LOC101929261,0.004864020218398046,0.27653212709453534,0.4445741091106965
LOC101928453,0.004501408400252593,0.27661570500590976,0.4445741091106965
CT47A7,-0.003662395724751022,0.2765858415242155,0.4445741091106965
UNC5C,0.008131456774881585,0.2765569475720868,0.4445741091106965
GPIHBP1,0.0029521888650814176,0.27653811131716627,0.4445741091106965
PALB2,-0.008347924583476107,0.27670975981247165,0.4446759304475579
SURF2,0.00979910403452422,0.27676525052758416,0.4447157631064488
TFCP2L1,0.004337890604384498,0.27705109763566604,0.4451256903111467
CEACAM6,0.03806932835987187,0.27715612003155143,0.44524503577384544
EPHA10,0.011978218447904254,0.2773307291004878,0.4454761317834607
KCNG2,0.007393933554874721,0.2774880469166863,0.4456794046951968
TRIML2,0.0047382052540596575,0.2775476438936485,0.4457256984317114
AMACR,-0.005603185742085515,0.27761307580408573,0.44578135143529685
FOXD4L1,0.005723082763108955,0.27786445825665224,0.4461355518666834
HRNR,-0.003791544725625151,0.2779978480881311,0.44630024736294516
PPIF,0.008015841725857342,0.27807932979744776,0.44638158182270127
ATXN10,0.017740433180160053,0.2781787876826952,0.44649175097475147
INPP5F,0.008705309272209583,0.2783738755618538,0.4467553699321762
TSSC1,0.013851333532770127,0.2786013084711296,0.44707083446663437
LEFTY2,0.005654780236610257,0.2787116446287803,0.4471983450540882
UBAP2,0.00998586927811651,0.278835843689618,0.4473480682322139
IFRD1,-0.016070636486321455,0.2791752174222606,0.44777388771201443
GOLGA6B,0.003037830425649979,0.27919400579447684,0.44777388771201443
EIF2B5,0.014002724994003124,0.27913711653234313,0.44777388771201443
SLF2,0.013296611400564373,0.279261284404404,0.44783220142973734
FAM135A,-0.0045011569502380055,0.27933799952278754,0.4479056332434468
ZNF593,-0.015247388979995335,0.27942888140971034,0.44800176204762504
ARHGAP28,0.005084082461356942,0.27952868685486715,0.448112174920409
KDM2B,0.009232344691112893,0.2795874764820332,0.44815681821223646
SNX20,0.006388975443841538,0.27967458443202176,0.44824683865369075
FOXP3,0.008091407887953928,0.27973535971058117,0.44829463930604757
CFAP44,0.0071506637149196806,0.2801783251583424,0.44885553164400305
YTHDF2,-0.015007645237806955,0.28013567187801386,0.44885553164400305
CRYAB,-0.004084821465037969,0.2801699335245993,0.44885553164400305
RTN3,0.013206351730530308,0.28033290468102356,0.449053504910412
ADSSL1,0.0032577488992044934,0.2803950299034572,0.44910335210899854
LOC101930164,0.018087326815461324,0.2804935122916078,0.44921141442189816
OR5M9,-0.003956360443345908,0.2805872327023375,0.4493118273588343
INHBA,-0.004259695256509488,0.28085787255249484,0.44969549259897584
MRPS5,-0.010767028320275429,0.2810663775441441,0.4499795968110294
HAGHL,0.005310857090287335,0.2811649067226458,0.45008758940879773
LYSMD2,-0.029338644100354472,0.2812425002323202,0.45016204811193794
CRX,-0.005851583888321521,0.28134285527813346,0.4502729188782857
ARMC9,0.0070507025411847835,0.28140572342154463,0.45032377616149066
PTCH1,0.00827202196995458,0.28146792119688546,0.4503590705668271
SCML4,0.010571821499754108,0.2814899658824555,0.4503590705668271
SAV1,-0.00650290475815396,0.2815701173644602,0.45043755024374216
IQCF5,0.005644775482284814,0.281601602609955,0.45043816810630455
IMP3,0.024816000259450632,0.28211401965579574,0.45115816061549585
ARMC8,-0.004950518624132982,0.2820830443142244,0.45115816061549585
ESPNL,0.007513515917688451,0.28251120445063965,0.4517434627139617
RMDN1,0.0061950149361171825,0.2826241910652486,0.4518742447719462
SART3,0.008650547555189014,0.2827243503593962,0.45198449123680956
PRPSAP2,-0.012347823359898591,0.2827559726176942,0.4519851569798789
CHPT1,0.0387695815291309,0.28281144007806625,0.4520239349029697
CNGB1,-0.007344673011322911,0.28284904402616645,0.4520341557624401
FBXO15,-0.005118878759714285,0.2832037959649429,0.4525511673385076
ABCC9,0.004968903320086149,0.2833225715473414,0.4526910233085155
UCP1,0.004024685520771953,0.283369263463774,0.4527156863014894
OLFML1,-0.0036091638008874938,0.28343924903528916,0.45277755410026777
CEP41,-0.006692743398064138,0.28352800031716147,0.452869382068126
CCBE1,0.029506235069153064,0.2836068782706991,0.45289548234540306
HLA-DRB5,-0.1779000106958053,0.283576853960386,0.45289548234540306
SHROOM2,0.006122886227412749,0.28368130118306406,0.45295228684929323
KCNH8,-0.007145276085107177,0.2837049949114049,0.45295228684929323
CREB1,0.012067355005523694,0.28380016367590655,0.4530043608862498
FSTL1,-0.004791069102295431,0.28379178621088763,0.4530043608862498
RAET1E,0.004905151242037498,0.2838721330895199,0.45306930861362055
ATP7A,0.011430506674711793,0.2839502018286404,0.4531439756815808
C9orf16,0.012877861856877892,0.2841323480640898,0.453384700821888
ABCF3,0.010089240753217155,0.28428979766330675,0.45353600940140265
SGO1,-0.004465392736797469,0.28426736501599603,0.45353600940140265
RHOH,-0.009887519342502316,0.2843315900469456,0.45353694819407503
TBC1D7,0.012070673114954467,0.28435301205125624,0.45353694819407503
DPYD,0.024747263710398926,0.28444906953465426,0.4536402029442779
ANAPC11,0.005812358468333834,0.28449683226825745,0.4536664228309414
RPS19BP1,-0.013874316597518366,0.2847760443792103,0.4540116925468885
PRKAR1A,-0.043954866748121546,0.28477345729651854,0.4540116925468885
APCS,0.010576905047961382,0.2848284094213216,0.4540451994341208
RNF149,0.025932860115418066,0.28497985978426527,0.45418665153117277
DPY19L3,-0.004242610059287166,0.28496160793102293,0.45418665153117277
NUDT9P1,0.003824133904185345,0.2853386448396908,0.45470843127495675
WDR7,-0.008180008912805903,0.28549126005315323,0.45490158532561836
HOMER3,0.010832918789825285,0.2858502570140321,0.45541713245143434
ZNF37A,-0.004513309134944521,0.2858776973383348,0.45541713245143434
STUB1,-0.013972467115234366,0.28601469650683026,0.4555852704503387
EIF1AX,-0.008248811100690645,0.28605773126714246,0.45560371450113163
SLC5A1,0.004597710990112525,0.28615555669344156,0.45570940991179854
ADGRG7,-0.005063046535330962,0.28637060048365387,0.45595160793725875
TUBGCP5,-0.010659681395972065,0.2863487448293822,0.45595160793725875
CHSY1,-0.03095242967062717,0.2864180764205938,0.4559684263060845
LOC105373185,0.0061340762987098785,0.2864441253078613,0.4559684263060845
MUT,-0.008822395987253984,0.2866407821193332,0.45618119857339
MUC2,0.007085892780128944,0.286635849432308,0.45618119857339
NFE2L2,-0.026780562173485123,0.286775936868984,0.45634615135249
ZNF260,-0.012126779157976664,0.2869468574002503,0.4565679756767247
GPR34,-0.008550285954679993,0.2870059751009162,0.4566118786645068
CTSG,0.0387764800172814,0.28712067019569787,0.45674418309879056
NRCAM,-0.004836440735741299,0.28737435395789274,0.4570975337937753
CXCL6,0.0037481872339490963,0.28744665020163457,0.457162323654384
SCAPER,0.009910686949345937,0.2877730136882139,0.4576311298045773
ACTR5,0.010593696066354852,0.2878277172786391,0.45766787320933244
ARSJ,0.004462033622417927,0.2878834193675379,0.4577061960614071
ARHGEF5,-0.00408799570963847,0.2879480869504817,0.4577587631863436
BRIP1,0.006460132936460639,0.2882395888693065,0.45817188379971857
SOCS2,-0.013787831678909512,0.2883946809835427,0.45836810703013636
TAOK1,-0.022179361532083774,0.2884416165405023,0.4583924044297384
KIDINS220,-0.0213467244479304,0.2884911434440211,0.4584208142230611
ZFP64,0.003918840730412043,0.28863595738129894,0.4586006150406685
GAS2L2,0.005014773584774979,0.2887464776029444,0.4587258946584455
AP1M2,0.007138455389240406,0.28881202696435737,0.45877971030398684
DPCR1,0.007858460346434448,0.28884600302847707,0.45878336526641755
TMEM63C,0.006177778349953478,0.2891422184378884,0.459203496913857
ADAM33,0.006351342542525451,0.2891892310568489,0.45922780644966554
PPP1R13B,0.012490971422397301,0.28927040978099994,0.45930635992852475
LAMB2,0.0042390234042661845,0.2893152937995515,0.4593272734180318
DHPS,0.014362284393568459,0.28936236235026797,0.4593516501842702
PECR,-0.01055303762742188,0.2894197097506148,0.45939233709894844
BAG3,-0.016788767661739534,0.2895979946355102,0.45962495664044817
TFRC,-0.021991091410016317,0.2899882657137917,0.46005510892961776
TRAPPC10,-0.009592702646592954,0.28996809456360995,0.46005510892961776
ARHGDIB,0.017168502951655285,0.2899136808165213,0.46005510892961776
PAXIP1,0.010957990123598549,0.2899960746014506,0.46005510892961776
IRX3,0.014805023901269365,0.29014019265488794,0.4602333315533235
GPR146,0.032652560366336125,0.29021330977219123,0.46029890262159634
CAMSAP1,-0.009843441906244976,0.2905094393553347,0.46071813419716057
ADAM12,0.006747529905642757,0.2910012697991998,0.46144760146393804
PLSCR3,0.02876402749828877,0.29112703927162187,0.4615965010191758
LIPF,0.006081520576629806,0.29132158376141204,0.4618407952004618
EIF3IP1,0.0061446876462030176,0.29136426428860907,0.4618407952004618
RTFDC1,0.017602057159191276,0.29137677344254487,0.4618407952004618
MRO,-0.002930520782453705,0.2914341880404357,0.4618812539203054
KCNA6,0.009992113786204904,0.29163154452945017,0.46209291007160663
RPGRIP1,0.018912550194049693,0.29160022418299003,0.46209291007160663
ZNF16,-0.004721004858247113,0.29167256797824387,0.4621073588489263
PARD3,-0.004626128938343577,0.2918690925891178,0.46231757841872073
PBLD,0.004281668059014976,0.2918554592707085,0.46231757841872073
PRKAB1,0.011783792374434832,0.2919204208041811,0.4623188287314183
DNAJC11,0.005691016662320081,0.291933720490027,0.4623188287314183
MTUS1,-0.003277252217571913,0.2920726133442217,0.46248821817838714
C8orf86,-0.0043282624105849266,0.29212234028776424,0.4625012616750266
PATZ1,0.003926847140878209,0.29217664625286477,0.4625012616750266
ARL4A,-0.008147307802115478,0.2921751127766518,0.4625012616750266
PLVAP,-0.0203571694609046,0.29223612642893226,0.46250596362252333
FSTL4,0.0113301909821093,0.2922434810185952,0.46250596362252333
CALM1,-0.021207045730793794,0.2924098808186645,0.4625671378088179
GALNT16,0.006037930422206905,0.29240050734110384,0.4625671378088179
CCNI2,0.006235686965578857,0.29239577689155566,0.4625671378088179
SDR16C5,-0.00589367138960295,0.29237380983110534,0.4625671378088179
BPIFB1,0.005187713220247581,0.2924827072748301,0.46263181524174285
KRTAP10-10,0.004175673997626639,0.2926325796203866,0.4627094882171163
GPR55,0.005862063292950914,0.29262582146003174,0.4627094882171163
RBFA,-0.006965100924065659,0.2926595982847972,0.4627094882171163
HS6ST2-AS1,0.006149231730367077,0.29261539827644634,0.4627094882171163
NACC1,0.007422717407473911,0.2928004423671422,0.4628816423538188
FAM110B,-0.004540160380467562,0.2928945264714264,0.4629798451830339
GRIK2,-0.0036448746565600487,0.29300769045400105,0.463065613529402
VWC2,-0.0038083294927337974,0.2930127276993213,0.463065613529402
ZFYVE16,0.010274031161286779,0.293099010895407,0.4631514372473353
POLR2L,0.010188099512440374,0.29316966056675103,0.46321254103292486
FLI1,-0.01523871887208017,0.293410792669614,0.4635429669531729
LOC440895,0.0053046944495696025,0.29353162456481635,0.4635905602948557
TSPAN1,0.01269357111228775,0.2935116771430897,0.4635905602948557
PHOSPHO2,-0.007701874047853607,0.2935369392753467,0.4635905602948557
NEUROG2,0.004930043578499799,0.29364592467339823,0.4637121209081443
DTYMK,0.0036717793415608213,0.29372735757315666,0.46379015012423425
HOXB6,0.009252584226831395,0.293860880809089,0.4638771289647934
DZIP1,0.0033494513606013854,0.2938267582700182,0.4638771289647934
ZNF157,0.0058391929206411675,0.29387852356952116,0.4638771289647934
SIGLEC12,0.0032793422538439643,0.2939196491707403,0.4638914894397954
KCNJ8,0.004782502311378778,0.29409033369718834,0.46411030652321594
C9orf64,0.008728393048284211,0.2942452406641733,0.46430417973416344
CD274,0.004262400644700293,0.2943899072276139,0.4644568529864264
LCE1E,0.004925642899616278,0.2944061286432188,0.4644568529864264
CDKN1C,0.0263190227439134,0.2944726316304223,0.46451117365879296
HEBP1,0.031096068382687747,0.29465748940004377,0.46475215904064404
DEFA1,0.10579455554911199,0.2948029934335421,0.46493102753608706
A4GALT,0.004695413144410132,0.2948904747636308,0.46501835998654634
KCNAB1,0.0027032085849221232,0.29501286964704876,0.4651607232710488
PTPRH,0.00517395334053905,0.2950731372973847,0.4652051072836966
PTPRM,0.008754514328900953,0.29515810348122534,0.4652884165021841
SLC38A8,-0.005983469403288311,0.2952180869258873,0.4653323289840626
ACACA,0.006815746402848433,0.2953182935710594,0.4654396261243987
NSG1,-0.018453322907962644,0.29557456197630705,0.46579283599878485
RHBDD3,-0.007576847770851991,0.29569732798571513,0.4658818852190745
RASL11A,0.006184386161487865,0.29570082203380965,0.4658818852190745
IKZF2,0.005251992567332664,0.29572756508589965,0.4658818852190745
PRRG3,0.005514203028472053,0.29577002392156515,0.4658980996715552
DGKE,0.004566042659841507,0.29609232694484033,0.4663550743224301
KAT6B,0.008500858868227823,0.2964024226370466,0.46679272474448
NSUN5P2,0.006988892275844094,0.296512474281512,0.4669152726128963
DERL3,0.003783171256072748,0.29686431849898964,0.46741850083045616
CYCS,0.009362557711904529,0.29719244236744113,0.4677876034923081
TIGD6,0.007800117589346733,0.2971362015586646,0.4677876034923081
SALL2,0.008010089007704835,0.2971956315476539,0.4677876034923081
TTTY8,-0.004427760532617064,0.2974358960660392,0.46800307533873464
FEM1A,0.023967880074996728,0.29737429609547184,0.46800307533873464
MKRN3,-0.005099915043041747,0.2974617724087539,0.46800307533873464
RGS16,0.003757912160674337,0.29741983460001264,0.46800307533873464
TRADD,0.013328944884578142,0.29754019590103453,0.46802478251852564
SOCS3,-0.006933292286394277,0.2975202156532594,0.46802478251852564
GCAT,-0.022795258536477014,0.29768559462773175,0.4681584156598628
E2F6,0.009021837086696571,0.2976897962045938,0.4681584156598628
TSPY1,0.006837817202926644,0.2977958134279673,0.46827429830536077
PHLPP1,0.0072470261643307055,0.29792800101492195,0.4684097122426536
SENP7,-0.014369988771799846,0.2979636188376883,0.4684097122426536
TPD52L3,-0.0061829796198100695,0.2979789483984956,0.4684097122426536
RAB3IL1,0.04463880168910439,0.29802256937781996,0.4684274438272755
STOML1,0.006935789190092301,0.2983300564306323,0.468859867333038
PYCRL,-0.004498158934352681,0.2985513625527628,0.4691567684945445
OR1S2,0.0026321853430602005,0.29858961282786434,0.46916597441948227
CLNK,-0.006274437629849139,0.2986906334888492,0.4692737970986541
STEAP4,-0.019321871489998976,0.2989564520997654,0.4696404828864427
ENPEP,-0.005324328742128515,0.2990012185367023,0.4696598687003141
GUCY2F,0.006553271162926144,0.2993138914161561,0.470085742543903
LOC100128239,-0.004476226257617455,0.29933725514239284,0.470085742543903
CD99,0.020184135931542002,0.2994660830489089,0.47020457101574387
PROCR,0.005693879772983301,0.2994778491867051,0.47020457101574387
NWD2,0.00512064203992324,0.2998576860471486,0.47073818886885194
NR2F6,0.01003820366400987,0.2998827167006971,0.47073818886885194
SNORD34,-0.005036515738215286,0.3000051434811064,0.470879334436535
STK32B,0.0048410297784311496,0.3001983948659309,0.47113160160777373
PGA5,0.010040713964988512,0.30030507497650166,0.4712479638092796
TEX10,-0.010208334244868666,0.30049617226124914,0.4714967564762141
QARS,0.019475346012033157,0.30059911619025276,0.47153972172928893
CFAP43,-0.005809934860427468,0.3006212227594762,0.47153972172928893
POP7,-0.01275802177551455,0.30055766763866715,0.47153972172928893
WDR89,0.00891667764046744,0.3009451372783069,0.4719577725160826
RHAG,0.005842123141728273,0.30095291265938545,0.4719577725160826
EPHX1,0.010449589868787967,0.30098833650298185,0.4719622243054227
RANBP9,0.0051084337246054545,0.3010211296330124,0.4719625505092609
SFPQ,-0.011919018785570223,0.30107789310229044,0.4720004549944339
IPO7,-0.00501692200572279,0.30113243533058154,0.4720348694078077
IGSF6,0.0338286336515754,0.30129791086899876,0.47224314912093696
CDH6,0.005303188150232785,0.301358112176829,0.47228639869824623
COPS7B,0.01350270748896154,0.3016298617846939,0.47249878087045843
TSPAN6,0.007448641648802656,0.30165674031407963,0.47249878087045843
AKR7A2P1,0.006242719552673748,0.30161766221538605,0.47249878087045843
FAM35A,-0.007368949939185576,0.3016566930516591,0.47249878087045843
ISLR,0.026328642706268113,0.3016145595381514,0.47249878087045843
MAGEA1,0.003928852245778991,0.30179191049519916,0.472509474590072
FGF6,0.0069812017868278176,0.3018592385533061,0.472509474590072
PAICS,0.016183614234551058,0.30180845989609145,0.472509474590072
PPP2R5D,0.006270270011415668,0.3017326030044186,0.472509474590072
BIRC6,-0.011182860304234765,0.30185475847052695,0.472509474590072
ITGA10,0.00728857555286222,0.30185930463835514,0.472509474590072
MEGF10,0.0370044070736375,0.30222468277682474,0.47303029018149223
ANKRD37,0.0074903392486112,0.30238815402537805,0.47323501057845224
SREK1IP1,0.0041628294555629,0.3027587819406663,0.47361704241667074
CXCL8,0.03232613908710924,0.3026921707705435,0.47361704241667074
LINC01107,0.004864262925279306,0.3027503004840754,0.47361704241667074
TBC1D21,0.004969890107081376,0.30276306239546774,0.47361704241667074
UBE2I,0.006389327014027835,0.302826479718525,0.47366508987506656
PAX2,0.003644376239369862,0.30299966881032764,0.4738848075854428
LOC100506368,-0.006678036786155417,0.3030595185857644,0.47392723679509946
KCNQ2,-0.00263560531711704,0.30312657419327205,0.4739809241730921
MCM9,0.005033083630797464,0.303235388896393,0.47409988911651085
NTSR1,0.005616082086459251,0.3033051774204088,0.47410664685486736
TMEM26,0.003955260484376666,0.30327656231570727,0.47410664685486736
EBF1,-0.012739320387529673,0.30349522250389965,0.4743013382333279
PRB2,0.002818423486118604,0.3034913577344477,0.4743013382333279
ACOT2,-0.005295439828826964,0.3035708793702023,0.4743683910667828
SOHLH2,-0.0034951613801395,0.30364447652716653,0.47443221122108736
GRPR,0.0030876671301243164,0.3038671651860171,0.47472894192150483
CYP11A1,0.014274411592827718,0.30400154091676457,0.4748876530024178
GPHA2,0.0069829937908947315,0.3040396388377159,0.47489594833662
ARL4D,0.009332786149812478,0.3040786841606759,0.4749057215207278
MAP2K4,-0.015295585061102734,0.3042107272715088,0.4750607195472273
NRIP2,-0.006282857763911132,0.30426381785742107,0.47509240382135476
ATRN,0.0032039856268060163,0.30452391094013215,0.47539602565821015
SMAD5,-0.01066968467394247,0.3045207063940892,0.47539602565821015
OR4D1,0.005911091315748962,0.30456306278389655,0.4754059059555941
SFTPB,0.004321607346929213,0.3046645419818924,0.4754618280428542
RSPO2,0.013095689669882837,0.3046470940249885,0.4754618280428542
TUBB4A,0.009596778151513163,0.30483614539438314,0.47567838072530116
POLR2I,-0.015929576404042578,0.3049960256723635,0.47580256881954003
C16orf72,-0.020850984980048892,0.30501428137872333,0.47580256881954003
UTS2R,0.004730940259587868,0.3049526003314057,0.47580256881954003
NKAPL,0.003983256265718715,0.3051559220961438,0.47592100523748754
ZNF18,0.013490178977698442,0.30512710691505923,0.47592100523748754
ATRAID,-0.0163352419169982,0.30521584433249715,0.4759632094435712
PLLP,0.006084596818104693,0.3055502498040959,0.4763821117505409
ARHGAP35,0.004524115197718004,0.3055228402453817,0.4763821117505409
ANGPTL6,0.003850495127261766,0.3059373545875545,0.4766265078892265
TACC2,-0.004916622100499701,0.3057724713387505,0.4766265078892265
HERC2P2,0.002864799702160248,0.3058533489624243,0.4766265078892265
ACSM2B,0.004074055719690328,0.305806255899959,0.4766265078892265
MYZAP,0.0033484230509133184,0.30586032951659486,0.4766265078892265
VCX3A,0.0033581253861001414,0.3059349920360941,0.4766265078892265
ZCCHC10,0.004251612264833504,0.30591264952312647,0.4766265078892265
AKAP11,-0.016977188618855443,0.3061505634697832,0.47680793144450945
EEF1A2,0.0054272885101305235,0.30609684717154745,0.47680793144450945
HUS1B,-0.007132668009028009,0.3061525657576593,0.47680793144450945
NME6,0.008978891657040577,0.3062244807514554,0.47686865704806797
POGK,0.017649234679025128,0.30628057304556033,0.4769047323147598
CT55,0.005604983855892698,0.3063855295425016,0.4770168773399541
LOC100131034,0.005737920508681604,0.3064725063733895,0.4771010084170436
ZNF764,-0.005369387751578358,0.30667901669576075,0.4773711851500697
FNBP1L,-0.0063170012423290345,0.30675979598292746,0.47744561412171943
SGK223,0.022778918581636276,0.30685072177048933,0.4775358175699761
PABPC4,0.021914716735659923,0.3069496570055974,0.4776023017597612
TM2D2,-0.009228150611138908,0.30695939154112245,0.4776023017597612
C6orf1,0.005234694415648278,0.30736216132087946,0.4781776095136002
COQ9,-0.009907684779512316,0.3075892295663385,0.47847947600030577
CTSE,0.005372502720475403,0.30764146870920805,0.47850934630414194
TNFAIP8L1,0.01709728794250953,0.30780699882694984,0.47853569982027816
PRMT2,0.014596518496274413,0.3077052228623349,0.47853569982027816
NSUN4,-0.011890041959919273,0.30784796711456536,0.47853569982027816
TROVE2,0.010295225030767519,0.30776653123336856,0.47853569982027816
TAS2R45,0.004299172489588443,0.3077298550649476,0.47853569982027816
MFAP2,0.0041782857899743675,0.3078566453276272,0.47853569982027816
C17orf51,0.005397228154576439,0.30789038939194974,0.4785367957884966
BRF1,0.0071452936594269545,0.3080126721746757,0.4786754875298287
SPIB,-0.02378036484290824,0.3083201365399322,0.479049903493691
BDKRB1,0.021336988501666987,0.3083528203722508,0.479049903493691
SIRT5,-0.004266960912028495,0.30834040159985965,0.479049903493691
C9orf40,-0.010230543367184097,0.3088094153482842,0.479601294835488
TMEM217,0.00610716955967483,0.308754849350788,0.479601294835488
FAM107A,0.006762337296478016,0.30878602523312415,0.479601294835488
NFATC2,0.0035624842734947038,0.3088401875815104,0.479601294835488
FAM86B1,0.004399077398961282,0.3088914755835082,0.479629516761528
DDX19A,0.006510058768931515,0.3090568399781046,0.47980079671295656
KHDC1,0.0034986527143354706,0.3090680359936402,0.47980079671295656
MCOLN1,0.04594854003462068,0.30916439942364365,0.47989895630179563
UMPS,-0.006514189726242847,0.3092971673515337,0.48005359750531656
LOC100506127,0.005541187269701986,0.30958574409178025,0.4804472895596053
HS3ST3A1,0.0049441384218988915,0.309617163818652,0.4804472895596053
C15orf41,-0.0049899033241525,0.30968836142747747,0.48050629104612574
LAD1,-0.00233103421539127,0.3100167136018331,0.4809642330558002
ASAH2B,-0.003329541480629139,0.31005075504061597,0.48096552811484217
POLR3D,0.0055544555743516355,0.3101166535771305,0.4810162358546967
SSBP3,0.02199232685132646,0.3101832437322179,0.48106800537717576
ZNF343,0.007548920833141182,0.3102638952111722,0.4810900608327393
OR2T33,0.006295764154072181,0.3102605252419874,0.4810900608327393
TTC39B,0.006989301747701404,0.31033504255329875,0.4811488713703681
JUN,0.012486865861632168,0.3104578776246216,0.48123629061590534
IDE,0.006864785655769978,0.31045631050873396,0.48123629061590534
FNTA,0.01658272675248007,0.3105275324303404,0.48129275331418414
KLF4,0.015029030812465649,0.31061001670581945,0.4813175866018069
MYCBP2,0.017683715521574328,0.3106004183647887,0.4813175866018069
FAIM2,0.0036504532152568103,0.3110751429722632,0.48198677479784546
SGMS2,0.004698602345845515,0.31149513558180464,0.4825342827558137
ENTPD5,-0.010510372564413117,0.31147828865209193,0.4825342827558137
TOMM40,0.01682382067372501,0.31166618272572,0.4826820881581084
HNRNPA3P1,0.008257074754093985,0.3117238506373202,0.4826820881581084
JAKMIP3,-0.0034933171437945276,0.31168374505404,0.4826820881581084
HNRNPA3,-0.009330847836029221,0.3117156896022261,0.4826820881581084
ZNF780B,-0.003792915975773248,0.3117873082163681,0.4827287410161278
TM4SF1,-0.004870063924244938,0.3118460033777776,0.48276801121459284
TBC1D5,-0.00987403012464938,0.31191295042240313,0.4828200463736333
LRP11,0.0036656998130579765,0.3120087396194397,0.4829167113323322
ZNF70,-0.0032022885506650667,0.31207487107077697,0.48296745726991497
GLYATL2,-0.0036597352797249627,0.31213640895640293,0.4830110841158696
DNAJB14,-0.011245060609912372,0.31220186659688726,0.4830607665622599
MISP,0.011958646407273399,0.312403686958012,0.4833214058854781
DEFB108B,0.0030616798868097206,0.31247463389634383,0.48332791513825757
C7orf25,-0.012010981157289713,0.31246052321747697,0.48332791513825757
SLC25A48,0.004428977985145188,0.3126613821168954,0.4835651317224894
SLC26A1,-0.0027273708734893987,0.31270477334019076,0.48358060399950065
OR52W1,-0.005220082291908845,0.3129318607125556,0.48388011856097524
INPP1,-0.01168801099564476,0.3130199995926127,0.48391308294368685
KIF19,0.005072448170062138,0.3130021774821276,0.48391308294368685
ANKRD55,0.01748698106322255,0.3132171867856279,0.4841662468946675
TM4SF20,-0.00368349783227373,0.31362551854088855,0.48472348756278727
NUMB,0.02493081380284501,0.3136780757336375,0.48472348756278727
TBX20,0.004311685603793691,0.31367654155346686,0.48472348756278727
ARFGEF1,-0.011749712789634437,0.3138305343907771,0.48490734586260037
PLAGL2,0.016848314516245466,0.3138732046536772,0.48492154626174516
KRTAP19-6,0.008711345560431738,0.3142079617219217,0.48531115868405905
ACTG1,0.02476882316059381,0.3142259076318079,0.48531115868405905
DPPA2,-0.00391062565722855,0.31420767063562205,0.48531115868405905
MET,0.013291547934243475,0.31443137894187145,0.48557672380787575
SPO11,0.0049310959661656995,0.31462573320027376,0.48582506606319453
IVNS1ABP,-0.022838998674590272,0.31470503534672367,0.48589571814965843
SERPINB6,-0.01683849198236409,0.3148703292343088,0.4860473034881944
MARCH8,-0.027689364349387624,0.3148558821587976,0.4860473034881944
SFMBT2,0.013184910346719647,0.315012939861969,0.4862156245695608
CTSH,0.019660359704415598,0.31513193514766297,0.4862665945545396
SREBF2,0.012015856522770818,0.3151466806878945,0.4862665945545396
ASNA1,-0.007056361359345509,0.3150930339402856,0.4862665945545396
ALKBH2,-0.008972486657703449,0.3154659876076182,0.4866934694896005
RBM26,0.015576863454965562,0.31549054025392564,0.4866934694896005
TOX4,-0.011040664289701851,0.31564939816387555,0.48688667550645087
SHB,0.008935112948574186,0.31589336743728996,0.4870555177732285
DGUOK,-0.010236511820732375,0.31586857938979646,0.4870555177732285
ZNF329,-0.012572037269072744,0.31582269639536814,0.4870555177732285
PAAF1,0.013439301655618685,0.31583005643181433,0.4870555177732285
SGPP2,0.006520006862309913,0.3160964275475401,0.4873167276847866
RABL6,0.011186909553206448,0.3162015204809499,0.4874268649048615
DRAP1,-0.019330478692250352,0.31636144971105584,0.4875177399313685
CASC1,0.004234744178837069,0.316331281553528,0.4875177399313685
CD302,0.01647170531762221,0.3163460438064251,0.4875177399313685
LGALS12,0.015316808669485482,0.3165706146381012,0.48773628150391
PIK3CB,0.011244520062002827,0.31653697347662074,0.48773628150391
PPM1E,0.00519692075289413,0.3166897905106203,0.4878679989104259
SIGLEC1,0.00508785342958884,0.31677919240301444,0.48795382566896317
CHP1,0.020754079871361242,0.3168580081262264,0.48802332940240994
SIM1,0.005084367987856275,0.31698283913654257,0.4881636833656228
ANKRD6,0.0048572760108847035,0.3170559983907208,0.48817805169850553
HSPBAP1,0.018404603273066478,0.31706435621871626,0.48817805169850553
RNF217,0.0041830697799962735,0.31709328295909556,0.48817805169850553
MFSD2B,-0.007152493196182164,0.3174928997139545,0.4886893899529136
FBXO10,0.00546253342600167,0.3174636797079301,0.4886893899529136
HMGB3,0.005043088141629681,0.31754887813833255,0.4887097181535977
CTF1,0.004446010456907068,0.3175735892889852,0.4887097181535977
TCEAL2,-0.005557072521974682,0.3176595473870853,0.488790065266604
WNT7A,0.0063282256427994454,0.31771706554093065,0.488826638760871
BZW1,-0.004600591309169566,0.3183343359065087,0.4897243251481542
CPEB1,-0.004510431061895304,0.31848524577441817,0.48990444985096354
FAM120C,0.004104830297642081,0.31854367667433386,0.48990711993798897
COPRS,0.011149900659521705,0.31855462963103975,0.48990711993798897
MAGEE1,-0.005937060075902778,0.31863026038796655,0.4899714079476916
DDX43,-0.005075313322386421,0.31871224305141904,0.4900454488701437
DLX4,0.0044559636495815624,0.318872573214784,0.49018789539831586
CDR2L,0.004145663412068679,0.3188539859326168,0.49018789539831586
RPL8,-0.014668294399699633,0.31897715149862244,0.4902966212783665
ABCA11P,-0.0040964095505025,0.3190476132564028,0.490305313836398
LCE1B,0.005301754355067523,0.31905050972853155,0.490305313836398
CORO2B,-0.003602681661584839,0.3190943044523625,0.49032059258307
WBP1L,0.014838001312871718,0.3193435472554813,0.49059948434963846
OR2W5,0.021571690969698132,0.319310084090458,0.49059948434963846
SPRYD7,0.006164124878851318,0.31938562845081336,0.49061209486494656
OR6V1,0.0041675757134687075,0.3197977553696517,0.4911930741011702
HIF3A,0.0033984453992284003,0.31987220799377536,0.49120325069782045
DDI2,-0.0035785594431532175,0.3198441777794003,0.49120325069782045
EIF1B,0.033376202790183385,0.31993136146700424,0.4912420056703159
SPINK1,-0.004431161177067544,0.3200205263620913,0.49124478906915736
LOC441601,-0.004024838702124001,0.3199767343481363,0.49124478906915736
C17orf53,0.004610382700546367,0.3200349233400006,0.49124478906915736
B3GAT3,0.011499710643452232,0.32013735748041244,0.49129788999219043
WNT9A,0.005534095585015386,0.3201328417759501,0.49129788999219043
TUBGCP3,0.003684854028495721,0.3202952057386121,0.4914880559294478
LOC107984813,0.004425105354658676,0.3203525081183512,0.49149538511138
PLXNA2,0.0036454516206685383,0.32036784940876406,0.49149538511138
C15orf53,0.003169964309941875,0.32049121238626477,0.4916325693923595
CLEC6A,0.004293805589673738,0.32057954711712694,0.491715997081909
CAMSAP2,-0.005531982910533806,0.32064045171109623,0.4917573382659379
LYPLA2,0.013385491448537401,0.3207160844310931,0.491821256421382
CDC20,0.013123499485127255,0.32085452674314224,0.49192939190723745
USP2,0.003569833363907371,0.3208337010484498,0.49192939190723745
ASB13,-0.009532388956875693,0.32096538884789194,0.49204727900855916
TMEM143,0.006835933162549601,0.32102182082592107,0.49208170735978846
DMPK,0.004647955431564377,0.3211198389733544,0.49217986748043013
ATM,-0.024886152032316033,0.32121510663573716,0.492273791610625
SLC15A2,0.005248393568815679,0.3214080822468533,0.4924805551108034
TMEM89,-0.004878170048026931,0.3214180259225645,0.4924805551108034
C10orf35,-0.00970488187777896,0.321565587118184,0.4926545339348188
B3GALNT1,0.003376871909142487,0.32169199501509466,0.49271141102677174
UCK1,-0.006895889701023172,0.3216849278643449,0.49271141102677174
BABAM1,-0.028339188779657576,0.32171050012960756,0.49271141102677174
PIM1,-0.039562127746121334,0.32173878248351334,0.49271141102677174
MIR99AHG,-0.0028955598485547185,0.3218514457359731,0.4927797399619275
WDR44,-0.00656959860853501,0.3218294075560178,0.4927797399619275
GORASP2,0.01431026730806817,0.32195467943551376,0.4928856967491789
RAB27B,0.009271127429223647,0.32199544337937475,0.4928960052744519
OR2A1,0.006172523765854976,0.32210059215612447,0.4930048585849421
C1R,0.0026648770431636493,0.322296546137953,0.49313161952560075
NRP1,0.0054611886430038226,0.32236430043192876,0.49313161952560075
MAEA,-0.014501651728585863,0.322338339770424,0.49313161952560075
TTTY1,0.004611798500640418,0.3223876902297648,0.49313161952560075
ARHGAP32,0.00997769254338099,0.32236634549814935,0.49313161952560075
ZNF682,0.013545243655787687,0.3223764358837033,0.49313161952560075
FDPSP2,0.005388632780420011,0.32242236226874,0.49313257604017213
OR5P3,0.0060189444625660116,0.32253290661906536,0.4931469937715588
ACPP,-0.014701292686943646,0.3227833822120639,0.4931469937715588
TSSC4,0.019919502613356954,0.3226884281242435,0.4931469937715588
AKAP8,0.010784247966790339,0.3225674202035025,0.4931469937715588
MLEC,0.015725508393956034,0.32273100538430444,0.4931469937715588
WWOX,0.004858351393468574,0.3228063137219103,0.4931469937715588
HMMR,-0.004349037203262185,0.32274658860609307,0.4931469937715588
POLH,0.004325386088058103,0.32275271779445924,0.4931469937715588
ETV2,0.010829361201501797,0.32257484003148595,0.4931469937715588
MAP2K2,0.02401291925941429,0.3227787582633292,0.4931469937715588
SNX33,0.0074826666959273425,0.3227494447113894,0.4931469937715588
SLC35A3,-0.010795407081948483,0.3228615113368375,0.4931793008018091
GTSE1,-0.0055651425098428575,0.32301751781357896,0.4933655729212146
C1S,-0.004611800874659622,0.32315686292010537,0.4934940581614878
PGBD4,0.0039148442369274505,0.32320385499308707,0.4934940581614878
PROSER1,-0.012203225640421422,0.32318822120010726,0.4934940581614878
TRO,0.004058262911031285,0.3233568850384334,0.49367567438565085
CTTN,0.023022507195313402,0.3234169696329848,0.49371536553163486
GALE,0.004046345208648994,0.3235348775913457,0.49379127155248165
TUBB2A,-0.03599799429310124,0.3235019282059335,0.49379127155248165
ADRB2,-0.02370901327014785,0.3236065591858591,0.49384863589168515
FAM43B,0.0033845408514521225,0.32376560092901113,0.4940392924416137
CNTLN,0.005520593036666632,0.3238557777191799,0.49412483772091026
MRGPRD,0.0062273493897064824,0.3239424769371571,0.49420505961215333
ALX3,0.005263927599421514,0.3244197243422334,0.4948810202604432
IMPDH2,0.02086032277489913,0.32445628900026446,0.49488467669332675
STK38L,-0.008007543405675221,0.3248265771150185,0.49539729840306707
CCDC120,0.009579657721227264,0.3251589490571937,0.49585199180294737
DLX2,-0.00457398375768836,0.325214874217552,0.4958850656034344
CSPP1,-0.010514186652364366,0.3252790873516822,0.49593076854755425
PTPRS,0.005767647306949897,0.3255149563131219,0.49623814622031964
HEY1,-0.0069708651959690116,0.32555443080747,0.49624609301361766
SOX7,0.003400969280233035,0.32559759438092195,0.4962596608453408
SPACA1,0.003912083733859539,0.32586360095739186,0.4965605887708431
GRXCR2,0.005016470334183509,0.3258429637140413,0.4965605887708431
GNB1,0.015214811875884138,0.3260745579263927,0.49682978087585444
LOC284023,0.009657317558319889,0.32619711034133436,0.49688971870339615
DCTN2,0.011412523918703954,0.326216814081096,0.49688971870339615
GM2A,0.01928579547081455,0.32616572012132566,0.49688971870339615
TRAPPC13,-0.004259943554188794,0.3262518991985993,0.49689090515168377
IL3RA,0.009184054703562872,0.3263611362189504,0.4970050149295845
ACTN3,0.004427914971138591,0.32650679818308453,0.497174565273738
MYH3,0.008410098586798753,0.32657636861857664,0.49722822696010344
PVT1,0.004675966671736198,0.3267440372039225,0.49743122081791186
PAX4,0.0038427472080417857,0.32687830462367395,0.49758332781600567
IQGAP2,-0.020475351348260062,0.3269222041345745,0.4975978567344658
LOC105378828,0.0035236456930647364,0.327168076431027,0.49791976663097565
BCOR,0.008610024030488717,0.3273818325424213,0.49816457227103306
PRELP,0.00367960497877462,0.327397719100246,0.49816457227103306
DMXL1,-0.005029685902009362,0.32756639682356314,0.4983165309938545
YPEL2,-0.012970583970433935,0.32755795917597696,0.4983165309938545
UBE4A,-0.020053371730474723,0.32794015082787864,0.49883271839855015
PSMC4,0.015385647764314392,0.3280158804877128,0.49884313450063333
PKN2,0.019477882088233756,0.32798257533145925,0.49884313450063333
RAB3B,0.005337855485988641,0.3281188168773179,0.49892092751415873
POLR1B,0.005487749501623007,0.3281359262289337,0.49892092751415873
ATXN7L1,-0.006118371356220287,0.3282970461062056,0.4991135106331775
ZNF41,-0.0027702155047961696,0.32848805429567995,0.4993514880792011
LY75,0.005202276264187233,0.3286223847531201,0.49950326590032446
VWA5B2,0.003914021369488374,0.32867485470885716,0.49953059764985175
NDUFAF6,-0.007257624227328563,0.32879678057828104,0.49966347391625465
ATP9B,0.006978344470026876,0.328882336747457,0.4997410580623339
YWHAZ,-0.011340322592943153,0.3290677271284932,0.49997030942296183
EBPL,-0.01510155596798679,0.32911348804097,0.49998738837690476
TBX22,0.006775109515174904,0.3297039953239237,0.5008319526241962
TMED1,0.014548142209429571,0.32994408604912046,0.5011441004965878
CACNA1D,0.00898670538743751,0.3300138638112451,0.5011975257882011
TSGA10,-0.0026016084739231005,0.3301211353922137,0.5013078763913633
NT5C3A,-0.026187045717186663,0.33033401785952593,0.5015694738356964
SLC1A5,0.02995887892646021,0.33036266089426564,0.5015694738356964
NOS1AP,0.004084067707142758,0.330570434601073,0.5017698374425418
UBE2V1,0.005775014909303877,0.3305550471920922,0.5017698374425418
VN1R1,-0.0038510977881980324,0.3305985610821718,0.5017698374425418
MIEF1,-0.01123995011562684,0.33074410537766175,0.5019381414805169
SVBP,-0.044387141938095453,0.3310117148207997,0.5022512981599754
SLC46A1,0.007911431844505046,0.3310198075279705,0.5022512981599754
LONP2,0.00840125521537427,0.331209190835841,0.5024685685191943
GATM,0.0038615720956931554,0.33123238692497015,0.5024685685191943
TAS1R2,-0.003447121515573137,0.331446792464346,0.5027411605459825
ANAPC2,0.005259562664577722,0.33152455931887187,0.5027538181525014
MSI1,0.005782223969415412,0.33151426816514,0.5027538181525014
KIF14,0.006993413369743351,0.33174665023837263,0.5030379482885876
PDSS2,-0.018916970486465345,0.3317930999638273,0.5030557165158667
CALM3,0.019321194748519233,0.3318295759747534,0.5030583607304091
ARMC5,0.006495442028128018,0.33193802284454305,0.5031701018189807
TBC1D32,0.01058457548287084,0.3321093950369629,0.5033771952402021
RIMBP3B,0.004083858290496956,0.33227159519075555,0.503570344746563
VN1R5,0.0048674930314911435,0.3323159545665214,0.5035848803035673
TCEA2,0.006778845133634803,0.3323915971830876,0.5036468138508045
ECI1,-0.01444592094417363,0.3325659217144931,0.5038582437356399
MTPN,-0.02698632399530787,0.33260671623151716,0.5038673442001145
SP100,-0.011767081747010799,0.33271513988332846,0.503883768718514
TRIM37,-0.004635198814687769,0.3327219251604438,0.503883768718514
SRSF8,-0.01727272863472784,0.332716014723174,0.503883768718514
GPR89B,0.009303135163809095,0.3327997740865929,0.5039489731176384
POLR1C,-0.009533180541427377,0.33289282828952727,0.5040371863835995
FEZF2,0.0066945731594367786,0.3329645271364996,0.5040930501771778
CAMKMT,-0.008168769916694352,0.33346690055264805,0.5048008557279007
PPM1A,-0.011352232001503815,0.3336950106377998,0.5050933779995708
OR4F21,0.004603601893387932,0.33380574327914275,0.5052081907685584
PI15,0.006555731050378988,0.33389223945885554,0.5052863019874687
HAND2-AS1,-0.0040304334964842425,0.3340581718482255,0.5054317936957796
PIK3R2,0.02520476710537345,0.3340382885750001,0.5054317936957796
CCR8,-0.005445145227534809,0.3342748679200163,0.5057068296379273
ANKRD53,-0.005061757224648744,0.3343893189347952,0.5058271431281016
SLC13A3,0.017245070564050557,0.33452210031444857,0.5058841732000136
DEXI,-0.01522915831425209,0.33453180136079325,0.5058841732000136
CALCR,0.003400744412226153,0.3345129108094239,0.5058841732000136
KRTAP4-11,0.003070667397764737,0.33478999181757607,0.5061882829299359
CFHR2,0.018141566670237808,0.3348027996733489,0.5061882829299359
CPSF7,-0.005171590579277741,0.33491535489489216,0.5063056048739817
BCL7B,0.00959639880214258,0.33502041312117953,0.5064115699903114
GJC3,-0.004108322846510859,0.3351185782572462,0.506507094592294
MYCT1,-0.004162755925966266,0.33524551613478265,0.5066460826060301
WARS2,-0.00600515689387926,0.33570619755419695,0.5072893651930087
DDX24,0.020252434007220543,0.3357745920943324,0.5073397863440758
ENTPD3,0.012951514689789612,0.3359123460695128,0.5074949849244627
CDC37L1,-0.0026477354743450476,0.3362805167557554,0.5079982274395454
TRIM47,-0.005217038372192562,0.3363410584446906,0.5080225399841617
ANKRD10,-0.016789332783448074,0.3363667604562352,0.5080225399841617
CSRNP2,0.009366885089675314,0.3364059580704076,0.5080287662070465
NUPR1,0.004043640521367742,0.3364855525480858,0.508095990732535
TCP11L1,0.004083404905682819,0.336542505002032,0.5081290151620381
JRKL,-0.003193848394183796,0.33665409384768136,0.5082057500233128
PTGES,-0.006775319156790971,0.3366635025872471,0.5082057500233128
HMGCS2,0.005611402184309,0.3370368867822455,0.5087163680860821
CIDEC,0.005788677837458067,0.3371862775679841,0.5087827944884552
VDAC1,0.01836537358435031,0.33717310024783925,0.5087827944884552
UTS2B,-0.0037397869796107486,0.3371518616525449,0.5087827944884552
CA2,0.028535216270824115,0.3372724796351749,0.5088598536495702
FAM134A,0.02111618504370849,0.3373872569237186,0.5089800051331258
SHOX2,0.005137542859079858,0.33775237347680565,0.5094777522847378
TRIM6,-0.005024093534259144,0.3378621429761436,0.5095902612586133
SPATC1,0.004012532473157471,0.3379938267969524,0.5097357962647916
TNFRSF19,-0.003297020189991784,0.3381646612150239,0.5098341785196634
STBD1,-0.0064419070117134325,0.3381271739632168,0.5098341785196634
SNORD15B,0.0037561928072120665,0.33815112620631577,0.5098341785196634
NOP14,0.012003525633237366,0.3382126015451145,0.5098533847605577
SNRPB,0.016598920241817083,0.338341429460301,0.5099414426954213
LINC01132,0.004416043206798115,0.3383222068953924,0.5099414426954213
NEUROD6,-0.003745893770649822,0.33846855455499597,0.510079965058221
TMEM189-UBE2V1,-0.008521805289861462,0.33860528659178907,0.5102329349766409
OR13A1,-0.004423020399897837,0.3387097844598704,0.5102621851862542
ATP1A3,0.01831304399055611,0.3387303859821758,0.5102621851862542
C11orf31,0.006262992521831379,0.33868322605029416,0.5102621851862542
EID1,-0.006029624037241277,0.33888583762761865,0.5104432687394372
KLK6,0.003613555927341139,0.33903907495979824,0.5106209796940541
PSG3,0.017943145528785287,0.3393343870785126,0.5110126078649591
WFDC8,0.006055846744693838,0.33950055800237516,0.511056109884688
GSTA5,-0.0037373840400354297,0.33950441102668244,0.511056109884688
IRX6,0.007591599451123976,0.33947262404601325,0.511056109884688
CMBL,0.01831700731913255,0.33950395283092916,0.511056109884688
C3orf30,0.0037726125897767915,0.3397395542606279,0.5111461760768861
FCHO2,-0.013782692857315482,0.3396859898079086,0.5111461760768861
DNAJB3,0.0069668638973103825,0.3396655051203423,0.5111461760768861
SYNE1,-0.005268709651317316,0.3397281029472341,0.5111461760768861
ITSN2,0.004316261335133298,0.33974069573958726,0.5111461760768861
MAPT,0.0030507119763596435,0.3398342330045964,0.511233800461007
ARFRP1,0.0068335427390744385,0.34000125467817494,0.5113294056966567
GSK3A,0.007710313311084072,0.3400036941635253,0.5113294056966567
ACVR2A,0.006002389570126887,0.33997885160521635,0.5113294056966567
BAZ2B,-0.0328833472378669,0.34021077322424154,0.5115877117296423
BAD,0.00518887106992949,0.34046353660251105,0.5118615179728846
FAM197Y2P,0.004701544883237929,0.3404430356637441,0.5118615179728846
CPB1,0.007063233953748416,0.3406084110950432,0.512026178131874
FGF23,0.02676840468250763,0.34117841422168477,0.5128298206296059
SLC50A1,-0.008331980140126483,0.3413637122561828,0.5130461264820971
SHF,0.0036327171066927733,0.34139316259558494,0.5130461264820971
GOT2,0.01828900784422771,0.34169242562332514,0.5134425866509225
SPEM1,-0.005910441762614127,0.3418715684003407,0.513512406310904
ATG14,-0.014685637670588392,0.3419161589659181,0.513512406310904
SPG20,-0.00569602203708186,0.34185000215523215,0.513512406310904
FCRL2,-0.015630147035650133,0.3419068265459566,0.513512406310904
HIVEP2,-0.009712474269256255,0.3418277629265925,0.513512406310904
C6orf163,0.006370837847674338,0.34198739119722615,0.5135661352100179
TMEM35A,0.005583149361510387,0.34212850338689726,0.513724781573276
ZNF581,0.018333928930324817,0.3424255528567731,0.5141175191849799
CCR10,-0.007327273586128946,0.3425253607777501,0.5141682486090172
NXPE1,0.004832611060671788,0.34253033905194746,0.5141682486090172
TCF15,-0.004463809503143956,0.34259653829943865,0.5142143275366912
RTN4R,-0.0053968632167009645,0.3426502834404201,0.5142417060771987
KLF1,0.029162600020348428,0.3427264503999375,0.5143027256105154
SLC25A16,-0.0073153995866226396,0.34287256184497505,0.5143088427674626
TYMS,0.014389322014960904,0.34280753472199316,0.5143088427674626
GAS2L3,0.0048124981206054684,0.3428392369820988,0.5143088427674626
DIRC1,0.0053414582352759865,0.3428015309536638,0.5143088427674626
GCH1,0.007846971518352674,0.3429559953524916,0.5143628810877016
RUNDC3A,-0.04619408797813129,0.3429999920223862,0.5143628810877016
LOC729451,0.00917318797555211,0.34301512485681507,0.5143628810877016
VSIG1,-0.005993083321103931,0.34305907822559606,0.5143755371655832
FUT4,-0.006092424682766939,0.343325931282191,0.5147223671143002
TRPM6,0.0193510730101476,0.3433799856164183,0.5147501254055271
EFCC1,0.003549698188541228,0.343631763919575,0.5150742490542404
NREP,-0.012358662294949418,0.3437844224263125,0.5151660082110581
GPR19,0.004546152600623188,0.3438201698581385,0.5151660082110581
FBXO16,0.0034953352975684027,0.3437850740678151,0.5151660082110581
GK,-0.024574528971941234,0.3438352527876483,0.5151660082110581
TMEM81,0.008906529634288063,0.3439527214817221,0.5152887068619428
TUBE1,0.004507574786840607,0.3440171875229631,0.5153319830471194
MARCH9,0.003945675769444712,0.3441412577347898,0.5153669070537885
SIKE1,-0.004851558853873783,0.34414724696383886,0.5153669070537885
MARCKSL1,0.020090108118374417,0.344133535290423,0.5153669070537885
RHCE,-0.007484254595629736,0.34487063454113803,0.5163968025115107
NAPG,-0.007209801687625195,0.3450588608886457,0.5166252368318321
CCDC22,0.009719846039399904,0.3451839051928715,0.5167590369833128
LPAR5,-0.019539718707234144,0.3452597865878638,0.5168192175422303
GSTA4,-0.004199228952996847,0.34532501850154845,0.5168634461068955
OR4D2,-0.004504785799078981,0.3453740813584102,0.5168834670794806
GRK3,0.004240789752159024,0.34543485444429173,0.5169210075184546
SOCS5,-0.002409379705164305,0.34571349098721826,0.5172310921866408
FAM169A,-0.0025058652197049724,0.3456922708438912,0.5172310921866408
PAIP2B,0.006169597176483244,0.34575030537896284,0.5172327435559696
PM20D1,0.005951828902685641,0.3458369965554441,0.5173090011472739
CTDSPL,0.026604452768203224,0.34607640969366155,0.5176136635690824
CYSLTR2,0.005858702778843039,0.346488929926462,0.5180166867315107
NHS,-0.003619504576921173,0.34641302922880174,0.5180166867315107
SPIN4,-0.008490464535978681,0.3464530047353423,0.5180166867315107
LOC107987345,0.031081216892680175,0.3464760528480862,0.5180166867315107
STK17A,-0.0071584680736700435,0.34684435395658275,0.5184945425438274
ZNF223,0.025818123761910172,0.34699799182081026,0.5186706825111058
PLXDC1,0.005587457715858335,0.3471325458632488,0.5187647332112356
SLC52A3,0.004763577513132944,0.34710113229582923,0.5187647332112356
MRPL19,-0.008015517966920349,0.3473159797282878,0.5189690278164174
PHF13,-0.011456561970119239,0.3473409110502865,0.5189690278164174
ADAP2,0.018952982482856484,0.34750046468536355,0.5191538659621254
OR51T1,-0.005599304674731798,0.3477123682339134,0.519416866903878
KLF12,-0.010133102325310617,0.34775848524460096,0.5194321852410849
E2F5,-0.015108888983490054,0.347799902869121,0.5194404818680499
PAPD4,-0.023934963795893438,0.34791893209646946,0.5195646780580744
MED14,0.0022200385939443734,0.3481872971946798,0.5199118363471898
SH3GLB1,-0.02417481615507988,0.3482570700524522,0.5199624165178557
EGR3,0.005619551930695188,0.34836490126322484,0.5200698031227117
PRTG,0.004568438353985904,0.34848839328164904,0.5201434142452829
CCDC24,0.007242205179610828,0.348487466484145,0.5201434142452829
MRPL37,0.01716706021091241,0.34852194388638985,0.5201434142452829
PCSK9,0.004637760025985926,0.3485858814672787,0.5201852366754651
ATE1,0.0025140657960038837,0.3487195492169233,0.5203310962045861
HIC1,0.0051297548457798214,0.34880504339372054,0.5204050523809897
SAMD4A,0.008865598572383782,0.34902487567691315,0.5206698748385017
ASB11,0.0032049342914879375,0.3490544383237953,0.5206698748385017
SCD,0.008935602758619154,0.34911452487634825,0.5207058776963267
BUB1,-0.005273417737471142,0.34936819982004735,0.5210305813625994
STX3,-0.025852189344941934,0.34945737665349724,0.521109919020823
RPL37,-0.005452797832801615,0.34957576798860096,0.5211791480748221
LOC101926963,0.004565705185581415,0.34956450250046317,0.5211791480748221
TARP,-0.031312742915092784,0.34990439463271017,0.5216154026204378
BTBD9,-0.006075419252296932,0.3499435801522736,0.5216201312056736
SNORD100,-0.004227228160496921,0.3502320642370694,0.5219964209106517
NEO1,0.017349439460435434,0.35028384115778616,0.5220198739921159
TMC5,0.005395775038868678,0.35036708319197984,0.5220902091515057
AAMP,-0.009935328170920243,0.3505966932040376,0.5223786137606502
KLHL28,-0.017268479185768015,0.350861296738088,0.5226719150568254
ABCD3,-0.007522484921246075,0.3508657159691738,0.5226719150568254
PLEKHF1,0.02740255101424438,0.35094389493292133,0.5227051645947342
MASTL,-0.004292668743646644,0.35096021304085817,0.5227051645947342
CFAP206,0.006675838776701859,0.3511663199947298,0.522904593276824
FBXL5,0.018081562132618245,0.35113193754650934,0.522904593276824
TRIM49B,0.005745456066032162,0.3512395708583956,0.5229599038150701
ABCA13,0.005067439934762774,0.3512942345892542,0.5229875314822446
PIN4P1,-0.009425318295028795,0.3513959120584655,0.5230851377445852
ACSL3,-0.006616805961914274,0.35148995995414645,0.5231713677911681
LOC101928596,0.006351299564752111,0.35166999330771687,0.5232490602757773
POMZP3,-0.01249228134916791,0.3516821190842115,0.5232490602757773
FGF2,-0.0059142237562586075,0.3516199132144049,0.5232490602757773
GNAZ,0.006643652105683628,0.3516866612665488,0.5232490602757773
FOXP1,0.005828554378247475,0.3518313006155939,0.5234104928221305
BRD9,0.012244567314880328,0.3518765558505203,0.523424056171196
CCDC144A,0.004514741060849481,0.35219692445834555,0.5238468118560975
IGFBP6,-0.004667596697167653,0.352255487089806,0.5238801185962367
FBXO11,-0.021699154646659835,0.3523498613791277,0.5239666727120417
CUZD1,-0.004119654359537428,0.35249172620075564,0.5240861391092468
ARHGEF6,-0.018061554483496778,0.35250256608687397,0.5240861391092468
IGFBP1,0.004470064355594161,0.35254038333173965,0.5240885673998683
ARID1B,0.003913960530607774,0.35258439232522293,0.5241001989366306
TOB2,0.008945458357334957,0.3526308219569163,0.5241154258823988
PNPLA4,-0.0034122799387628078,0.3526938551878589,0.5241553251119381
BCL7A,-0.0035407672061129603,0.35273062787126275,0.5241561930940155
CCNL1,0.01110506768433872,0.35298965925854897,0.5244873024929035
STMN1,-0.004792295847165562,0.3530530075579101,0.5245080331164484
C1orf140,0.0037958696511957157,0.35307603720556285,0.5245080331164484
ARFGEF3,0.0054511859120891515,0.3532162510122634,0.524662514579184
MKS1,0.0051102070321418225,0.353338226849008,0.5247898767105242
TMEM198,0.006331984485126618,0.35341752734785853,0.5248538363689514
RHEBL1,0.005986208641317603,0.3535101133078741,0.5249375108828428
PARD6B,-0.00495837764659246,0.35363744122172386,0.5250727522968168
MS4A2,-0.012252591711398253,0.3537373659924122,0.5250978678279313
CCDC174,0.01185809443960828,0.3537631175272683,0.5250978678279313
ITGB3,0.020280127365117195,0.3537438422817853,0.5250978678279313
FAM167A,0.005445890833531308,0.35394396066296235,0.5253124629821033
CCDC187,0.0044105272958194774,0.3542742184490351,0.5257487479524411
F2R,0.01132242965863206,0.35475431254435097,0.5264072802881241
KANK1,-0.004495053902546786,0.3550879841777729,0.5268363519173714
MAGT1,0.029212360708353202,0.35511621815584765,0.5268363519173714
NDUFB7,-0.020855180327513878,0.3552043775411302,0.5269131712726065
ASH2L,-0.01039203873556005,0.35530097216805534,0.5269241845890278
FBXW9,0.01351226225068114,0.3552924017309933,0.5269241845890278
ESYT1,0.02279906133570364,0.3553209410992153,0.5269241845890278
FAM63A,0.0120538507878587,0.35537978714505497,0.5269260203863906
BORCS5,-0.003985450614461428,0.35539493877068834,0.5269260203863906
FSD2,0.005319527229706189,0.3556875060248034,0.5272518511169023
LTBP3,0.013326299917871154,0.35567507240049834,0.5272518511169023
KLHL8,0.015414434647009756,0.3557851688276368,0.5273333193423846
C12orf10,-0.019136677076966535,0.3558152809951066,0.5273333193423846
SLC8A1,0.007315805450302193,0.35617033992779606,0.527805525221424
SHC3,0.0056579729396419864,0.3565680433763289,0.5283408225332734
DNAJC14,0.007972918888397906,0.35661534487924884,0.528356859168478
PRAME,0.00599380171855568,0.3567304090723187,0.5284732786134257
EPB42,-0.06526830643161574,0.35682451920511127,0.5285586353208049
ZNF75A,-0.007288237244367224,0.35687980766383914,0.5285672032000347
CD300LG,0.0037578077005031574,0.35690328965039625,0.5285672032000347
RHBDD1,0.007714721054693285,0.3570470947433344,0.5286804614384593
IL1RL1,0.0027715299454156295,0.35705276676270425,0.5286804614384593
HINFP,0.006933378000974599,0.3571181437385746,0.528723213115559
ABCA10,0.0029413128299085045,0.3572964431323314,0.5289331237048945
SNAPC1,0.009726542846261843,0.3573998996149464,0.5290322070539483
NRIP3,-0.011141964719794117,0.3576976112709551,0.5292565330113917
VWA5A,0.00551786296562895,0.3576347671921084,0.5292565330113917
ANO7,0.004885155331555424,0.3576632091145498,0.5292565330113917
ZSCAN25,0.008063659771024412,0.35761090073194807,0.5292565330113917
CPNE7,0.00249438634852428,0.3577985835998478,0.5293518574933805
PELI3,0.003880342346619159,0.35783663630922674,0.5293540843941211
GFRA4,0.012439483149712771,0.357874676437462,0.5293562922304126
UGT2B4,0.00379238033970708,0.35802055478301714,0.5295179940240192
LARGE2,0.005034320721054364,0.3586584542974578,0.5304072954915641
ZFP36L1,0.022021152369712027,0.359087474607109,0.5309333383227202
PAX8,0.0028723849662535272,0.35908707868426043,0.5309333383227202
KNTC1,-0.010333892444715609,0.3591664074864996,0.530995840158667
RGPD5,0.0024933442686689844,0.3592358410554872,0.5310442867776768
ZC3H12B,-0.0049383209413003115,0.35930119548975575,0.5310866940987471
QTRT1,-0.007561492727872654,0.35943942471860063,0.531200498324633
MAGIX,-0.004814395437281682,0.3594515385307738,0.531200498324633
WDR19,0.010692529821497487,0.35961591703960827,0.531389200408252
TRIM43,0.006064601610469289,0.3602950577586282,0.532338428703047
KBTBD11,-0.017351827030310574,0.3603528700257799,0.532369539927927
CCDC27,0.005536441919796964,0.3605710211864951,0.5326374983034365
MGC57346,0.0070419568086190765,0.36065360796850243,0.532705166002018
MAPK1IP1L,-0.011147443225589804,0.3608226251980163,0.5327918139838993
OR5AS1,0.007439029693085075,0.36081541580878884,0.5327918139838993
LRRC59,-0.004223393745878212,0.3607535926840505,0.5327918139838993
PSMD13,0.006467225356793449,0.3608855274986735,0.5328303751570629
KCTD3,-0.004656084098100699,0.36105680705197535,0.5329746018488393
CAMK2A,0.004981352445354581,0.36104786704984293,0.5329746018488393
APOC1,0.00590132808778332,0.3611848858341134,0.5330550118627775
GALNT9,0.002373164121308946,0.3611658428441173,0.5330550118627775
FLJ44635,0.005139053927933013,0.3613140524825499,0.5331369943110486
TPPP,0.005499145218823109,0.361305155384864,0.5331369943110486
GYPB,-0.0551973064228104,0.36155978448929776,0.5334452397415695
FAM72A,0.007236310245077426,0.36160584867625434,0.533458862520561
TMEM56,-0.004902325735426594,0.3616897326643669,0.5335282704868816
ZBTB9,-0.00986648472237217,0.3617291974758455,0.5335321482932939
UBOX5,0.005132963522954448,0.3618596726497293,0.5336702472924019
SPN,-0.00885636855364158,0.36201677149516664,0.5338475787350838
COG7,-0.0063657666178631445,0.36216544872284123,0.5340124564085954
C11orf70,-0.004576331667776934,0.36227019410612366,0.5341125296654209
EMC9,0.007354715122472655,0.36250830538535983,0.534409190351303
RNF5P1,-0.010612946093569775,0.36302940114941445,0.5351229234936006
ACTC1,-0.0031543246205503195,0.36310812120841796,0.5351465146761851
NOP9,0.005313143218075744,0.3631468478360854,0.5351465146761851
AMDHD1,0.005126893556018253,0.36315624777355865,0.5351465146761851
MOG,0.003436793603916577,0.3632282563647498,0.5351981755022417
ACBD4,0.006521455894335837,0.3635192858828946,0.5355725090761718
SLC4A3,0.0042305514606901795,0.36367716353327695,0.5357506139764019
CTDSP2,0.01813539748970605,0.3637442706181356,0.5357949776907429
EVPL,-0.005633313982017718,0.3638855887258652,0.5358660498883149
USP9Y,-0.00477070929951573,0.3638701396852391,0.5358660498883149
A1CF,0.0034583013798670237,0.36390351192360293,0.5358660498883149
HIST3H2BB,0.0042168500766655015,0.36405557918362075,0.5360354792005249
LCMT2,-0.010361449893654395,0.36427991764501977,0.5362567666602771
ARHGAP44,-0.006184349597664784,0.3642511036682015,0.5362567666602771
MCMDC2,0.02186379476179745,0.36432205211151225,0.536264288900726
PRY2,0.005474185081586924,0.3643765356254592,0.5362899849607916
PLA2G2D,0.014328878602882789,0.36452740762387303,0.5364575261150353
SLC25A31,0.0048770427250941495,0.3648374121504296,0.536859197154
ARL11,0.008346362584782163,0.36497901390357884,0.5370130066415518
ZNF432,0.007065324107726312,0.3653709757049257,0.5375351155012843
KCNG3,-0.002588631190168833,0.36545318404227983,0.5376014541609162
CD1C,-0.00629620501340078,0.3655658396863454,0.5377125644375979
GPHN,-0.00433070826530102,0.36590959926786537,0.5381103005409175
SLC9B1,-0.003247255413019623,0.3659105461217548,0.5381103005409175
GTPBP10,0.004625764900048068,0.3659991568472288,0.5381580108605654
SERF1A,-0.002829016393234518,0.3660660851228065,0.5381580108605654
FXYD2,0.003070166488990722,0.3660419460404053,0.5381580108605654
EPHX4,0.010148541854122506,0.3660916101221452,0.5381580108605654
UGT8,-0.0033310547115759093,0.36614970188140855,0.5381887844581207
SYDE2,0.005663356725563062,0.36630297693280855,0.5382502097894692
SLC39A9,-0.005718277251502535,0.36628444538437555,0.5382502097894692
SLC28A1,0.006257621555915804,0.36628709997363107,0.5382502097894692
CD1A,0.009079225328864737,0.3663537685547912,0.5382570206861939
UBE2MP1,0.0033315279154662036,0.3663819364088087,0.5382570206861939
TUG1,0.016765706721658447,0.3665780909043572,0.5384453636043167
DKKL1,0.004327581320289653,0.3665844884356647,0.5384453636043167
MPHOSPH8,-0.012751297250249927,0.36678093344546936,0.538679278039361
SSC5D,0.004233485240015433,0.36681922284138124,0.538680890564186
VAV2,-0.005860256860882984,0.36711314358848673,0.5390578641256732
RAP1A,-0.00887667663941727,0.3672536768793732,0.5392095545788993
SCNN1G,0.003260167391090363,0.3675362606982099,0.5395371320907907
LRTM2,0.00655953351498173,0.3675512898605241,0.5395371320907907
CTCF,0.014111636295929486,0.36764986974784397,0.5396271497190689
MDM2,0.0052403728210901335,0.3677278272583884,0.5396868831705843
VPS13C,-0.010108801229561593,0.3679350992547197,0.5399363705780507
ZNF768,0.005331575866707183,0.36807777824238247,0.5400578809836515
STAC2,0.006376074117312669,0.36809247452848715,0.5400578809836515
GUCA1A,-0.007462593746361712,0.3681440086477844,0.5400787826653002
OBP2B,0.00402943425996849,0.3685505305251208,0.5405727599274204
ST6GALNAC3,0.0036421756587570187,0.368555371740077,0.5405727599274204
FOXM1,0.005859587680803635,0.36864842674343823,0.540654497058724
PRMT7,-0.006604390055533926,0.3691567073738006,0.5413451199354183
PLEKHA3,-0.007048285571245927,0.36935555027140254,0.5415270563954848
DSP,0.004017254879623344,0.3693479707409371,0.5415270563954848
NME4,0.029733687167965428,0.3694729845290507,0.5415516795611447
HCST,0.020245142339817335,0.36943204838586957,0.5415516795611447
KCNA5,0.0039817040407532645,0.3695335386992139,0.5415516795611447
RFX6,0.0036848338882355947,0.3695089892323847,0.5415516795611447
SEMA3E,-0.02318943120833339,0.3695592930669949,0.5415516795611447
NFIX,0.03828899395934737,0.3698510830529292,0.5419244397509991
ING5,0.003411979937798293,0.3698919635771522,0.5419295165336306
FAM150A,-0.003964553092218992,0.36997798955631017,0.5420007283031857
MAP3K8,0.01752278460490242,0.37011439086306064,0.5420908926342978
LGSN,-0.0032001252587603446,0.37011242257133986,0.5420908926342978
LOC105377443,0.005354466290270921,0.370223996590937,0.5421790607115642
LOC729950,0.0050907366511356855,0.3702494538454903,0.5421790607115642
SYDE1,0.003745002467248071,0.370592017093474,0.5426258365933964
C5orf66-AS2,0.007407471879790073,0.37096560872609324,0.5431179497411033
TDRG1,0.004052473997200323,0.3710598096684956,0.5431460619745822
SIMC1,-0.006293675954387901,0.371024404697543,0.5431460619745822
GPR20,0.004826044122316908,0.3711039922809689,0.5431558431889201
SIK2,0.0035956836888306754,0.37116727262827626,0.543193571460842
CLCN1,0.005467939865783755,0.3712937911674433,0.543323830194913
CT45A5,-0.0027286003787709845,0.37140150236931835,0.5433523805611803
TMEM87A,0.01797572595578778,0.3713569908229777,0.5433523805611803
ALDOB,0.01644750251348359,0.3714633576578851,0.5433523805611803
ACY1,0.008567766642102903,0.3714526901367115,0.5433523805611803
OR52H1,0.003900122880280854,0.3715515050024868,0.5434264362774937
M6PR,-0.0168992127044163,0.3716646382531016,0.5435370174129567
AK1,0.010573298533601339,0.37174771513010046,0.543573172027633
WDR74,0.0184305031525529,0.3717644188142593,0.543573172027633
FLT3LG,-0.022719635916862657,0.3718721782729869,0.5436758484007209
LINC01243,0.004620561222608011,0.37211118053053355,0.543970361203497
PFN4,0.0049805594807654785,0.37249957534267236,0.5444628334555452
SEPT1,0.01194661805126529,0.37256083556875924,0.5444628334555452
FOXK1,-0.004156830751069762,0.37255676312351765,0.5444628334555452
AZIN1-AS1,0.005866386434491666,0.37267144951493186,0.5445695394243617
APBA1,-0.004211459883526558,0.37273275897917774,0.544604184510684
CLSTN2,-0.004258470505212664,0.3728571691998842,0.5447310105599277
LGALSL,0.008701933723462396,0.37313321507804625,0.5450793229642382
GREM1,0.004733232706667145,0.37332345736260103,0.545302234413061
FBXL7,0.010055113309532793,0.3733614448574038,0.5453027293853622
SGCE,-0.00639146983831651,0.37348287854707274,0.5454250870009882
KCNK4,-0.0059009241376069,0.3736041846743758,0.5455472336751345
ARL5B,-0.004383185602162776,0.37376944652657756,0.5457335346261037
SLC8A2,-0.004839171536831444,0.3739159121553688,0.5458923567844332
OSTM1,0.014625383135896008,0.37406493841090716,0.5460548848965511
GPR22,0.004080828186928898,0.3741414559973184,0.5461115437534173
OR52B6,0.011549018005800882,0.3743993945344192,0.5464329736433422
ARL4C,-0.01014052520191111,0.37453708487278675,0.5464732661344097
LAGE3,-0.014292827008471676,0.37454019006602357,0.5464732661344097
TRUB2,0.005837134626119678,0.374528617106395,0.5464732661344097
DENND5B,-0.011083273893714107,0.37481169119530466,0.5468143166068485
ZNF14,-0.015701776971612347,0.3748750039110052,0.5468516020391782
IMP4,-0.016326354021181544,0.3750542789240053,0.5470580237598482
CTAGE10P,0.0039321107936638455,0.3751934584484316,0.5472059261068455
SPTLC3,0.003030020960169466,0.37555913203399754,0.5476496321649912
MTOR,0.012115858166565907,0.37561111888477094,0.5476496321649912
ITCH-IT1,0.024474356057531566,0.37560933221260145,0.5476496321649912
TGM6,-0.006469238101345809,0.37577468885745713,0.5477799338996304
ZIK1,-0.006423566481920773,0.3757761269833422,0.5477799338996304
C6orf62,-0.011341797896264438,0.3758938092564967,0.5478963402708159
OR2W3,-0.039979818585234916,0.37605129855013064,0.5480155959553368
KRT77,-0.0060780926846186745,0.37604123582995,0.5480155959553368
FRMPD2,0.002994148050708745,0.3761376775663117,0.5480863301680542
CPVL,0.028318764059822144,0.37624482956029404,0.5481873163013076
FGF1,0.003285184965958976,0.37637535763301794,0.5483223375534734
FAM161B,-0.0036001242989955884,0.37646187487893923,0.5483932209339792
TMEM107,-0.009019741286189209,0.37699024789676006,0.5491076780507514
REV1,-0.011169559775765059,0.3770763523007796,0.5491778669406226
EEF2K,0.010411944324198785,0.37720089115272953,0.5493040124126418
ATP2A1,0.0036808147445377415,0.3772818178556359,0.5493666281110918
C15orf61,0.009986394258447717,0.37736248026262836,0.5494288464137423
DACT1,-0.003048254198281697,0.37745614932422805,0.549509987618064
VIPR2,0.005092868050264876,0.3777927372408338,0.5499447242408277
NUDCD3,-0.011890491175516438,0.37801369246281313,0.5502110663884419
ECSCR,-0.0035564807459707026,0.3782717100821159,0.5505312950994139
ADAMTSL3,0.005672038223115905,0.3785217369193257,0.5508398309594609
NAA11,0.002910397159380018,0.37869263606095427,0.5509778142347425
RPS6KA2,-0.00611132773146128,0.37867069372288564,0.5509778142347425
ATP4B,0.0037610991198500088,0.37884669049464637,0.5511187152583841
ZNF106,-0.015494744918992609,0.37886557910989577,0.5511187152583841
MMACHC,0.005464815167931292,0.37893193835513667,0.5511598910560151
ZHX2,0.014426928459900346,0.37899082927502453,0.5511901969293559
ZSWIM3,0.004311041819858197,0.37923751723782667,0.5514935943446467
IRF2,0.01055467156264811,0.37944749560780683,0.5517435524930704
MRC2,0.00593981569426294,0.3796957692220767,0.5520491388689579
PA2G4P4,-0.005246626334351134,0.3797883204207553,0.5521282779257471
PGLYRP4,0.006730290643482739,0.3799139953403442,0.552200601656435
DYNLL2,-0.009855951984417466,0.37991431893857874,0.552200601656435
ICAM4,0.007116835737019045,0.3799798721510754,0.5522404644025865
SLC30A6,0.003331733500444578,0.3800308484427564,0.5522591360333986
PPCDC,0.0059812008604058775,0.38014096839166683,0.5523637425947936
CDCP1,0.0028083383733239486,0.38043312511522137,0.5527328101282843
FLG2,0.003801757039055609,0.38051396081536715,0.55279480526076
KIAA1549L,-0.003691487761845913,0.3805812868965768,0.5527966095312583
HKR1,-0.007011840591697016,0.3805915348139815,0.5527966095312583
LOC407835,0.01823301341249106,0.3810960065272446,0.5534738352091257
C15orf54,-0.005912729656859739,0.3811389811978443,0.5534807503177839
ACSM5,0.002738454556689973,0.3813096506195446,0.5536730806589959
DDO,0.004555316075652627,0.3814334216135144,0.5537972813402309
BCKDHB,-0.003407523219528308,0.3819761211376915,0.5544678513673003
LYZ,-0.04262108123971409,0.38198646550204524,0.5544678513673003
FANCI,0.003711418283088186,0.3820322027753288,0.5544678513673003
MDGA1,-0.006505769149009133,0.38204840904761506,0.5544678513673003
ERVW-1,-0.004069206474063947,0.38237897594450687,0.554892003564797
UBL4A,-0.015101684566703355,0.3826292161344783,0.555199515777578
AGK,-0.011302376759788402,0.3827462323216375,0.5552557918964949
IL36B,0.0037612350309483844,0.38287236250826845,0.5552557918964949
KLHL2,-0.018325144140360017,0.38287677485493116,0.5552557918964949
WDR35,0.00438307581479247,0.3827871667840219,0.5552557918964949
ATXN1L,0.008172798302013895,0.3828980150139596,0.5552557918964949
SNORD14D,0.0052147953630088395,0.3828211462768401,0.5552557918964949
EXOC2,0.007827302790204271,0.38325810373796526,0.5557021997164103
CD2,-0.028414204170756463,0.3832825859684438,0.5557021997164103
AIPL1,0.0031045528497504193,0.38368218738350485,0.5562258835014197
RANBP10,0.025479443787981282,0.3837996048341363,0.5563404199777452
LOC100131662,-0.005463309255949511,0.3838916071671774,0.5563624212737039
SEC62,0.011468414055935128,0.383875371268322,0.5563624212737039
SPDYE6,-0.00539805893996359,0.384570810391789,0.5572910072751047
GPSM2,0.00484838633223017,0.3847386176158864,0.5574784051168966
RAB14,-0.004022335441442593,0.38481196307078075,0.5575289059835139
DNPEP,-0.009188458018686063,0.3848609847014959,0.5575441590734613
CD200R1,-0.0038752579163592316,0.385158613597632,0.5579195278875989
GLRA1,0.003044680474009631,0.38525054222531235,0.5579968853591425
FGF7P6,0.004194647847531208,0.3854636662383297,0.558237030722677
TSPY26P,0.004864107520364591,0.38549342593815356,0.558237030722677
RAB11FIP4,0.009246534472609369,0.385608268069829,0.5583475112189746
XPC,0.01575419948007628,0.3857558158934549,0.5585053216114355
AKT1S1,0.007804741306719265,0.3860749694216004,0.5589115299452734
SESTD1,0.012619940302822208,0.38614139892104854,0.5589518310985876
KRT1,-0.07216187319682632,0.386229334702955,0.559023252107285
SLC25A15,-0.004696502587060891,0.38627412654958043,0.559032219119117
ATG16L1,0.00958631770895213,0.38649049758598003,0.559189198574104
OPN4,-0.002678623855594253,0.386498416661513,0.559189198574104
METTL13,0.009375011916032072,0.38643123692892895,0.559189198574104
HIST1H4K,0.007223121403638011,0.3865594626725849,0.5592216597432801
ERBIN,-0.004534933278910636,0.38662659800821464,0.5592629227555159
LAMTOR4,-0.01961887022875608,0.38681124636385206,0.5593065880337459
IFNA21,-0.005534681747055181,0.38670404821242815,0.5593065880337459
XPO1,-0.022782140058041023,0.38676402526522635,0.5593065880337459
TRAF3,-0.005886728708049738,0.3867887295923535,0.5593065880337459
CCRL2,0.004326542497032904,0.3869585285284691,0.5593136872689911
RBM33,0.005962011971724301,0.3870092359714049,0.5593136872689911
CCDC127,-0.008580825556181004,0.3869277393825893,0.5593136872689911
LCMT1-AS1,0.0064940669281181584,0.38699177089215436,0.5593136872689911
UQCC1,-0.005766154546340552,0.3869497013389667,0.5593136872689911
TJP1,0.002478264403527497,0.38745991487238646,0.5599091496569536
SUV39H1,-0.011118128074897093,0.3875214800172777,0.5599422502564096
PSMD1,-0.01150852980928363,0.38757512752189943,0.5599639049403682
LOC105372881,0.010621066272753055,0.3879158613136257,0.560288525654822
FAM81B,-0.003949038129404059,0.3878625843715739,0.560288525654822
DNAJC4,0.008000389929010865,0.3878850498571038,0.560288525654822
LOC339059,0.00648156383187537,0.3879548884775096,0.5602890223061371
POU2AF1,-0.01730023513978196,0.3880779869739352,0.5604109235623607
ZC4H2,0.0062538095505644264,0.38821248061150465,0.5605492542295917
GSTK1,0.016659841554590216,0.3882928283685884,0.5605564823487145
SLC9A4,0.011935883039956963,0.3882948900445079,0.5605564823487145
GJB6,-0.005163901729891229,0.38840077508394816,0.5606534608646507
LRIG1,-0.01150783993178095,0.38869757757969353,0.5610259804349059
MLLT3,0.007023980537034902,0.38906851244285545,0.5615054139320763
PCDHGA12,0.004426943107130654,0.3891186917192743,0.5615218821223442
ZMYND19,0.007479726972396072,0.3891913494281911,0.5615707815419326
SMDT1,0.0068748520239596544,0.3895225144906834,0.5619926386973861
SPAG8,-0.005128067056675789,0.38959821791100596,0.5620458753210169
LY6E,0.043989738066290585,0.3898417117359583,0.5623411366182273
TSSK2,0.005105590781934843,0.3899342987185545,0.5623587780933504
C17orf99,0.004737630121973702,0.39000924647526275,0.5623587780933504
PCYOX1L,0.006536016760005481,0.38998356232525416,0.5623587780933504
SLC25A51,0.014750965113529801,0.3899103137975365,0.5623587780933504
FIGNL1,-0.0036437878696631287,0.39009482743748153,0.5623702080824607
PAWR,-0.003949791327070962,0.39006615328336874,0.5623702080824607
RBMX,-0.011231730587594413,0.39027712118378355,0.5625770126618154
ZNF454,0.005646025707590319,0.39034241945242654,0.562615146118912
OTUD3,0.0047432216120029125,0.39048227489956355,0.5627047328271096
SLC7A3,-0.0027345949936705694,0.39047962728124336,0.5627047328271096
MTERF2,0.0024931768165830093,0.3905270836606881,0.5627133187168132
DDX19B,0.006353230520872444,0.3906104503974466,0.5627774558397112
AP1G1,0.011856980741113077,0.39068606225379277,0.562830408363232
GYPE,-0.016981759434256283,0.3908305151714837,0.5629685061892662
A4GNT,0.006133402423887269,0.39085965881243173,0.5629685061892662
ARHGAP17,-0.0074968361760046065,0.3909690840754559,0.5630223904447332
SMC1A,0.008662835249974243,0.39097481380096155,0.5630223904447332
CT45A6,0.002773291948354739,0.39112784101399106,0.56318676302283
PGAP3,0.013397966815897,0.3913235932485916,0.5634126167606959
WDR36,-0.014269115887473482,0.3914900319297373,0.563596225272867
FAXC,0.004861719964694089,0.39181613154642586,0.5638571335418241
TTTY19,0.0036371865613213927,0.39174987208142675,0.5638571335418241
TEX11,-0.002929884878800415,0.3918659145423917,0.5638571335418241
PER3,0.006629314899460503,0.39183110497492296,0.5638571335418241
TRIM9,0.004265241809533471,0.3918425094805559,0.5638571335418241
GAGE4,-0.007876761892640083,0.3919101754569809,0.5638648039454567
ZNRF4,0.003256053050582075,0.3919664751358223,0.5638897920011173
KCNN4,-0.010308654658762073,0.39205672611532827,0.5639264063596998
EIF4E2,-0.011675162428959496,0.39206979508714285,0.5639264063596998
EPB41L3,0.017145645058355363,0.39216980099602083,0.5640142386680932
REV3L,0.004928876232152213,0.39253583886791843,0.5644846197540637
WFIKKN1,0.003970711957170359,0.3926909752364285,0.5646516514766634
ATF1,-0.0062346367867691654,0.392741638089218,0.5646684421366125
ZFP30,0.004273613851149882,0.3929160411040925,0.5648631205311837
CRAT,0.016827978318865178,0.39319602794513503,0.5650294438521382
KIAA1033,-0.009289776736482125,0.39314003003231096,0.5650294438521382
HAR1A,0.0039983647942447575,0.3931862222854596,0.5650294438521382
VAMP5,0.02412627873273543,0.3931391810075183,0.5650294438521382
SYCN,-0.0035641662791023876,0.39323072126640246,0.5650294438521382
PROCA1,0.005696697393899441,0.39326579836187553,0.5650294438521382
FGF9,-0.0038636137802026127,0.393892635177605,0.5657616945569646
DDOST,0.01376814903139234,0.3938862808118697,0.5657616945569646
SLC7A6,0.011016201691314897,0.3938803287770703,0.5657616945569646
TUSC2,-0.007268669130088945,0.3940651684889049,0.5658512991418582
USE1,0.007434148956788178,0.39407222137834325,0.5658512991418582
OR1N1,0.003992482425364763,0.3940310507344314,0.5658512991418582
CXorf40B,0.005676831808985483,0.3941181836855298,0.5658611987015477
WDR25,0.007951561234053273,0.3941929818637396,0.5658747441069152
ZNF326,0.002982275156955261,0.3942057558712216,0.5658747441069152
VPS28,0.020006074965198906,0.39424562964327703,0.5658758992917673
TMEM11,0.008470098403143389,0.39439220373675216,0.5660301901429963
WNT3,-0.004148903248312408,0.3944954081352519,0.566122212566233
ERMP1,-0.009829620341374579,0.39457112345230927,0.5661747723482512
RAP2B,0.005332022280855497,0.39463676092820943,0.5662128623362244
TNFRSF13B,-0.01647015070461233,0.3948525023721255,0.566419319677581
CDH16,0.004369843306827548,0.3948979763949332,0.566419319677581
IGDCC3,0.003994586240706255,0.39487398410005037,0.566419319677581
XPO4,0.006144208060200995,0.395128723942499,0.566638063127045
NT5DC3,0.005049806130879908,0.3950959016676758,0.566638063127045
TYMSOS,-0.0034701110670205537,0.39539395466722815,0.566962284862898
YBX3,0.039485297313621714,0.39545637453994154,0.5669956571804111
PLCL1,0.003706949353266431,0.3955240822716732,0.567036603743731
KPTN,0.0033533106096728105,0.3956289536562159,0.5671308159893736
ABAT,0.004107817479683362,0.39568961022501326,0.5671616342898657
NEDD9,-0.007886950705056073,0.395882836221843,0.5673824460555288
GUCA1C,0.006740758673608127,0.3963335278125161,0.5679721793644487
LURAP1,-0.0039965976877684994,0.39642000258301296,0.5680399008124614
PTGES3L-AARSD1,-0.008715158879052609,0.39693751453215714,0.5686689377333101
FAM83C,-0.003060656303583542,0.3969197642828313,0.5686689377333101
PABPN1L,0.00538730863359671,0.39729412093595307,0.5691235335413257
PLOD2,0.003662175709455262,0.3973628763624873,0.5691657339037051
ZFAND4,-0.0029757479217460414,0.39748809759028353,0.5692012183539101
NFIL3,0.02092232197469812,0.39754484430186104,0.5692012183539101
RFX1,0.016317807718038146,0.39743358360337,0.5692012183539101
LOC105370613,-0.0036376874935903913,0.3975204672338627,0.5692012183539101
EPDR1,0.0066351996069906605,0.3975908026672264,0.5692107527757346
PKDREJ,0.0044190965036881025,0.3976672421090084,0.5692639192238464
MSX1,-0.003098804048724091,0.3979498189151605,0.5696036283543919
PNPLA1,0.005388713760321906,0.39798320346219596,0.5696036283543919
RALGPS1,0.008737846586380549,0.39819358855373416,0.5698484276862252
SFXN2,0.004719556171135508,0.39826707773409603,0.5698972884707219
BLZF1,-0.02318662137004779,0.3984679838030256,0.570128447831969
FPR3,0.005065313431752649,0.39860754169175083,0.5702717931512563
SPRTN,-0.003453732833948564,0.3987327198918957,0.5703283628907047
ACLY,0.011604948576732,0.39876521202666154,0.5703283628907047
NBPF22P,0.0023131496830846032,0.39868915300068397,0.5703283628907047
SMN2,0.005813297273521201,0.39887742659203157,0.5704325283134859
PNO1,-0.005807028026194594,0.39901216178713217,0.5705688766240322
HOXC5,0.0038681035057637203,0.39940471930674887,0.5708580653920109
STIM2,0.007054738989653586,0.399388676408997,0.5708580653920109
ATF6B,0.007442925592441085,0.39941146331694555,0.5708580653920109
TMEM229A,0.0038815948171286863,0.3992661944206215,0.5708580653920109
RPS5,-0.026827498744149025,0.39938054144779334,0.5708580653920109
CHST11,0.004598860072711375,0.39948707795224675,0.5709098013873055
OR10H3,0.00432739250011327,0.39963291603033974,0.5709310287478371
RHOBTB1,-0.003084109808214386,0.39960279593769993,0.5709310287478371
HTN3,0.0030370178447194363,0.39957232491536654,0.5709310287478371
C10orf99,-0.004684156151598451,0.39965960373338305,0.5709310287478371
CALN1,0.00986935234562214,0.40026284568964654,0.5717363961507732
DHRS2,0.003286232589384319,0.400372657860409,0.5718224838463287
NEB,0.00493457209325765,0.40040892466864153,0.5718224838463287
USP26,-0.004288053349610799,0.4004415530000906,0.5718224838463287
DTX1,0.007437163998395668,0.4005853027379151,0.5719713648320152
RDH16,0.004514411169348698,0.40063462834675073,0.5719854072917041
DALRD3,-0.006174024621534713,0.4009021261259337,0.5722037839870752
C8orf37-AS1,0.004407087971981305,0.4009061032795387,0.5722037839870752
HBM,0.05636993603274654,0.40087920015259265,0.5722037839870752
MCCC2,0.0059762948203960775,0.4009839616193831,0.5722585180899739
THOP1,0.008295762352465985,0.40108607907388116,0.5723106605844984
ASPHD1,0.003649063145771514,0.40109952468884585,0.5723106605844984
RASSF5,0.011091369542789664,0.4011955506684657,0.5723912880104469
SLC38A5,0.030694097984740765,0.4012860770766811,0.5724640540114891
MYPN,0.003423044775229478,0.4015237482509077,0.5727312935208922
IFIT1B,-0.05145731139644738,0.40155249141843835,0.5727312935208922
TMEM260,-0.005757080917962121,0.4017754695494695,0.5729929008423116
LOC101929625,0.007581741526153429,0.4018531278713674,0.5730201198090689
OVCA2,-0.005212838041067869,0.4018736797169651,0.5730201198090689
NOC4L,-0.005227375447244498,0.40205152817384604,0.5732172786760494
MSI2,-0.008574823266525478,0.4021903314576371,0.5733587363024032
PGM5,0.012827587191305057,0.4024588789849311,0.5736851100499697
DNAJB5,0.002233458968978752,0.4025043833521555,0.57369351392173
AGXT,0.003612464577066987,0.40271816981349556,0.5739417466868709
AK5,-0.00292128691149518,0.4029761602804351,0.5742529226192269
MOGAT2,0.0036296053755746627,0.4031415721304145,0.574432123043475
ANXA2P1,-0.017811778513244114,0.4032542466141443,0.5745361506943996
NEK6,0.0061764001646515965,0.4033059517026827,0.5745533003306439
NFKBIE,0.011025074207283936,0.4033941085872629,0.5745927064761639
RNF123,0.025380359090945603,0.4034129544432554,0.5745927064761639
CGA,0.005851361861643589,0.4034766435109667,0.5746269129412823
EGR2,-0.004350589657037496,0.40364904498608867,0.5748159244497599
INO80C,0.00881793171447498,0.4037930619088254,0.5749644817820908
TSPAN5,-0.04603931035840958,0.4039828268854571,0.575121610439253
CEP162,0.008826102836640537,0.4039705429635574,0.575121610439253
RAX2,0.02119616621543763,0.40405341732027567,0.5751655721343364
HMX3,0.0031100948219426883,0.40418394688864506,0.5752948394983427
DDHD1,-0.0027621944267073317,0.40436777225165255,0.5754999325236253
C9orf131,-0.0036878003211668897,0.40452031324421983,0.575660465418479
ZNF772,-0.005150510972468325,0.40457857721801965,0.5756868172144411
GPR3,-0.004258728396748346,0.40464072805936424,0.5757186940286672
RAB15,-0.003280748634200137,0.40474389312610803,0.575808913470047
CRB3,0.0052590145357287454,0.4049905384056423,0.5761032172723751
HMGA2,0.003677997750533457,0.4052289847018322,0.5763292040869342
ZBTB10,-0.003325086984730774,0.4052063500413804,0.5763292040869342
COL4A4,-0.003427945241355701,0.40530808122971007,0.5763851004939735
EIF4G2,-0.01724214014831027,0.40548081466351427,0.576574133083285
FBLN7,-0.007984908211600583,0.4055414620113994,0.5766037632053704
LDOC1,0.012330632738614788,0.4059334994284648,0.5770478757210603
CSNK1E,0.0052433645918545935,0.40593077935541577,0.5770478757210603
MCU,0.008734902304059489,0.4060972528200092,0.5772240048915617
NCK2,-0.010395461554663754,0.4063071628986815,0.5774656998748409
HIST1H2BE,0.008607293709451014,0.40642615311024605,0.5775781398791998
CFHR1,0.005706482390285927,0.4067472691934876,0.5779210758287693
UBXN7,-0.003641479982120721,0.4067096112409708,0.5779210758287693
BUD13,0.006921694962927383,0.40697426270247833,0.5781240812152129
WHSC1L1,0.0047558882304032934,0.40694131501482617,0.5781240812152129
PRDM9,0.015285768291138702,0.4070098906484069,0.5781240812152129
LOC105376064,0.03989814396813429,0.4073847496900319,0.5784546950983912
TGFA,0.01199437134387793,0.4074023988331047,0.5784546950983912
EXOSC5,-0.00956610505950195,0.4073322807730603,0.5784546950983912
DERL2,0.005376792564825372,0.4073248715297876,0.5784546950983912
EXPH5,0.004235975944810733,0.40760413311487775,0.5786844014934218
TNNT1,-0.003692392633557695,0.407664097060696,0.5787128081767247
FIS1,-0.031017569460132677,0.4078913440047514,0.5788651995458377
SLC25A53,-0.0025001792546177626,0.40783654124253865,0.5788651995458377
B3GALNT2,-0.003635522623957499,0.4078790789855043,0.5788651995458377
XCR1,0.004538838563045822,0.40798482079657955,0.5789138448581819
GAGE5,-0.00671001577179986,0.40800555981167635,0.5789138448581819
DDX60,-0.01717277269030948,0.40827457570861414,0.5792388044434879
DDIAS,0.008056101066139298,0.4084593772452396,0.5794442331067631
RFC1,-0.005916692723028305,0.4085420740285394,0.5795047889755524
FAM83A-AS1,0.02506754378967546,0.4089804526895064,0.5800698077511565
RORA,0.010136182435965146,0.4090517986767192,0.5801141928947029
RNFT2,0.007082902086956722,0.40918940097979606,0.580252524357878
CABLES1,0.005702393873173506,0.4094316994114021,0.5805392789304697
BTRC,0.0037626872188702976,0.40961421873030657,0.5806843832915494
RD3,0.0074420018315404235,0.4096090852729759,0.5806843832915494
ACER2,-0.0030479913444256823,0.4098608470748719,0.5809771490538701
CD96,-0.017585472458637952,0.41040250041572607,0.5816880140934902
LHPP,0.019166360214425637,0.41067127690830235,0.5820120131839385
IFITM3,0.06527544809621766,0.41087904506775264,0.5822494950358408
MAGEH1,-0.0056603014333287405,0.4112858383098894,0.5827119321217293
ABCC4,0.007293963333722786,0.4112594229598016,0.5827119321217293
ZNF652,0.01683407777009549,0.41151159306857527,0.5829747568471483
IFNLR1,-0.004860752965814896,0.41169437443981594,0.5831766571526937
CYB5RL,-0.0035624483021310382,0.4118798016278364,0.5833822654779565
MLH3,0.006528699185222031,0.4120137547331953,0.5835149333681041
HRH1,0.009097548816334289,0.41206286596153924,0.5835274296623909
LRRC18,-0.004018682478028168,0.4121540996013146,0.5835995677608212
ATP11B,-0.012078415974108303,0.4126077615722835,0.5841848307539546
ACO2,0.013707722777084541,0.4127095063636406,0.5842717711045813
TMSB4Y,-0.00473774110605607,0.4128740687224839,0.5843362335794959
PYCR1,0.004206989802731265,0.41291641471182966,0.5843362335794959
RCAN2,0.003947501498433148,0.4128189717031664,0.5843362335794959
ZNF71,-0.004892627483446432,0.4128961805519163,0.5843362335794959
SEPT10,0.003218814709258666,0.4131099348973017,0.5845529793916098
SPRED3,0.0033718420487316436,0.4133634728306703,0.5848373720585479
MRPL16,-0.008910587799186409,0.4133916746158115,0.5848373720585479
VAX2,-0.005743095701734369,0.41348787365343914,0.5849163357746276
CCDC7,-0.0029378842254210724,0.41356580532715265,0.5849694457381327
DOK6,0.00351608699488537,0.41403352394438436,0.5855166530765927
DUOXA2,0.003902978802189594,0.4140030283484382,0.5855166530765927
CDC73,0.0037532163324316414,0.4142649939098129,0.5857867979878679
MYADML,0.004725800929393564,0.4144376675966471,0.5859737580505502
EPHB1,0.01299783337309357,0.4146559859996612,0.5862252124176762
EPHB2,0.005339019941059675,0.41487942178306886,0.5864838517573657
TTC8,-0.0033969907903639296,0.41517332622002995,0.586784783076787
MBD4,-0.02402818121513839,0.4151700487265638,0.586784783076787
SGF29,0.008468350733287444,0.41529694150055035,0.5868411404269086
FAM177B,0.0035544059833467756,0.41533475079510074,0.5868411404269086
LRTM1,0.005498894831817758,0.41531454759778136,0.5868411404269086
CASD1,0.00624147231385308,0.41537652766746846,0.5868429210627792
NUS1,-0.006174253180089906,0.41552075826022583,0.5869894335941784
FAM160B1,-0.022099552055664162,0.4155879725118092,0.587027130277067
GZMM,-0.020826678413618183,0.41570578100084665,0.5870589590597959
TMF1,0.008217843953139514,0.41573210046094494,0.5870589590597959
ALG6,-0.013712132823889611,0.415674616152004,0.5870589590597959
LOC100240735,-0.006977783810424576,0.4158388406337024,0.5871524437257307
LDLRAP1,0.01697428175725335,0.41615273162538907,0.587481107686368
FGFR1OP,-0.005470239717216607,0.41614094076891023,0.587481107686368
DAAM1,-0.008053550405722198,0.41630432292003744,0.5876378338537981
ZNF287,-0.002544401070459834,0.41648080709001245,0.587829663797675
RNF114,-0.015118229369530667,0.41675067854693804,0.5881532522726153
ZNF568,0.0030379134222631166,0.41711208917711895,0.5886059528099562
HOXB7,-0.0035323279098440352,0.41727055295197446,0.5887722054511835
CLCNKA,0.0027070674600784272,0.41739219058944194,0.5888739972240759
RGS4,0.0037874441407206305,0.4174240078362046,0.5888739972240759
C3orf35,-0.0024795411831961545,0.4175855908169538,0.5888959026963807
PHOX2B,0.002626196949838011,0.41760216905513164,0.5888959026963807
NNT,-0.005383559881353861,0.41750895869381266,0.5888959026963807
S100A14,0.005172445552468652,0.41760181967923055,0.5888959026963807
ZNF557,-0.010450076471486547,0.4176491853339234,0.5889048676379037
MEOX1,-0.004244712597965439,0.4179800255014039,0.5893139968229665
ANGPT1,0.0072978737918738545,0.41804882044961367,0.5893536222885152
MRPS18B,-0.0074219729037068305,0.4181970279809746,0.5894311501033468
MECOM,0.0025236194468165607,0.4181673543348271,0.5894311501033468
TPBG,0.0029666183456535933,0.41822589958658485,0.5894311501033468
SLC6A16,0.00874071300775725,0.4183199935237269,0.5895064006808387
TMEM50A,0.009385938359166346,0.4184728757630488,0.5896097777357475
PRKG1,0.005457015643058227,0.4185154739644587,0.5896097777357475
PIGR,-0.004266474017046384,0.4184846888776216,0.5896097777357475
RTP1,0.004125997788883673,0.41876256184919525,0.5898003716417424
TPX2,-0.004484354135507296,0.41877483637268975,0.5898003716417424
HEXIM1,0.006200407709599176,0.41881364418222317,0.5898003716417424
WEE1,-0.006877147253768534,0.4187427142314714,0.5898003716417424
FYB,-0.015125345289316527,0.4189423688306847,0.5899242922558465
ZNF630,-0.0038177293949406277,0.41904444034476374,0.5900106614128082
BTNL8,0.012502580219980963,0.4192090630451466,0.5901277159243759
OR2AT4,0.00396183600844946,0.4191911381147993,0.5901277159243759
CRYBB2,-0.008963059217154346,0.4194836792747509,0.5904102453692871
PXYLP1,0.008645547938173515,0.41957281521582934,0.5904102453692871
CXCL17,0.005672797101632376,0.41951512345102365,0.5904102453692871
UBA3,-0.013064474821643302,0.41954200532455455,0.5904102453692871
LDLRAD2,-0.004188527447709589,0.4196917240441558,0.5905085598587139
STOML2,0.013609901207854769,0.4197242214682035,0.5905085598587139
ZNF546,0.003894071194350701,0.4199411746775084,0.5907564077339774
XKR6,0.00490689175999659,0.4199821049897304,0.5907566095631014
MIER1,-0.007653417970748144,0.4200361227768232,0.5907752187123234
ASTN2,0.002575306281883627,0.4201554665239563,0.5908231921969899
FKBP1B,-0.006555929830531326,0.4201358876807682,0.5908231921969899
WFDC10B,-0.003860345353920991,0.42022426579454336,0.5908231921969899
NPSR1,0.004634824379637692,0.4202333972668731,0.5908231921969899
CYS1,-0.0023169683958883525,0.42042608029515105,0.5910367220222233
KCNJ2,0.023259928440509725,0.4206450512253071,0.5912871624560703
AK4,0.0018074165853976254,0.42081421828929083,0.5914101627888694
CDIP1,0.0064422356576807616,0.4208012023395245,0.5914101627888694
WNT2B,0.0032741943429801523,0.4210083053915232,0.591568131091465
PLXNA1,0.004181550524011257,0.4209750012842813,0.591568131091465
STAM2,0.0076381411794717025,0.4211163973124168,0.5916032783689273
GCSH,-0.003215977057551278,0.42115585496147545,0.5916032783689273
TPSAB1,0.005606833930206001,0.42112602208496164,0.5916032783689273
PDP2,-0.0031951420955467214,0.4212356818557907,0.5916580310317371
SNTA1,-0.007754755623124332,0.4215232311680048,0.5919471088071923
ZNF425,0.004007767572454135,0.42148587748074123,0.5919471088071923
LINGO1,-0.003925865794395911,0.42186003767131514,0.5923052331941963
RNF11,0.02699718797042827,0.42182847271893026,0.5923052331941963
HRASLS2,-0.006556573995342596,0.42199022265820857,0.5924305888321696
EPC1,0.011336081987704638,0.42231800846740186,0.5928333043847498
DIRAS2,0.0028693082302284623,0.4226118503181931,0.5930733494824832
MTA3,-0.005519052464906693,0.42256215764684907,0.5930733494824832
FAM102B,-0.008751172542541319,0.4226052727030542,0.5930733494824832
GATB,-0.007698904047651389,0.4230047328968026,0.5934436796630074
SNRNP25,-0.011064754082116934,0.4230396294200877,0.5934436796630074
ACBD5,-0.0019688607006189685,0.42298353975515274,0.5934436796630074
HPS3,0.009255624972707821,0.4229263000082916,0.5934436796630074
PTOV1-AS1,-0.004114961459494637,0.42340355492027687,0.5938391681480866
CDK17,0.005619741447317139,0.423397966981671,0.5938391681480866
EFS,-0.004212114784970744,0.42350380280673555,0.5939222579253252
HP,-0.013691732607947316,0.42381599047268004,0.5942449957411711
ZHX3,0.007524787729002114,0.4237982373861224,0.5942449957411711
HEMGN,-0.027984861644507752,0.4239647284430454,0.5943960049142454
CLCN2,0.004422197113915338,0.4240129422239532,0.5944060641861922
NGB,0.003974413725924997,0.4241175655578241,0.5944951920584075
TRAM1,-0.029399538986002227,0.4241742333836925,0.594517088864854
RBM19,0.0027670020278032226,0.424411408468746,0.5947919535811628
PIGX,0.011172391052665098,0.4246025375820027,0.5950022401642538
GLIPR1L2,0.003967392282211435,0.4246877657310725,0.5950640997241805
ABCG5,-0.004289699519993029,0.4248817705238838,0.595278348255749
CCL25,-0.0035324096380877634,0.42504748340083776,0.595452920937976
LINC00226,-0.004290450417524738,0.4250974192275469,0.5954652824073298
ZNF385D,0.00786388374970759,0.4253766233192208,0.5957987633841596
IGF2BP3,-0.006292360408969522,0.4255263062520399,0.5959507851242067
DISP2,0.003736324236435884,0.4256985655062302,0.5961343926126113
C5orf22,-0.0058760092906950945,0.42581041882694587,0.596221641360848
ANAPC1,-0.0073150815378282275,0.42584319800317405,0.596221641360848
CFAP20,0.009241614494968076,0.42601029475672053,0.596397942128005
KIAA1161,0.0042047390517225836,0.4263949827526233,0.5966481431928312
ZNF587,0.0031789068142193955,0.42628957654575744,0.5966481431928312
GOLGA6L5P,0.002710142954930106,0.4263242006165387,0.5966481431928312
NSDHL,-0.008770360835641533,0.4263875431613423,0.5966481431928312
LINC00854,0.0061146350422687235,0.42630781929877065,0.5966481431928312
RN7SK,-0.011510155645019005,0.42653788039228074,0.5967904423881177
CD38,0.009825055987898956,0.4266292771260303,0.5967912568107712
TMIE,-0.0047060825677105456,0.4266620729270599,0.5967912568107712
ANAPC7,-0.00598638206997304,0.4266007839767936,0.5967912568107712
CACNA1A,-0.0030741867522587896,0.4269414312754756,0.5971133183774215
SMAD4,-0.017896551154590767,0.42697477481600077,0.5971133183774215
PARTICL,0.007216701860183861,0.4270252476937515,0.5971262490438595
TMEM238,0.014195458046585507,0.42723345351680436,0.5972444108423313
IQCK,-0.003226004391720494,0.4272135630493276,0.5972444108423313
MTCH2,-0.006528048537711939,0.4271788435776402,0.5972444108423313
YWHAG,-0.010613122223709581,0.42730607615622584,0.5972882847950951
MUC4,0.003408241824026881,0.42754279706014153,0.5975615046433552
RUVBL1,-0.005519778116145346,0.42765561785869033,0.597661517663573
CCR3,-0.02990592155033056,0.4278880790464359,0.5977556845012131
OR5F1,0.0030524197328789526,0.4278703954336017,0.5977556845012131
RGS3,0.002208326845633657,0.42786590888919007,0.5977556845012131
CHMP4B,-0.011233746099351904,0.42779073574247867,0.5977556845012131
SYS1,-0.008592769723889226,0.4280686665643704,0.5979502909169969
ARL15,0.004319186726072566,0.42824820067441716,0.5981433884829565
HIST1H2AE,0.0058588617680577215,0.4284064969128007,0.5983067882831941
LZTS2,0.004546917452295851,0.4286536807560635,0.5985611380392701
IL22,0.003570375993617425,0.42867127070431854,0.5985611380392701
OR2B2,0.005479062668712231,0.4289374422512022,0.5988173410666422
PPM1D,0.011834963645892316,0.4289288935084314,0.5988173410666422
CLRN3,0.0031308785263721717,0.4289899811981408,0.5988329691281681
UTY,-0.006122758190810096,0.42903439193758014,0.5988372489952694
LINC00339,-0.014776523847784162,0.4291392375195432,0.5989136099926062
BSX,0.0040653030743467156,0.4291718004773032,0.5989136099926062
GUK1,0.03904929681342395,0.4292492485562367,0.5989639803553499
TUBB1,0.032801256243661925,0.4292950799534859,0.5989702281135044
BANF1,-0.010550897806249182,0.42943538018376587,0.5991082687903742
PLCXD2,0.0033993012252855337,0.4295072857833214,0.59915087424498
SHISA2,-0.0030222214035546813,0.42957717384969035,0.5991906573612206
SNHG15,0.009619366006138996,0.4298742604628741,0.5994917232457846
LIMS2,-0.004579945927434714,0.42987579657765246,0.5994917232457846
GLYATL3,0.003838128074692193,0.4301686539208424,0.5997996853956992
SOSTDC1,0.004180448987511021,0.43017944848733247,0.5997996853956992
EHMT1,0.0036424888838553215,0.4302849560525549,0.5998890464400043
SNPH,0.007028399474838132,0.4304995383307047,0.6000149454563055
ZNF318,-0.007397674680588828,0.4304906634005747,0.6000149454563055
HGSNAT,-0.0041461523533676825,0.43049204011883385,0.6000149454563055
COX10,-0.009649601162595722,0.4305804520597517,0.6000576045921262
RUSC2,0.003820799755027693,0.4306516332990668,0.6000576045921262
SNX3,-0.022460605664592848,0.43069586145676225,0.6000576045921262
P2RX2,0.0037524105305291044,0.4306886942733318,0.6000576045921262
ATIC,0.018018308573390485,0.4308043607295532,0.6001463045243717
DMBX1,-0.0036238757109350317,0.4308423967442983,0.6001463045243717
CRYAA,0.005762943060874548,0.4309815802176902,0.600282450992694
IDH2,0.012552102527137343,0.43109947828683476,0.6003639956197798
CDH20,0.00512981310941818,0.43112302668056685,0.6003639956197798
PF4V1,0.029783233826998767,0.43155627381303124,0.6008775159142153
EFR3A,-0.024866317114707215,0.4316017934385708,0.6008775159142153
ZKSCAN2,-0.007569073542685878,0.4316577294316081,0.6008775159142153
HBD,-0.058873011445557566,0.43165318842349254,0.6008775159142153
PDC,0.0029935676192902605,0.43176010847562535,0.600962272838839
FAM174B,0.004070256009359063,0.43199347655219483,0.6012293181879494
FADS1,0.00756474588990752,0.43216361234031736,0.6013961378250913
HIGD2A,0.01672891964622991,0.4321963821196752,0.6013961378250913
KTI12,-0.008152910727758922,0.43231879361472714,0.6014060896336534
MT1E,0.016506516778764357,0.4323281003359292,0.6014060896336534
C12orf76,0.0073243114453704905,0.43227994214991966,0.6014060896336534
PWWP2A,-0.007140791844403083,0.4323919260109255,0.6014371128725867
RPP14,0.005895084061574352,0.43245874209503027,0.6014722892744785
HIST1H2BC,0.012185023752524948,0.4328662936910696,0.601750206144683
OR2T8,0.0037781428670999873,0.4328085925385009,0.601750206144683
GOSR2,0.003714816076215932,0.43280002055508815,0.601750206144683
MOXD1,-0.0030711881122726936,0.432847624676804,0.601750206144683
ZC3H6,-0.004235273387985572,0.4327454413026122,0.601750206144683
ZNF8,0.005363800425769227,0.43308951730428474,0.6020027417116373
RHPN1,0.004972850395441597,0.43322301073489683,0.60213051410462
NAMPT,-0.03302430042599802,0.4333588962952949,0.6022615864460805
CCDC3,0.003091835389504638,0.43363581876226076,0.6025886212177478
MIEN1,0.006907729818818709,0.43377396049165406,0.6027227593784649
ADAMTS15,0.004579520837546092,0.4339068210067534,0.6028495343368648
PNMA2,-0.0035649316541537246,0.43406983185862846,0.602976543817737
UCP2,0.030823188530881396,0.4340814983697559,0.602976543817737
DNLZ,0.020301876550126607,0.43424890563028834,0.6031512417672704
RBMXL1,0.004596526361772213,0.43451203991204795,0.6034588537813886
SMPD4,0.009122049046947467,0.4346328224400043,0.6035458893111756
FKBP8,0.0323152897967951,0.43465804828810223,0.6035458893111756
FUNDC2,-0.004195767530009498,0.43499955056743916,0.6039621827471998
SOX8,0.009740904551478913,0.4352929456266258,0.6043116097437025
GALNT11,-0.011302114892347781,0.4353963954365472,0.6043972964829356
SLC24A5,-0.0026957889333925067,0.4356100104845299,0.6045921248872933
C7orf50,-0.01665696909065595,0.4356202302764287,0.6045921248872933
NUBP2,0.006452915280209304,0.43574631420404364,0.6047091707321421
ENDOV,0.0025010997571852656,0.43613600981647926,0.6051919875629321
NEFL,0.0054141915463654655,0.4363745991690605,0.6054650535841242
STRADB,-0.047695678001980824,0.4365924684345597,0.6056864908905573
AP4M1,0.0033547196490060216,0.43661783011518285,0.6056864908905573
F2RL1,0.017875997893908924,0.43669715964587086,0.6057385233011677
ALPI,0.004974075956856616,0.436860417362839,0.6057876518200213
RFC5,-0.006617056641457175,0.4368963379722924,0.6057876518200213
LBX1,-0.003123222388546232,0.4368532786140974,0.6057876518200213
FAM178B,0.004995742650296009,0.43689987647831685,0.6057876518200213
TNMD,0.0029968134870630436,0.4370103513667521,0.6058248400838474
SPTLC1,0.006982579336576755,0.43697026524577365,0.6058248400838474
CPLX2,0.003409616400112725,0.4371576226290312,0.6059710025991853
LOC101929633,-0.004285218912357003,0.43720007844750036,0.6059718599266599
PUS10,0.00333695721585503,0.4373830648489691,0.6061674778750806
TAS2R43,-0.004150154640925052,0.4375073096557384,0.6062816564345307
FIBIN,0.0034682568169168704,0.437581939937767,0.6063270657283667
RNF10,-0.041694087958031645,0.43763611460406315,0.6063441251124212
HYI,-0.003973119535207736,0.4380646749299124,0.6068798423419274
UNC13B,0.0048907381350611345,0.4381500546693211,0.6068820303940372
PDE8A,0.003594621455611069,0.4381347740888196,0.6068820303940372
TREML5P,0.004027431870723852,0.43821704787043286,0.6069167834533706
SEPT4,0.0046369369856975595,0.43836292136026733,0.6070607661327193
SPIC,0.002985800037068387,0.43843140620696697,0.6070975609466261
HP1BP3,-0.006904086254246877,0.4385646308354869,0.6072239855674594
OAS1,0.02058576802558143,0.4387315522020289,0.607280944389735
CAV3,0.004211868777818317,0.438692218432392,0.607280944389735
CAT,-0.020994710713475584,0.4386942737691264,0.607280944389735
ZCCHC14,-0.007268319192380801,0.43887962652759305,0.6074278557692936
TBCEL,-0.008749161353582835,0.4389453735810925,0.6074534973608794
ZKSCAN1,-0.007506365927102188,0.4389820323720191,0.6074534973608794
CAMKK1,0.003236571815865119,0.43922294380906457,0.6077288037954233
ACOT8,0.006829265627029457,0.4393084729911303,0.6077310336966124
GDPD2,-0.0037554862336195427,0.4392913006640205,0.6077310336966124
SCRN3,0.0033257972463687224,0.4394161995568096,0.6078220069125041
LMLN,-0.003896517932470367,0.4399223425436888,0.608405920882535
GAGE6,-0.0051838593035808955,0.4399149716282978,0.608405920882535
FGD6,0.0025888072183901656,0.44027083516406135,0.6088297476146901
RSAD1,-0.007726080708748029,0.4404051483498927,0.6088479532584612
TMEM87B,-0.0037471059003229,0.440333872839848,0.6088479532584612
EIF2S3,-0.017956698562477058,0.44041010813925,0.6088479532584612
GXYLT1,-0.007753417181043609,0.4404655318859073,0.608866459613999
CAPN14,-0.00303961547195275,0.4406123137849213,0.60896362516672
SERAC1,0.004185923623691856,0.4406199110568369,0.60896362516672
ABLIM3,-0.006953310566556681,0.4407946659951052,0.6091470224475817
UTP23,-0.004951153827430055,0.44095541340283945,0.6093110291668313
SKP2,-0.005291814764798453,0.4411745839849374,0.6095047135416888
SIRT3,0.0048330483869900576,0.44117974432277446,0.6095047135416888
SLC27A4,0.008999688757780788,0.44125640396001675,0.6095524802057113
CDK5R2,0.0036440629140495062,0.441504635913153,0.6097790737642899
CEACAM8,0.0320427919191868,0.44148531867045887,0.6097790737642899
MARK4,0.008200959503496641,0.44176688346363613,0.6100830987878819
RAD18,0.0033203412873579197,0.44182334458008704,0.6100966635652701
LEPR,0.002222936231927264,0.4418609500690199,0.6100966635652701
OBSCN,0.004768394390528563,0.4419570995878087,0.6101712544495111
PDE6H,0.004462803222621048,0.4420705943311223,0.6102697758570316
CDH1,0.0029747973534322014,0.44214756466816507,0.6103178620655393
FARP2,0.008658314131993805,0.44226523794897366,0.6104160475603837
MEIS3,-0.0041107542934435415,0.4423029839233794,0.6104160475603837
HFE,0.0025534001576810184,0.4426083691624752,0.6107793082078211
CTBP1,0.007459788029714254,0.4428772999122465,0.6110921989072096
ASB17,0.0032109915928542065,0.4430006463093359,0.6112041685220443
DCST1,0.003803305622201769,0.4432440427652032,0.6112810207820737
ZNF695,0.003018430162116559,0.443191478675319,0.6112810207820737
KCTD10,-0.014071128567246127,0.44317358858526773,0.6112810207820737
STX2,0.008957531002049102,0.44326736821831814,0.6112810207820737
NOC2LP2,-0.005005035386211887,0.4431610973164541,0.6112810207820737
WDR76,-0.0034783488835135046,0.4433257748098579,0.6113033627519023
LMBR1L,0.00663524063532428,0.4433978772406735,0.6113445839080357
GSTTP2,0.003628904651265863,0.44347566835267754,0.6113936398648564
SNORD55,-0.004562490326001978,0.4436006260048471,0.6114495115201947
HHIP,-0.002408537508030051,0.44355976175766065,0.6114495115201947
GALNT6,0.008839842491864758,0.44364840721550336,0.6114571824254783
RER1,-0.005180965177860486,0.4442994497925649,0.6122962160604671
ZWILCH,-0.0029369097950944223,0.44444096312695797,0.6124208442052212
ASB2,0.0043630774556042695,0.4444744486526709,0.6124208442052212
SNHG3,-0.0035007997260683155,0.44459988775972953,0.6125354108543635
LRRC23,-0.0024683242044787335,0.44469143331777367,0.6125450042962086
KDM5D,-0.03258778617563429,0.4446529683763621,0.6125450042962086
ARHGDIG,0.0083000727101048,0.44500069347755117,0.6129127086657333
ZNF395,0.014035675600323927,0.44504644138651894,0.6129174343484206
OR51E2,0.0034198101962301664,0.44509789108802306,0.6129300108878993
IL12RB2,-0.004006701525102407,0.44563090416537965,0.6130874827346153
TPM4,-0.0116321666746666,0.4452910514578908,0.6130874827346153
TCN1,0.028703405655098102,0.4455484144121315,0.6130874827346153
DNAJB1,-0.009802510303337897,0.44553996957893194,0.6130874827346153
RYR1,-0.004046982801937382,0.44548169755861144,0.6130874827346153
LST1,-0.018303161492699616,0.4455992347911916,0.6130874827346153
CAPN7,-0.006775568548737176,0.4456355301180634,0.6130874827346153
SH3KBP1,0.011526127835875144,0.4455602263142007,0.6130874827346153
ANGPTL8,0.004737891648710857,0.4454140660989383,0.6130874827346153
MTA2,0.011582433270735493,0.44557183147569956,0.6130874827346153
GPA33,0.01722175602994458,0.44587901339807945,0.6133641969852581
NFATC3,0.006199199933301536,0.4460216381891594,0.6135021279707298
LRP2,-0.003067730950339076,0.44610349116890646,0.6135564491587163
CDY1,-0.0026705697482460877,0.44617845634045844,0.6136012876600077
EDC3,0.007611270641995738,0.4463083495620668,0.6137216495829274
PIR,0.0024921017397945278,0.4466304047208336,0.6141062067568401
OR52N5,-0.0061364232107647965,0.4466945075741746,0.6141276648580795
E2F2,-0.04619008044849515,0.4467308117194646,0.6141276648580795
SH3PXD2A,-0.010734003877957754,0.44679539893127057,0.6141581624865258
ARNT,-0.005358399391869106,0.4469132906969121,0.6142619190030437
SFXN4,-0.007592192929916308,0.4469753070945551,0.6142888649736726
XRCC6,-0.012328738285926732,0.4471198918976022,0.6144292708012211
XGY2,0.003877374231478825,0.4472755045455742,0.6145848029445116
ENPP2,-0.0027830164033435523,0.44739721651668457,0.6146354248342654
NBEA,-0.0030226663683023958,0.44735852910210544,0.6146354248342654
GAL3ST4,0.010925722170042285,0.44757683631976497,0.6148238711357622
SLC17A7,0.004592333544732874,0.4477655903246929,0.6150248279054387
XRN1,-0.01795833924988699,0.44785493528782444,0.6150892170215104
IL1R1,0.005608734547726257,0.44804358108100184,0.6152899619206629
SIX3,0.0027729945671000067,0.44872539516613713,0.6160717530749986
G6PC,-0.007579735385562891,0.4487404718959704,0.6160717530749986
SBF2-AS1,0.003147792207169431,0.44865810987871446,0.6160717530749986
BCAN,0.006097815503832038,0.44890361914465077,0.6162373253427279
KCNH2,0.007157197339074273,0.4489811134083024,0.6162852963045728
RAPSN,0.005336884746727222,0.44916921072571464,0.6164266484888432
ZNF3,0.0037797218328190496,0.4491368527353659,0.6164266484888432
EOMES,0.027731956420918635,0.4492357452638395,0.6164595484984796
CCDC170,-0.003713935433560245,0.4493826274678317,0.6166026881625687
HEYL,0.003117676434439609,0.44944744232675954,0.6166332058975831
LEKR1,0.004387974594298072,0.44974419044240393,0.6169152488538565
RUNX1,0.004457539167314728,0.449780794524767,0.6169152488538565
ADAM29,-0.004928850890700609,0.4497136378706138,0.6169152488538565
LRP8,-0.0034568336052327453,0.4500579042690324,0.6172368795978284
TOP2A,0.005717814059973847,0.4501542589796544,0.6172956369616184
TMPRSS2,0.0032395250756307448,0.4501859854477751,0.6172956369616184
GPR135,0.0030180757775628564,0.45023541707258885,0.6173049773645756
OR52K1,-0.0035156906347255656,0.4502805429712509,0.6173084130994414
SNAR-A1,-0.005526595186970518,0.4504170312739984,0.6174370888673664
OR2A20P,-0.005024132773927548,0.4505661729048498,0.6175246449994175
PSMB9,0.015317173242614501,0.4505407240368235,0.6175246449994175
KLRC4,0.004748751189913136,0.45079381843635,0.6176028817851015
HLA-DPB2,-0.0028277424195062295,0.4507777423436944,0.6176028817851015
MFAP5,-0.003798777666377262,0.4507266655001195,0.6176028817851015
RBM11,-0.002135777301463193,0.45070550959815103,0.6176028817851015
ADAMTS8,-0.004033867032718241,0.45083894046461537,0.6176062814423048
LMBRD2,-0.006203343403694994,0.45093725379893673,0.6176241308769551
NUP85,0.009644894314410735,0.45091742641794313,0.6176241308769551
HOXC13,0.007092268150420189,0.4510079242730378,0.6176625165630371
SPATA24,-0.0036812449318794904,0.4512958908302424,0.6179400342962026
AZIN1,-0.007753464390757969,0.45125645973864204,0.6179400342962026
GPR107,0.003745668238373412,0.45154708590447207,0.6181690838056826
TAC1,0.002345433820011955,0.45154852987186705,0.6181690838056826
PLS1,-0.00396418968305845,0.45169596797309725,0.6183124846538456
ARFGEF2,-0.003428309539332375,0.4517681418844319,0.6183528413394549
VEGFB,0.007950417979527558,0.4518825921897852,0.6184510502954597
SPC24,0.007810272983331146,0.4519611347882052,0.6185001016886209
TARS2,0.0065355817482197764,0.45213479377203675,0.6186792964567011
SNX10,-0.012031999103556679,0.4522073944445727,0.6187201871467213
STARD5,0.005516032863153164,0.4522790907801475,0.6187598328950276
PRUNE2,0.00732259249541567,0.45240348968453914,0.6188715663572785
KIAA0907,0.014892722615558185,0.452559514170074,0.6189680834031493
DEFA4,0.052469299712826434,0.4525571802746152,0.6189680834031493
TTC28,0.005947036277127893,0.4530859969717665,0.6196296459389167
TMED5,-0.026238183261952486,0.45316473757919673,0.6196788197788033
ZNF429,-0.005901457750431938,0.4533828495645274,0.619918549333769
CAPRIN1,0.004546242238161469,0.45352224559352095,0.6200506140434734
MCHR1,0.004366136253361574,0.45365447159824623,0.6200558050985183
NAT6,0.009161237154208024,0.45363957023021956,0.6200558050985183
CNN2,-0.017395602415220424,0.45359150431314216,0.6200558050985183
NR1D1,0.01807858084952141,0.4537046635756383,0.6200658942469849
SH3BP4,-0.00353727388035896,0.45374798380962367,0.6200665909518436
PRKAR1B,-0.003902313488360676,0.4538352535552081,0.6201273408012862
PCDH15,0.00344497047500969,0.454025293379215,0.6203284925294359
POLG2,0.007347744197248929,0.45417114901154304,0.6204692437543096
TNIP3,0.004503048926586928,0.4546003373656036,0.6209970089977744
GUCA2B,-0.0035884124711333953,0.4546456014929179,0.6210002727294816
ZNF280B,0.004845742642515916,0.4549537431692902,0.6213625663426685
EME1,0.005068969744329799,0.4551424796991183,0.621561726943431
R3HDML,0.0029836761064778727,0.4554208594515077,0.621766022084611
AASS,0.0029478089346444136,0.4553396820995357,0.621766022084611
NOCT,0.004544650277185092,0.45539118024937375,0.621766022084611
GSTT1,0.01619153696782405,0.4555608301684894,0.621782614215925
KIF6,0.005924369812604802,0.45556179936891716,0.621782614215925
RNF144A,-0.009558098729512743,0.4555491571354299,0.621782614215925
KRTAP10-3,0.006168568717948908,0.4557634430175603,0.62199921875684
RAPH1,0.0020266320954238637,0.455818841264879,0.6220162141398632
LINC00112,-0.0023352303498009874,0.45592824575051594,0.6220670841913053
NME2,-0.004631296857914968,0.4559420164163834,0.6220670841913053
TMPRSS9,0.019872654919492305,0.45598910553045857,0.6220727328344318
SSSCA1,-0.005179736638778465,0.4565053236720042,0.6227183187102382
CDKN1B,0.01668490387301169,0.45656340551612545,0.6227388987188587
MED9,-0.005391854970172361,0.45665418050225653,0.6228040631256764
RCL1,-0.005040340646320196,0.45671470881352705,0.6228279674658813
CDCA4,0.004481878890639557,0.4568678519025925,0.622978155428088
ZSCAN22,0.0031527265618382927,0.4571718864554615,0.6233011955209756
MAGEA2,0.0031947999015002893,0.45720714774720905,0.6233011955209756
MED17,0.004378637928408757,0.4572338582166781,0.6233011955209756
EIF2S2,-0.0049563123171108,0.4575488719126882,0.6236719236573853
TNFRSF21,0.008214699663045444,0.4575978427679311,0.6236799806766457
DESI2,-0.012848128930468938,0.4576759314352421,0.623727718376745
APOBEC3B,0.00427031988439186,0.4579587624099111,0.6240436745028143
AIFM1,0.005522786575684613,0.45799394227871554,0.6240436745028143
PABPC5,0.011189282734379802,0.4580373104252774,0.6240440602200844
CCHCR1,0.004256472388431298,0.45821913732296166,0.6242051193844093
RNF207,0.002584720329277701,0.4582564005251991,0.6242051193844093
RASAL1,0.003608235276900018,0.4582848135552201,0.6242051193844093
SLC16A14,-0.004787905441962614,0.45855626344137285,0.6244660074352442
KIF26B,0.005220310750362778,0.4585625832008601,0.6244660074352442
HBS1L,-0.002990010824224676,0.4586129314718924,0.6244758578019075
TRIM68,0.008842692408511432,0.458894547852326,0.6247665920749581
CENPE,0.004627411622230682,0.45891271562313446,0.6247665920749581
PAQR7,-0.009631669798802811,0.4590474012050072,0.6248912179561394
AGO4,-0.010574410129597922,0.4594490900454537,0.6253792519705246
C12orf40,0.0027185162013303454,0.45968331890590464,0.6256392774885475
MYL5,-0.00604519941324444,0.45978591834594834,0.6257201203911223
ETHE1,-0.004150693123174953,0.4598701359307881,0.6257759346882314
TIMM17B,-0.00824612597541119,0.4600245558082877,0.6259272584619295
GNA14,0.006312415991182263,0.4600884114799997,0.6259553402100615
TAS2R20,0.0031520166612821754,0.46025618013376857,0.6260071849992961
FMO4,-0.005546358540645002,0.46024684319794046,0.6260071849992961
TPGS2,-0.029931560141964297,0.46022380530438656,0.6260071849992961
NCAPD3,0.005051198023433123,0.4603655137794874,0.6260970987401029
SLC14A1,0.013019857699886117,0.4604732411620174,0.6261848112844484
SIGMAR1,0.005722780937207794,0.46065707249367566,0.626199628155645
IGF2BP1,0.011258552111282683,0.46056362125997313,0.626199628155645
TOP1,0.006069537024634641,0.4606373547050423,0.626199628155645
SCAF8,-0.00805813775373121,0.46058607109023914,0.626199628155645
MCM6,0.013738244079359418,0.4610225897690829,0.6266245155377012
SMG8,0.007526090964878662,0.46105616280621936,0.6266245155377012
LAT,0.009202969714018572,0.46115767706437266,0.6267036774817389
UBIAD1,0.008875181413705135,0.4613012362282228,0.6268399573627524
MOV10L1,0.004776873938806325,0.4613877535947528,0.626898707604728
ASS1,0.004498236445577675,0.4616845051186861,0.627125421751763
KLHL32,0.003751612449263142,0.46162804395834905,0.627125421751763
SGCB,-0.004153662507059508,0.4616826401935138,0.627125421751763
UBL7,0.017364843094865634,0.4618079139830414,0.6272342297571616
C17orf49,-0.014074816546457924,0.4620247440534302,0.6274698915020988
FBXO44,0.0038610027309662343,0.4621294591026063,0.6275532613577863
CDK2AP2,0.011561253240873093,0.4622132510455703,0.6276082055070817
ANGEL1,0.007670018388431288,0.4622899112425727,0.6276534565464401
TMTC2,0.0041425526789682365,0.4623955340179329,0.6277380180631493
ATG12,-0.008278254981225253,0.4624791293537141,0.6277926625641232
TMEM72-AS1,0.00233882703534416,0.46256826335075396,0.6278548145789823
AMOT,0.005209313255149617,0.4632650746844266,0.6287416924408954
XPNPEP3,0.011692628259860172,0.46375307952445827,0.6293450392422237
C1orf226,0.005347319885114388,0.46387031362863007,0.6294451585719578
PADI1,0.004477970223232042,0.46410083099321975,0.6296983246911823
MBTD1,0.0113942800563267,0.4641450842177064,0.6296983246911823
GNGT2,-0.009531166205070996,0.4641873110140674,0.6296983246911823
CENPH,0.0030323374029448402,0.4642387399317973,0.6297091130522712
BBS10,-0.006431408070159961,0.46433123766892254,0.6297756013106727
RAB2B,0.03335379984955544,0.464428910904457,0.6298490960243591
SNX18,-0.0037725082508393015,0.46463587867202655,0.630070786132912
TIMM13,0.008659602341205108,0.46478272658900394,0.6302109166743244
C3orf36,0.004959637447521814,0.46596823588705427,0.6317592369735181
MS4A7,-0.020452106907567824,0.4662669256870387,0.6321050310418447
PSG9,0.010727437195654943,0.4664158542823117,0.6322477523093124
TSN,-0.0031268774737975846,0.4665691292980399,0.632390494827942
INO80E,0.010131822996712003,0.46660847957927476,0.632390494827942
NDUFA3,0.014922739955418152,0.4668133867036977,0.6326090094513808
PINK1,0.021456203794869566,0.46697493652873495,0.6327687324054819
DCAF12L1,-0.004016887385896339,0.46707591267842125,0.6328463535298646
FBXW2,-0.005734184215937077,0.4671856765961412,0.6329358656644383
ANK3,0.00389826018206918,0.4674979505406909,0.6332996928199932
NGFR,0.007464154362641473,0.4681578350411573,0.6341343012004229
GAP43,0.003342648706898821,0.4683228242154256,0.6342674836215573
PCSK1N,0.012530723509397212,0.4683437404952054,0.6342674836215573
GCC1,-0.01064177899482388,0.46846748566542845,0.6343757537750623
CD22,-0.009438801891370474,0.46857409023727586,0.6344607948954569
HDAC10,0.005022347006963912,0.4687791673492306,0.6346206064629779
ITGA6,-0.0031685079524805815,0.46877974789750076,0.6346206064629779
AURKAPS1,0.0037216897820666617,0.469080522393498,0.6348497744671486
PDCL3P4,-0.005155408644753834,0.46904301511806956,0.6348497744671486
KAT7,0.00620609402682426,0.4690783969899771,0.6348497744671486
TTC12,-0.0026895077870161543,0.46924040418404517,0.6350068218445025
CDC42BPB,0.005800329290347683,0.46943457866897603,0.6352102426608229
GAS8,-0.0036237512818075857,0.46954405435249985,0.6352990269258858
ZNF177,0.004776763802263773,0.4697793296086609,0.6355579871148743
SYT6,0.0028560922004974287,0.469879958883214,0.6356347552502541
YTHDC2,0.00546579437299588,0.4700800921680757,0.6358325485632055
NECTIN1,-0.0018316307061079229,0.4701139714556316,0.6358325485632055
FBXO17,0.0027142367967369907,0.4703366741479868,0.6360743593239441
RNF133,0.003837477691002178,0.47040225018388454,0.6361036496744826
MRPL12,-0.009207422762727013,0.4704837807620274,0.6361523294629509
TMEM17,-0.016484294619553808,0.47052609124113454,0.6361523294629509
CEP76,-0.0032351129928365197,0.47074925372806664,0.6363946416835278
PEX1,0.0064574126515006824,0.4708727558906687,0.6364183022406756
DFNB59,-0.0027788340141912116,0.47103039215824655,0.6364183022406756
ZNF330,-0.006136125015088645,0.47095802039966933,0.6364183022406756
C6orf89,0.006637432214115613,0.47090271578495485,0.6364183022406756
ZNF107,-0.0030366505511736364,0.47082774853980525,0.6364183022406756
VPS13A,0.005859708801471797,0.4710092628445709,0.6364183022406756
LAPTM4A,-0.009375488438230661,0.4712085136954464,0.6365995814163646
RAD51D,0.0027859033139963074,0.47136503860291784,0.6366328999556754
GUSBP5,0.0030381841296334144,0.47131915340096436,0.6366328999556754
ARHGEF10,0.005936920456982797,0.47135955668802515,0.6366328999556754
GAB3,0.009437629415444349,0.47146607304867766,0.6367099862039205
ATP1A1,0.011369193198538241,0.4719234859808621,0.637268298615216
ITGAV,-0.007986810448256776,0.4730193469448938,0.6385695051868618
CA11,-0.004945861204034507,0.4729419347913457,0.6385695051868618
FAM3B,0.004874210344627983,0.4730010519573071,0.6385695051868618
C17orf47,0.0057812862710706625,0.47325072274528723,0.6388223176367884
THAP7,0.006610083851693815,0.4733092674677299,0.638841806914789
JMJD6,0.005336335409576343,0.47371768726661584,0.6393334869893463
MACROD2,0.0027931649474961517,0.47386416309530166,0.6394120121364216
FKBP9,0.0032902725793606535,0.4738605731912217,0.6394120121364216
PRDX6,-0.013496398862001158,0.47399978661806713,0.6395170190674812
BRINP2,0.0062503929131398905,0.47403028974789274,0.6395170190674812
LPGAT1,-0.006740221553207526,0.47440986048574607,0.639969490479235
WFDC13,0.0031841946088091433,0.47455220493706207,0.6401018938636996
UTRN,0.006751713888684563,0.47469245723723535,0.6402314508449686
MYOF,0.010233193425165155,0.4749159569111325,0.6403777293243812
PIAS3,0.0047887922602303234,0.4748557161673656,0.6403777293243812
C20orf181,0.003464644144298923,0.47493355208523214,0.6403777293243812
HID1,0.0034807087114128166,0.47508977854818457,0.6405287491847627
EIF2B2,0.009376158836326809,0.4752986386579041,0.6406910639665968
PHTF1,0.009808666132922639,0.4752733411681665,0.6406910639665968
PPIB,0.005162331502257089,0.4756559802490684,0.6411130856065054
SPTY2D1,-0.005588512489317132,0.4759014959348061,0.6411456857147922
ACSS1,0.011603686690907722,0.4757419396295537,0.6411456857147922
LETM2,-0.0034319071139821133,0.475862575028558,0.6411456857147922
AGBL1,0.002233892150500516,0.47583484029668094,0.6411456857147922
ZNF81,0.003404913537292664,0.4758370268027276,0.6411456857147922
MFSD7,-0.0030974285451659256,0.47614403065622757,0.6414127734398065
HLA-C,0.025938976816626713,0.4765910111143281,0.641924484000763
TRAF3IP2,0.005070377537063742,0.476612531133955,0.641924484000763
CENPJ,-0.004073557689879159,0.4766716599379965,0.6419444279443925
ANAPC16,-0.014014785795232854,0.4769243395082346,0.6422250031087086
CENPM,0.00336717804667952,0.47697138554883434,0.6422286463037387
DUSP23,0.011459832600017705,0.4773135937999048,0.6426296795498997
CYB5R2,0.004886133862259001,0.47748498004190953,0.6428006739406096
SUSD4,-0.003262824379392626,0.47764130618349127,0.6429513641971828
CCT5,-0.005467645902415441,0.4777548388094496,0.6430444275918658
MYO1E,0.003433105952662885,0.47780770882521395,0.6430558311303103
C20orf196,-0.0064665054221482166,0.47798468918128884,0.6432342504972395
DSG3,0.0030132551334673963,0.4780672862303733,0.6432856348718624
RRP9,0.0038074889601844575,0.4783618561668841,0.6436222131649929
PDE1C,-0.002530708799303838,0.47843041636588873,0.6436546675314446
ANKRD34C,0.0033303616676532144,0.4789027724584381,0.6442303107911227
PGLYRP2,-0.003347234105556929,0.4792187428314584,0.6444981529280063
ALDH6A1,0.005560038707671744,0.47923561795669417,0.6444981529280063
NEPRO,0.0029855972045087498,0.4791797840997506,0.6444981529280063
RGL1,0.007190708839975635,0.47927986779809134,0.6444981529280063
AFTPH,-0.005881948273276372,0.479399690644051,0.6445994355076526
PCDHB14,0.005730555229121137,0.4795511762676196,0.6447432690114362
HOXA2,0.0022236539095352725,0.47962926146927315,0.6447884001411688
TMEM141,-0.009267990661120606,0.4797207650796666,0.644851560224027
KIF20A,0.002919098368275641,0.47987658514587933,0.6450011562038712
LCNL1,-0.004116138850855933,0.4803655340407024,0.6454729770252996
NUDT19,-0.002693050098113936,0.48040587491940967,0.6454729770252996
FAM69A,-0.00646559091849408,0.4803465397899332,0.6454729770252996
ESX1,0.0030468451938245877,0.48037639693607065,0.6454729770252996
OR13C9,0.0036981399303481766,0.4806146890350053,0.6456936421466485
ATR,-0.006214128774966632,0.4808724436869742,0.6457555253907532
UBE2R2,0.005870652039918767,0.48082881548556755,0.6457555253907532
CYSRT1,0.0030357528500548625,0.4807566615938418,0.6457555253907532
SPATS2L,0.011651093164339876,0.48085980433582354,0.6457555253907532
MINPP1,-0.004249026770247077,0.4808836714212002,0.6457555253907532
LPIN1,-0.017420138055772583,0.48136703309367673,0.6463446840946336
TMEM19,-0.0061194624708846845,0.4814312318328002,0.6463709642071077
OR5M8,0.00300022585442683,0.4817232016689235,0.6467030172372498
USP17L24,0.0031943206241926703,0.4820757921764539,0.6471163831217571
BRWD1,0.004025790037582411,0.48216019440172164,0.6471697021327528
ORC2,-0.008086674947291428,0.48226761223513953,0.6471939308453406
H2AFB1,0.0033928409725030306,0.48222730299496824,0.6471939308453406
RSG1,-0.004265234010395247,0.4827083240171892,0.6477253441787075
MMP11,-0.00331593211453729,0.4831166107273283,0.6482131532908405
KCNQ4,0.0024096180169337345,0.48339807822673375,0.648530730366433
TRIM16L,0.00944142032258899,0.4837290779253793,0.6488545994324129
ZCCHC3,0.005999715787550208,0.483704007865647,0.6488545994324129
LTK,0.003494857186897349,0.48382392569455346,0.6489217279155396
PDCD1,0.004320297528484396,0.4840094144483181,0.6491104035990222
BRAF,0.004399825727175788,0.484207170149277,0.6493154941618487
CCL21,0.00388384550094667,0.48435399694623926,0.6494522580789974
MAB21L1,-0.005018836427484352,0.4844465744379004,0.6494561444056414
IFITM4P,0.0037347201656112716,0.4844464154536294,0.6494561444056414
BGLAP,0.003792607272452564,0.4846412198502832,0.6496569577335958
WDR5B,-0.004206447327374185,0.48469669060369597,0.6496711888491516
LHFP,0.008979138024908906,0.4851306339110517,0.6499680335688183
XPNPEP2,0.009823206303391174,0.48508773253943693,0.6499680335688183
LOC101927635,0.002328616179788412,0.48508318913465026,0.6499680335688183
C1orf53,-0.0027265681308632495,0.4851874053401038,0.6499680335688183
UBR3,-0.006222198495752451,0.4851588461560752,0.6499680335688183
OR8A1,-0.002740646019408821,0.4849854900150475,0.6499680335688183
DPT,-0.0032685494177284724,0.4853944325155282,0.6501852363409703
WIPF1,-0.013256632591271966,0.48552387972341743,0.6502984902824097
TMEM191B,0.0030510610802592097,0.4855826074995169,0.6503170122073973
MPP7,0.004602592711696829,0.4856433774459152,0.6503382654333058
MAATS1,-0.0030519663738779457,0.48582822702599987,0.6504655241490648
DDN,0.002844491901704771,0.4858171771109691,0.6504655241490648
ALDH16A1,0.008964808878336505,0.4859923543108059,0.650625128000528
B3GALT2,-0.004286805553139317,0.4860999694167597,0.6507090533301615
PARN,-0.00846425393238004,0.4861783012851264,0.6507199622024074
PLCD3,0.002989876464267738,0.4861979723111332,0.6507199622024074
CENPU,0.003715338088139397,0.4863759556539188,0.6508980265814801
PIK3AP1,-0.01399108867726806,0.48650904071483503,0.6510159779853724
UBAC2,0.00928941544413675,0.48689800685527607,0.6514161030197504
DPH7,0.004320445147450336,0.48688819511357573,0.6514161030197504
ZEB1-AS1,0.004279861501936821,0.4870282237320745,0.6515301369294696
RPP21,-0.013577351058328802,0.48747535066255343,0.6518285051860542
ARMC2,0.0032913080426943964,0.4874762750742432,0.6518285051860542
KRBA1,0.01047974772631921,0.4874090005130831,0.6518285051860542
MCM8,0.011580674298095062,0.4874676697940818,0.6518285051860542
CEP135,-0.010797846486267915,0.487366507561911,0.6518285051860542
MSL2,0.0045149037178005,0.48773509555002525,0.6521143841915044
MYOCD,0.0034347369305622877,0.48784711681912146,0.6521917995447772
RIPK4,0.009193384811039707,0.4878830535810316,0.6521917995447772
CD200R1L,0.0032375715528951687,0.4879321440891588,0.6521972291424304
BUB1B,-0.0032617167210133857,0.4880171910813186,0.6522507147385641
VPS37D,-0.004410755599248084,0.4882783223258028,0.652479308106553
DAZ2,-0.002390454565764699,0.4882717012043502,0.652479308106553
WDR83OS,0.011299047734327772,0.4888880962985719,0.6532338733199737
MSX2,0.004147186354463095,0.4890416674910728,0.653378794570676
ASCC2,-0.03409208779099515,0.4891558098646936,0.6534710155026953
SLC20A1,-0.01455492974229955,0.48926194843394444,0.6535525280012221
HDGF,0.026624249662850374,0.4894445886078015,0.6535553997783162
ATOX1,-0.01268613825241971,0.4893497433182617,0.6535553997783162
CHRNA1,0.002529996375177035,0.4894066032352341,0.6535553997783162
DNAJC12,0.0031962916076997416,0.489407118709626,0.6535553997783162
GRK5,0.006791851694782025,0.489645450997249,0.6537030797533556
NPY5R,-0.0033315750666282895,0.4896137674038708,0.6537030797533556
ALKBH4,0.004892090635752133,0.4897784489483603,0.653760119304032
LOC101929288,0.00420554459704281,0.48973669498737393,0.653760119304032
POU5F1,-0.004711649113856353,0.49003225685569485,0.6540386295888209
TCF19,0.0021835819093851683,0.4906670734882252,0.6548255682671569
RNF111,-0.0037719050618401084,0.49086768838208344,0.6550329462434215
TMCC2,0.013219552829045078,0.49095448420119986,0.6550884154002928
SERPINF2,0.0029306711481540404,0.4910498041123937,0.6551552471226889
BHLHB9,-0.002834499709342353,0.49112761948121286,0.6551987142457297
PTH1R,0.0042179946634508525,0.4913674255890814,0.6553674547401545
MPZ,0.0045372704785968665,0.49138984800318125,0.6553674547401545
MN1,0.0036935301055471825,0.4913791845268542,0.6553674547401545
GJB4,-0.0043971706042240655,0.4914993653665761,0.6553928197357289
TFF3,-0.013007331734296024,0.49147719543136803,0.6553928197357289
MIGA1,0.012764669019545316,0.49167653653917043,0.6555687153855606
TRPM8,-0.00248405146107622,0.49180024881852713,0.65567330669068
DSEL,0.002015800231760956,0.4923577183679085,0.6563561153097824
FOXI1,0.0027043592166231534,0.4925260893038665,0.6565201433349165
CALML3,-0.002243047503248441,0.4926760723801491,0.6566596330499751
TMEM144,0.0054689341096541,0.49281562129077183,0.6567851912748932
THAP3,-0.003623632519018649,0.49306886933640476,0.6570622415556616
ZBBX,-0.004431736953985244,0.4931372779290987,0.6570929469664274
PHF14,0.002710606447361208,0.4933684014501712,0.6573404403094729
ASB4,0.002669199706872405,0.49348014722413863,0.6574288495579861
CYP2A7,0.003079088975008304,0.49354280403071166,0.6574518507845881
SRD5A3,-0.0028790357840593472,0.4937749825021243,0.6577006480191988
SLC36A4,0.005388789129453286,0.4939170239649226,0.6578293494352128
HOXC6,0.0036617983695235168,0.49401215276247573,0.6578955517296523
C16orf54,0.007026645065155712,0.4941119730900709,0.6579278059095479
TMEM110,0.003602409940992146,0.49412722125683944,0.6579278059095479
TAS2R16,-0.0028732395022927903,0.49455951999942105,0.6584376662019878
CASK,-0.00515638091477566,0.4946010638136997,0.6584376662019878
SEL1L,0.004046297141137245,0.4947433818046107,0.6585665970092804
KCND3,-0.0032251739811641755,0.4949228409626524,0.6587449392118229
KANK4,0.0037662649702694395,0.4950531710160894,0.6588578635483818
ZNF283,-0.00387336777090308,0.49542584515535526,0.6592932691317683
LDOC1L,0.009345127924552443,0.4955617252607248,0.6593529330035217
GP1BA,0.009778578947952532,0.49555984149838045,0.6593529330035217
MYH16,-0.001614451075119483,0.4957670069933655,0.6595654752725183
CAPN8,-0.002427455806385481,0.49629305730208534,0.6602046879099379
UGT2B7,-0.003959324942149678,0.4966107022447234,0.6605648769912232
MPZL1,0.011337668944774393,0.49665503386042675,0.6605648769912232
CCDC113,0.0032623081257110442,0.49700130120792185,0.6609647274534515
GCC2,-0.002247275654910119,0.4972060451215739,0.6611077921088256
TRAPPC11,-0.006670578341849698,0.49723557804645985,0.6611077921088256
CARM1,0.034757319109258944,0.4972458082873203,0.6611077921088256
KRTAP12-2,0.003021013443045284,0.4974170883335561,0.6612748148162668
LOC105378367,0.003235450355826508,0.497679381362149,0.6615302420643516
TCP10,0.0021445850130783484,0.4977005694404336,0.6615302420643516
LOC650293,0.006503690843445931,0.49813468222216833,0.662046498192869
TMEM59L,-0.005052340661499954,0.49866589738884265,0.6626877156290818
KRTAP13-1,0.0029251018668636775,0.49870865094980604,0.6626877156290818
ZNF143,0.009221618464903436,0.49885845817477575,0.662825970847028
CAPRIN2,-0.006866728161082136,0.49915175103129694,0.6631548304840675
TAAR8,0.005784945210612236,0.4993333518123974,0.6632839167012315
PARS2,-0.003922393165780136,0.4993405017750779,0.6632839167012315
H2AFY2,-0.008237262434312775,0.4997867347755142,0.6638157786784546
FAM50B,0.008148343569363448,0.4999982903430299,0.6640358735859568
DAB2IP,0.002582492493197641,0.5001995569752747,0.6642422648968442
KRTAP4-8,-0.003244551533896356,0.5002484838422349,0.6642463366309983
NDFIP2,-0.006063160919330457,0.5006363069518546,0.6647003639096766
FASTKD3,-0.005026442641479889,0.5007404525962167,0.6647777007702661
HSPBP1,0.0034186051768871906,0.5009048795823615,0.6649350449886284
LOC103611081,-0.0028574376851642214,0.5010057744038979,0.6650080312010683
TATDN2,0.010780804398101473,0.5010866605037089,0.6650544479735837
KRTCAP3,0.004541393615495437,0.5013697396682297,0.6653114789432326
RBMY2FP,0.0028661792267783426,0.5013721894963673,0.6653114789432326
BBS12,-0.003074155343850471,0.5021644647383426,0.6661415257826699
ZNF222,0.004757754821307358,0.5021246789420013,0.6661415257826699
LOC90768,0.004556250050875121,0.5021816708106167,0.6661415257826699
EFCAB7,-0.002458502860664069,0.502111076418513,0.6661415257826699
DMBT1,0.0033212538892160026,0.5024900327663646,0.6664895269769253
GSTT2B,0.0056593844714090125,0.5027467112936417,0.6667689191811287
HNRNPM,0.008643139674669342,0.5029738503228371,0.6669327402703445
OR7G3,0.004795773097722389,0.5031227850341033,0.6669327402703445
DDT,-0.015358929219333461,0.5029591305930254,0.6669327402703445
OR1F1,0.003265330702717506,0.5031180092157652,0.6669327402703445
FAM150B,-0.003227105888861992,0.5030961849016405,0.6669327402703445
ZNF100,-0.003215334546419868,0.5032271934272406,0.6669327402703445
DDX58,0.012594842871785694,0.5031569543735374,0.6669327402703445
PLA2G4C,0.010375964604344645,0.503238602486509,0.6669327402703445
C1orf115,-0.004922100301897991,0.5033138850275368,0.6669714831417057
CGB8,-0.0036633888802333203,0.5034564279855412,0.6670993415920391
GSTA3,0.004671800979240359,0.5037459399838413,0.6674218985296339
BAGE3,0.004740380279044665,0.5041119150097877,0.6678456944115764
SYNRG,0.0033396385164854436,0.5043648754134941,0.6681197050932
RAD23A,0.023321614524892453,0.5044391947257237,0.6681265089864737
ZDHHC9,0.004903905083590843,0.5045083974582342,0.6681265089864737
IL25,0.006456369685730046,0.5044988724352816,0.6681265089864737
MDK,-0.0019673229067205256,0.5046235618479039,0.6682179255627209
DCBLD2,0.0026519820529449234,0.5051866605155827,0.6689024216937289
RBL2,-0.014061544137813797,0.5055072159920634,0.6691703264307675
RRP1B,0.006599218286174491,0.5055275967830335,0.6691703264307675
SORCS3,-0.0020807839399159533,0.5055160182389054,0.6691703264307675
OR5D16,0.0021317295627101274,0.5057078199858009,0.669328762805797
NOL4,-0.003165910320305443,0.5057906042935195,0.669328762805797
NTN3,0.008804762903012353,0.5058321346086891,0.669328762805797
SPESP1,0.0025295634449777893,0.5057685146499075,0.669328762805797
RRP7BP,-0.007133571263047145,0.5058820714002604,0.6693336916197472
NCS1,-0.003688011679687797,0.5061618196547384,0.6696426558165173
DIO1,0.0031276653189893366,0.5066149476979367,0.670119717119353
GKAP1,0.0033022893608087855,0.5065874708259114,0.670119717119353
OCA2,0.0029049345634124535,0.506732491989864,0.6702139908666962
CHTOP,0.01317575535096438,0.5068219126095873,0.6702710538931028
PPP1R27,-0.004339695931151688,0.506907342425782,0.6703228291513764
NR4A1,0.0027872287713721633,0.5070751603643727,0.6704835332040875
CCL19,-0.0038070739605791104,0.507276267171621,0.6705657984588627
CUL4B,-0.005356294968549946,0.5072738095356173,0.6705657984588627
LRRC37A,0.00570510249212397,0.5072075910001256,0.6705657984588627
FGF12,0.0021927371160108677,0.5076062462182456,0.6709407620209042
RDH10,0.004817300985464179,0.5077763968143642,0.6710458261744172
MB21D2,-0.005657073318240613,0.5077783937359578,0.6710458261744172
MIB1,-0.0054440294724154015,0.5079236807476399,0.6711562388618585
RAB40B,-0.005463648784494346,0.5079546182272641,0.6711562388618585
C4orf32,0.0038231310830614262,0.5080423730624156,0.6712109578980231
GPR176,0.003496696349451156,0.5081595757038603,0.6712433465111457
OR10A6,-0.0028699548454875767,0.5081565981400362,0.6712433465111457
TAAR9,-0.002608635867364484,0.5082742787361624,0.6713336360764706
WDR63,-0.0030034076844440705,0.5084492284753509,0.6715034763597139
NOLC1,-0.006395988047801282,0.508539573608373,0.6715038962441316
NTN4,0.0028892691082447186,0.5085422699462773,0.6715038962441316
PSEN1,0.003688207977136315,0.5087325262127642,0.6716938841992414
SAA4,0.002754656041327408,0.5088045620769702,0.6717277620201291
PRR20A,0.002285741164892663,0.5089243541953505,0.6718246760996589
C4orf51,-0.0023418444745804123,0.5091959249332626,0.6721219153133488
SLC2A4RG,0.006163282579950469,0.509507982685394,0.6724725370161515
RBMY2EP,0.0023084137743705213,0.5097012020473595,0.6726662606336177
EXOC6,-0.004589715463677813,0.510045212481856,0.6730589338180759
APBA2,0.0038094067497134176,0.5101067779134499,0.6730788531746752
MON1A,0.003955898782320055,0.5105240536714113,0.6735680810144582
BRINP3,-0.0030273101857911655,0.5110147364121773,0.6741540615897601
KCTD18,-0.006437574972566473,0.5111030379141469,0.6742054053256342
OR1J1,0.002147656978602086,0.5111467519939789,0.6742054053256342
SLC38A11,-0.00528959684647301,0.511304043175518,0.6742900629476648
G6PC2,0.0020520135757147173,0.511302486157983,0.6742900629476648
SOX14,-0.003030197135508672,0.5113861266689207,0.6743369135717996
OR5K4,0.004720665741200669,0.5115285887391634,0.6744633663448377
KRTAP19-1,0.002636709465496878,0.5115991325841531,0.6744949787319201
P2RY4,-0.0026863193776502925,0.5116798405807929,0.6745285022231892
CCT3,-0.006733449213512266,0.5117177010790115,0.6745285022231892
CNOT6L,-0.003966782353549192,0.5118325700520465,0.6746185225802022
ZNF605,-0.003979463222541391,0.5119270251431003,0.6746816225816802
C7orf57,0.00277533413888964,0.5122519813640005,0.6750484667524504
RRM2B,-0.006894700995865755,0.512517272869161,0.6753366248396041
C3orf56,0.002938678821738705,0.5127012346499181,0.6755175732438292
SLC13A2,0.00416259529517049,0.5129463471799267,0.6757790515330233
SNORD30,0.002984950987117152,0.5131284579982698,0.6759574884626594
NAT8B,0.015703696896832042,0.5135049375979928,0.6761529073375557
B4GALT7,0.009124655355245537,0.5135102168401763,0.6761529073375557
OR2M4,0.002374340032574196,0.5133436506188075,0.6761529073375557
ZNF34,-0.00533785093447392,0.5134513186571648,0.6761529073375557
CLEC14A,0.004163981342064638,0.5134876808103784,0.6761529073375557
MASP2,0.002423979150264266,0.5135995882600958,0.676209111567969
GPR137B,-0.008837838393571218,0.514008519928194,0.6766031604127094
TLK2,0.00398541700287236,0.5140390207940799,0.6766031604127094
SPECC1L,0.008898981935850259,0.5140300141671378,0.6766031604127094
ASAP2,-0.004663426302932372,0.5141166884061116,0.6766438995796565
SCUBE1,-0.002608238233717586,0.5142635372872998,0.6767756745474514
RAMP1,0.003146503359681141,0.5143246352929932,0.6767945868614258
KHDRBS3,0.00355800059467537,0.5146843285718846,0.6772063785460735
TSPYL5,-0.002503845870833743,0.5148349357614186,0.6773430111334714
CDPF1,-0.003362406175575039,0.5149098481574917,0.6773800400284387
BMP8A,-0.0025763673691612254,0.5150490356891338,0.6775016104732917
CCDC129,-0.0023950142324951074,0.5151433053986655,0.6775640787680958
SFTA3,-0.00247903670339511,0.5152877932144584,0.677631051109335
TCTN1,-0.008148674893778463,0.5152787184938291,0.677631051109335
PRPF39,-0.0031626847387746793,0.5154065302498647,0.6776890974007128
ENO2,0.009609402666864497,0.5154255106991337,0.6776890974007128
HEG1,0.0056604925503114245,0.5156592498428308,0.6779348801600764
ZKSCAN4,0.006227467958572319,0.5157463500872972,0.677987850305356
ABHD17B,0.0023975308487020897,0.5160434883578542,0.6783168967578873
IGF2BP2,-0.03525629458069268,0.5165263322723316,0.6788899633967741
CHML,0.0055625113360457945,0.5166388809750856,0.6789762772927266
CD80,0.004101690400977631,0.5167390940705914,0.6790463653164984
PSTK,-0.003343145141611714,0.5172094113055367,0.6795536996775
SERPINE3,0.004306852088417301,0.51721899925744,0.6795536996775
RAB9B,0.002925727425782121,0.5173597404707511,0.6796769597259282
KIAA0753,0.005070213813157309,0.5175177430825674,0.6797653482566415
C17orf58,-0.003340166136020173,0.5175208847850031,0.6797653482566415
AMMECR1L,0.006268365198464743,0.5177913067426599,0.680058876211524
GUCA2A,0.006807608808680143,0.5178868720337941,0.6801227177928619
CD2BP2,-0.010213638085234678,0.5179870903602688,0.6801926579127954
DOCK7,-0.0032474175015364537,0.518042266076486,0.6802034431920789
ACSL4,-0.007989873665362524,0.518362974932484,0.6805011627773133
JADE1,0.004599012638478506,0.5183227289744936,0.6805011627773133
GCDH,-0.004835240508975325,0.5187403652812649,0.6809184944233162
CAMK4,-0.003658198542528801,0.5187748954681921,0.6809184944233162
P4HA2,0.002489732471637751,0.5189561463737591,0.6810946741643282
FAM50A,0.010538292860916343,0.5191777637605995,0.6813237954433745
RNF186,0.0034539277492458,0.5192586133464367,0.6813681605100371
STAG2,-0.00696889103326459,0.5193179417351534,0.6813842801061656
PITPNA,0.006919685392457353,0.5195922857542384,0.681682487940615
PCDHGB7,-0.0019444214108430558,0.5197067148520638,0.6817708593349598
CA1,-0.0535878650563415,0.5199423713014535,0.6820182309301079
SMURF2,0.0035740180102514785,0.5201089630016674,0.6821749723912117
AMHR2,0.002544392870460044,0.5203514020014942,0.6824311577860959
POLR2J,0.008387108202802196,0.5205427033854386,0.6826202368342863
TMEM40,0.004845140079459576,0.5206071593591303,0.6826429563785662
PHPT1,-0.010591169885804774,0.5206956032006664,0.6826527555083328
LINC00626,0.00505549201060429,0.5208031585450896,0.6826527555083328
THAP5,0.0036835588912644823,0.5207908519777295,0.6826527555083328
MS4A10,0.0023963221134915003,0.520781289010417,0.6826527555083328
GPR82,-0.0026639639088417155,0.5209477758312525,0.6826569786609844
CHST1,0.004915057328707562,0.5208942623691084,0.6826569786609844
LARP4B,-0.0074529881180556146,0.5209076569376111,0.6826569786609844
STRIP2,0.016156118206470893,0.521073583795028,0.6827600676395138
LINC01177,-0.0023867699902080375,0.521798495954666,0.683586235112824
ALPPL2,-0.004917111443459632,0.5217704075095662,0.683586235112824
HAS3,0.002614784286223859,0.5218605592469064,0.6836057104216507
GALM,-0.011040644920639053,0.5220057746546954,0.6837340965905777
NPRL3,-0.023599913282399854,0.5221046923259878,0.6838018232796462
RFPL1S,0.002123224905443699,0.522205873410764,0.683872501851854
CCL28,-0.0031972848122983066,0.5223125341312832,0.6838885142250503
NRXN2,0.003546905194724559,0.5222963357693053,0.6838885142250503
ERAP2,0.02297162648808282,0.5227507466039103,0.6844004170488147
ZNF431,0.003123578866579102,0.5229210604043486,0.6845040663075643
TMEM55A,0.014328659387021325,0.5229244334226181,0.6845040663075643
CYP2U1,-0.00296107165424786,0.5232293977749662,0.684841369724617
ZKSCAN5,-0.0019621878230218215,0.5234353630037774,0.685049046511856
UPK3A,0.004464784165580937,0.5236327602185556,0.6851835666280206
CD180,0.0032990065308373673,0.5236265166865272,0.6851835666280206
XBP1,0.01628213399446743,0.5237064857357275,0.6852181336401335
ZNF708,-0.002535687877590398,0.524449881953627,0.6861288131348869
NUDT8,0.0036405090229720827,0.5245446427099643,0.6861908060884323
FAF2,0.007988962237380548,0.5247804115609161,0.68643723300355
RFPL3S,0.002681176551959652,0.525051261017277,0.6867294983361242
RGL4,0.018358986036398406,0.5251698429179816,0.6868225737990109
MPP5,-0.005035219308235028,0.5253600691552551,0.6870093212030259
PLK3,0.008038725371480204,0.5254629760189132,0.6870198361308846
C1QTNF6,0.002472160803157486,0.5254288211749778,0.6870198361308846
HCAR1,-0.0024532128840757395,0.5255329063812004,0.6870492477683281
PPARGC1A,-0.002970262340259211,0.5256802331165707,0.6871798282003981
SLC4A4,-0.002990608613661294,0.5258472068089038,0.6873360656457146
DUSP5,0.010444242616785004,0.525974448578856,0.6874403458957002
TNNT2,-0.0024740563125202897,0.5260969205922027,0.6875383738931213
NOTCH2NL,0.004994309838340705,0.526265868844978,0.6876971169569344
LOC102725080,0.004992304895481858,0.5265229070038626,0.687846828271304
FZD3,0.004270171789884536,0.5265107773213666,0.687846828271304
PMS2CL,-0.002288216421836964,0.5264904504238945,0.687846828271304
IZUMO4,-0.0030088091483317925,0.5266300245989693,0.6879247182802554
ITIH3,0.0053666774268590345,0.526697487841609,0.6879507993414974
FAM91A1,0.005587727932096165,0.5269731368066014,0.6882487748879004
CPXCR1,0.004091247348787519,0.5274902140956433,0.6888619836769722
OR8G2,0.00691980061555153,0.5280916479410165,0.689523071196041
CDH2,-0.0069965993721012865,0.528060096882752,0.689523071196041
PWP2,-0.003868323309347055,0.5282469041179676,0.6896636163011216
UIMC1,-0.011217837062193148,0.5283908311531268,0.6897271808238904
TMEM216,0.00984445138755774,0.528361182758858,0.6897271808238904
ENPP1,0.0029931427137128708,0.5288100754641956,0.6900733343573529
NRG1,0.003286020298469694,0.5288465901247319,0.6900733343573529
ZXDA,0.0017259878392952288,0.5287506052767565,0.6900733343573529
FRS2,0.0025610546493730624,0.528762063959346,0.6900733343573529
SS18L1,0.0071378818914746844,0.5289502324203775,0.6901463981962659
DCX,0.003472847195992834,0.5291069384594611,0.6902265060476299
SLC35D1,-0.002361847359390268,0.5290708466987865,0.6902265060476299
PTGS1,0.01281579622104001,0.5294081766573161,0.6904950950656971
LOC105373460,-0.005240855816697199,0.5294061037728948,0.6904950950656971
SH2D7,-0.0022157604862513836,0.5294907882310481,0.6905406606103458
ZNF862,0.0030978742879854693,0.529796774565249,0.6908775081302843
MED19,0.008333077406287082,0.5300545837500472,0.6909026809787332
AMFR,0.01153952136885028,0.5298766590109404,0.6909026809787332
SSX2,0.0021895675412846316,0.5300461014129931,0.6909026809787332
TRIM73,0.005416007483647789,0.5299189456120122,0.6909026809787332
ZRANB1,-0.012194817754272336,0.5299891993911623,0.6909026809787332
MSH4,-0.0026379244494139087,0.530173319617549,0.6909330899172736
NYAP2,-0.004730267854682779,0.5301570521501067,0.6909330899172736
ACOT11,0.0025496472086130595,0.5302241087535141,0.6909345140655466
NRP2,0.0018920544937541806,0.5302698189970048,0.6909345140655466
ZNF706,0.002945084910803253,0.5305145921755571,0.6911912704030556
LYPD4,-0.004079895494522923,0.5307185466695674,0.6913948039181521
C1QL2,0.004936735760003863,0.5309792640918183,0.6916722422075633
CATIP,0.002760400553191822,0.531091876345899,0.691756720952698
DPM2,0.03402558432247105,0.5313036397774954,0.6919024429126679
TFAP4,0.003954790502714189,0.531351310375768,0.6919024429126679
RNU11,0.0020924143702565345,0.5313702743525813,0.6919024429126679
CERKL,0.0034452174794044055,0.5313948339519827,0.6919024429126679
UGT1A3,-0.00517799226937754,0.5315263597314747,0.6920114871326453
NRIP1,0.008990960056800112,0.5316343716109375,0.6920899009898274
GTF2H2C_2,0.0015362734460477867,0.5317398620752535,0.6921650186301762
USP42,0.006280109627137875,0.5318019290119858,0.6921836035055358
LIG4,0.002978593045015465,0.5320738288591128,0.6924752751545862
SIVA1,0.008584631956079392,0.5323437226123487,0.692764283766151
RAD54L,0.003551958036717373,0.5326940179590605,0.6928970133968407
ACP5,-0.01153808454945704,0.5327805881110615,0.6928970133968407
PLK1,0.0036643505344748917,0.5325884946333204,0.6928970133968407
CREB3,0.006705469500413841,0.5327428240226407,0.6928970133968407
DEFB107A,0.0037914429232346336,0.5327716138190622,0.6928970133968407
LHFPL1,0.00790625683421986,0.5327023108054811,0.6928970133968407
TTTY7,0.002587280022139815,0.5324943737077374,0.6928970133968407
FNIP2,-0.0035943362866648343,0.533306074902816,0.6934612696958481
TTTY18,0.002227427724307063,0.5333102101037043,0.6934612696958481
NNAT,0.006345900127855408,0.5334984248468704,0.6936437329876185
GFI1B,0.008647233069452476,0.53417053537978,0.6938324844803814
BRAP,0.005973632274235641,0.5341468331010518,0.6938324844803814
SLC7A8,-0.0031201142456014352,0.5340799684193556,0.6938324844803814
USP22,0.005885438406235011,0.533699747878737,0.6938324844803814
INTS10,-0.00927603356994311,0.5338531222418835,0.6938324844803814
GNPTG,0.01068783129537998,0.5341475982122778,0.6938324844803814
C15orf48,-0.001823866011281261,0.5341268618578475,0.6938324844803814
KRT81,-0.002972032151028259,0.5340905553856289,0.6938324844803814
TCF4,0.013916591943034184,0.534114690373549,0.6938324844803814
PPFIBP1,-0.0019415565647058486,0.5341029216887674,0.6938324844803814
MOSPD2,0.00985529279319941,0.5337569541205224,0.6938324844803814
ARL6IP4,-0.005521527261707959,0.5343098187708922,0.6939511670621954
OR52D1,0.004326976438172814,0.534621295270558,0.6942934493588059
CREB3L4,-0.00281242788954561,0.5349903118297127,0.6947103887880186
DEFB106B,-0.0034348086619715446,0.535104953320138,0.694796964938492
FAM9B,0.0023073240436524145,0.5351678720376245,0.694816373125937
COL14A1,0.006581927111029451,0.535302816036685,0.6949292809424886
STX6,-0.007898000609033673,0.5356281004348047,0.6950493833824267
ANKRD29,0.0016785806172441298,0.5357412755582772,0.6950493833824267
CIAPIN1,-0.006098066958435844,0.5357792298719134,0.6950493833824267
SORD,-0.0031902980511331336,0.5356875318088455,0.6950493833824267
CLU,0.001859623405042754,0.5355778665069714,0.6950493833824267
ANP32A,-0.007743716844356818,0.5357104317104848,0.6950493833824267
NTN5,0.0026066054837183827,0.5355571475384079,0.6950493833824267
ASPH,0.0024378913696150306,0.5355626242133429,0.6950493833824267
MRM2,-0.006009792126706159,0.5359452085344406,0.695155391232015
MMD,-0.020325265295969785,0.5359569355073123,0.695155391232015
HRAT56,0.0029116398617912154,0.536059451171878,0.6952261005348748
PSCA,-0.0021417230681439747,0.5362029776669395,0.6953499801708256
SPATA12,-0.0028120834505491743,0.5364698789232428,0.6956338161436212
OLFM4,0.012944842751886121,0.5366235524475419,0.6957707934518125
HRASLS,-0.0035444264532973335,0.5369244287428441,0.6960861091144397
IGFBP4,-0.005895267594774545,0.5369628622711705,0.6960861091144397
LOC100129434,-0.004065094805304703,0.5370392763715615,0.6961228636983797
TRIM16,-0.0025992347403374083,0.5374260435096379,0.6965618625676595
SLC22A7,0.0022795986390269363,0.5385877857316161,0.6980051439277674
ZNF599,-0.0021654229959962024,0.5386594331728568,0.6980355399548769
KRTAP10-5,-0.005170695230455102,0.5392631671750635,0.6986928807016387
PC,0.002227357285762288,0.5392323293150226,0.6986928807016387
CCDC144B,-0.004401108846817436,0.5393245518525425,0.6987099113624531
TSHR,-0.0022948142097654056,0.5393839330131673,0.6987243435974166
XRN2,0.007116931035337615,0.539550598776794,0.6987935394724439
CD36,-0.01823368836935657,0.5395575002444978,0.6987935394724439
ARPIN,0.005481468496450148,0.5395820868171647,0.6987935394724439
ZNF98,0.0028654443531737073,0.539721035480109,0.6988619824276621
MAGEB3,0.00350667811997063,0.5397314371331006,0.6988619824276621
BNC1,-0.0022010180623537323,0.5399037361915987,0.6990034171068688
ANKEF1,0.0025237990225663864,0.539937187972359,0.6990034171068688
AQP3,0.00598864465490756,0.539999523739984,0.6990216374877048
GLOD5,0.00659680188143863,0.5402667367398196,0.6993050415495574
SUGCT,0.0029144816236730264,0.5405655747531318,0.6996293257728855
TSC22D2,-0.007430866308066442,0.5407060522150308,0.6997486115334619
SOCS6,0.004324415258011527,0.5407905678792062,0.6997954601235078
VRK3,0.010228743294890208,0.5408601033524931,0.6998229173626506
ARG2,-0.0035508758046880473,0.5410558149168868,0.6999937915637943
LSM11,-0.003461274640176981,0.5411371502443941,0.6999937915637943
PRSS57,-0.006967907644439997,0.5411122888242683,0.6999937915637943
HOXD4,-0.003904708410059854,0.5412622095658077,0.7000930383417716
MEIG1,0.0033124193069191676,0.5415386363739606,0.700388035471064
PQLC2,0.0018297274484933013,0.5421053459301394,0.7009332110741062
TNFRSF11A,0.0026064110549111064,0.5420910076701502,0.7009332110741062
GPHB5,0.003699499940375439,0.5420534354690941,0.7009332110741062
SLC2A9,0.004512367622808711,0.5425572784786322,0.7014549336324654
UMOD,0.00527078475163556,0.5429383550610319,0.7018223234898694
PAMR1,0.001970828865816898,0.542926514580711,0.7018223234898694
GTF3C4,0.002250024014433194,0.5431801695621951,0.7020722448633618
FBXL8,0.004182373625950753,0.5432657780365372,0.7021202399465696
PPM1N,-0.004599984972120552,0.5436127471361116,0.7024433071210135
MSGN1,-0.0035782317596595448,0.5436041828473412,0.7024433071210135
MXI1,0.007808352067537605,0.5436905935242268,0.7024812271726049
TESMIN,0.002941490519182466,0.5440759818342787,0.7028553849408652
TKFC,0.004502969809334623,0.5440772283869774,0.7028553849408652
COL6A4P2,0.0049158074757738035,0.544193567506682,0.7029019007483497
INVS,0.0023099448724392957,0.5442102951527198,0.7029019007483497
NOXO1,0.01028424565287267,0.5444117149673309,0.7029189878478523
TARBP2,0.003992797094909406,0.544416271907695,0.7029189878478523
ME3,-0.0019459382027715577,0.5443086641190401,0.7029189878478523
METAP1D,-0.0038534396043550245,0.5444368601015435,0.7029189878478523
NLRC4,0.009041263472624017,0.5444661781735056,0.7029189878478523
VMAC,-0.0036479535654541095,0.5446293428407893,0.7029925205284838
THOC2,0.010201137705659669,0.5447478714174773,0.7029925205284838
FOXO4,0.024394504537884387,0.5447798334532401,0.7029925205284838
MCHR2,-0.004895496966701884,0.5447979079581544,0.7029925205284838
ARRDC3,0.006251439818222515,0.5447530061870937,0.7029925205284838
NUMBL,0.005949228689210884,0.5448143498296211,0.7029925205284838
SFI1,0.0027298609376389393,0.5450135273418714,0.7031868813486251
LGALS3,-0.010498603060158374,0.5452789039109045,0.703466611227001
SLC26A10,0.0028243328623176467,0.5455535815317404,0.7035131191851091
GLRX5,-0.0329126998909306,0.5455578123920978,0.7035131191851091
SDC4,-0.003322511113638349,0.5454305202510606,0.7035131191851091
DNAH9,-0.003163708528375331,0.5454737057132137,0.7035131191851091
HPS1,-0.024762631714475347,0.5454333791822141,0.7035131191851091
CYSTM1,0.019649061415911717,0.5457954636301123,0.7037569211447117
EIF4E3,0.01320007060775552,0.5458925558661863,0.703819456931266
PACS2,0.005243258031570441,0.546038756101266,0.7039452909097228
MGAT3,0.004007423685399303,0.5461422747924174,0.7040160829559785
COL8A1,0.0025450383317142666,0.5462323700942585,0.7040695602425238
AR,-0.0025857181823116804,0.546535023172253,0.7043969812802022
SMYD5,0.0032845896809412523,0.5466781279917802,0.7045187299433174
BAG1,-0.0039112106473364605,0.5469050103530197,0.7045389178447746
MTMR6,-0.014292385975789301,0.5468494977279387,0.7045389178447746
TSG101,0.008401303553146278,0.546815495114464,0.7045389178447746
LOC105378137,-0.002848517978510934,0.5469256274042462,0.7045389178447746
PHC1,0.006562282902230265,0.5469370058165317,0.7045389178447746
BMPR2,-0.006188695090192375,0.5470569446240593,0.7046307501942974
KLHL41,0.0016498435427516611,0.5473599342816912,0.7046536539669939
ZNF571,-0.0022092654273349055,0.5471740150294503,0.7046536539669939
XPOT,-0.004251569554674539,0.547512580899237,0.7046536539669939
MSX2P1,-0.003035146172047476,0.5471390006614465,0.7046536539669939
RNF19A,0.004503250478756549,0.5473883388804892,0.7046536539669939
GPR156,0.005610357610316363,0.5472898265451884,0.7046536539669939
HEATR5B,-0.006941315049276753,0.5474427218103103,0.7046536539669939
PCDHGA9,0.0030839237998376845,0.5473272865459714,0.7046536539669939
SCGB2A2,-0.0028004903778136025,0.5474871202754993,0.7046536539669939
ABL2,0.0022417786103554604,0.5477104008357789,0.7047891441029083
TMEM184C,-0.003801488810379894,0.5477151757817134,0.7047891441029083
BFAR,0.008581884853708033,0.5479068936441293,0.7048751087992502
BIN1,0.015192007242655237,0.5478717671574209,0.7048751087992502
ATF7,0.0038021898340163673,0.5479279791473873,0.7048751087992502
AMY2B,0.0037619789491376565,0.548402790052792,0.7053606261543948
DNAJB2,0.014881955651127043,0.5483976825961561,0.7053606261543948
C1QC,0.004622131199523594,0.5484617283415243,0.705373794468002
ABCF2,-0.003506908805049669,0.5485348460425075,0.7054051948929839
YWHAE,-0.005890507794941158,0.5489429651455484,0.7058673568153518
CD200,-0.0037270127681345855,0.549192895667993,0.7059381626171782
DPPA4,-0.0025365532165375626,0.5492176956103423,0.7059381626171782
PHLDB1,0.016263306674784594,0.5491107382066068,0.7059381626171782
EFCAB12,0.002641093432238506,0.5492417256650775,0.7059381626171782
EXOSC2,-0.006004711813249131,0.5491045628192999,0.7059381626171782
SMYD4,-0.007203962103571548,0.5493111048296595,0.7059646887624479
MORF4L2-AS1,0.0031335444045810235,0.5493778407905364,0.7059878135045807
MEI1,-0.003407497274539928,0.5494960719662481,0.7060771031191568
SSX4B,0.002714579682218776,0.5495983030266953,0.7061458193061878
LAMC3,-0.003256849464897904,0.5497945822532965,0.7062741882167011
TBX15,0.0029768714955453746,0.549795738203763,0.7062741882167011
FBXO45,-0.0027535760094847817,0.5499255567410216,0.7063156658541241
SRSF9,-0.010125437990645025,0.5498927299141768,0.7063156658541241
HOGA1,-0.002888368904283567,0.5500517277281575,0.7064150757594106
ZNF180,0.00285519279355384,0.5501013053326415,0.7064161101549764
XCL1,0.0032024385420434953,0.5501845694940781,0.7064185926869093
ARHGAP11B,-0.0024485022459623806,0.5502495555574227,0.7064185926869093
ZNF175,-0.005194798053919314,0.550219525690035,0.7064185926869093
APOD,-0.008421761077475942,0.5503879209707484,0.7065336034157866
TBX18,0.004828269454212553,0.5505319022325451,0.7066454220793665
POM121L10P,0.004217554305673943,0.5505726034359052,0.7066454220793665
WDR47,0.0029328080499340103,0.5509815589385241,0.707107646612226
DNM1P46,0.001991824434401046,0.5511375403824512,0.7072451612385421
LCLAT1,-0.004598253492909876,0.5512960326689207,0.7073336790066825
AJAP1,-0.0020931243088586626,0.5513041909905025,0.7073336790066825
PPP1R15B,0.002759435154957579,0.5516974771989642,0.7077755765943133
SYCP2,-0.002369468645779804,0.552086666326773,0.7082121402069772
DDB2,0.0036565021726460145,0.5522414185168424,0.7082249042107944
UBQLN3,0.005126800825753897,0.5522369546238184,0.7082249042107944
KPNB1,-0.015517763721197397,0.5522433076606401,0.7082249042107944
PSG2,0.00242435938669594,0.5522950512922641,0.7082285544858038
RESP18,-0.002543566629976901,0.5524316119090528,0.7083409584712039
SEC22C,0.004217172209054709,0.5525413711892045,0.7084189802871947
FRMD5,-0.002016644376901411,0.5527228873141267,0.7085889803379192
PPAN,0.00519761509378025,0.5528010630557367,0.7086264799804666
GNA12,-0.011394503239530174,0.5529733695424148,0.7087669955784086
PRPF6,0.006640707493562381,0.5530085485384973,0.7087669955784086
GHRHR,0.0032700544468298176,0.5530837430395479,0.7088006489280492
ZNF596,0.002045412106436828,0.5531767587219548,0.7088539927319473
AMBN,0.0017876294622665156,0.5532721891628462,0.7088539927319473
TMTC4,-0.0023600538748693722,0.5532339707751212,0.7088539927319473
DSC3,0.0031811659893330457,0.5533702556078424,0.708854230319624
MAML2,-0.0032388883418654757,0.5533260365941689,0.708854230319624
RET,0.002262532844740761,0.5537262667245968,0.7092400244001272
MAGEB1,0.0019617214254541437,0.5537693617744435,0.7092400244001272
TRIM67,-0.003596681206580854,0.5539984538776691,0.7094706990242404
C4BPB,0.003355376769235363,0.5542254754242067,0.7096986814644337
DOPEY2,0.006669567429502976,0.5544507096589677,0.7097988402598983
PRUNE1,-0.006845402460577965,0.5543898412421053,0.7097988402598983
SEC14L4,0.005626073869839487,0.5544201425720264,0.7097988402598983
LOC338620,0.00423953610107386,0.5545218919112477,0.7098272277898816
NAXE,0.009411722148975343,0.5545734849114393,0.7098305368908878
ZNF594,0.003695629060546324,0.5546387945467057,0.709851400566801
LINC01235,0.00694343419576704,0.5548984562281988,0.7100934334350336
FBP2,0.0027028116351273113,0.5549259578190517,0.7100934334350336
GALC,-0.012663464000988611,0.5552186755680628,0.7103047228441979
PAG1,0.007363792080064435,0.5552872394894265,0.7103047228441979
DCTPP1,-0.008524279698605142,0.5551806205368498,0.7103047228441979
KIF25,0.0020158920002328884,0.5552455397237225,0.7103047228441979
AADAT,-0.0024178437955120202,0.5555144376848425,0.7105106959208776
RSPH10B,0.002250214563596309,0.5555520645146336,0.7105106959208776
ELN,0.00316588012235286,0.555595425434953,0.7105106959208776
MIR181A2HG,0.01591292532639077,0.5558416492999921,0.7105494784225344
MREG,0.0029414847925064436,0.5558181506000692,0.7105494784225344
PGBD3,-0.0030145979785736188,0.555871039768416,0.7105494784225344
GKN2,0.0036679574848506036,0.555865436966341,0.7105494784225344
WNK1,0.010776135392033481,0.5558597779402703,0.7105494784225344
LRRC37B,-0.004045610314758363,0.5559586188380716,0.7105987147238466
OGFOD1,-0.005458764776019365,0.5560326081146879,0.7106305740698086
DMRTA2,-0.0025939174196984993,0.5564212241248021,0.7110644971081378
NDUFB11,-0.012547847089136255,0.5567153549947655,0.7112521127056703
SLAIN1,-0.004248981667973162,0.5566833276025389,0.7112521127056703
TMEM202,0.00289812196553374,0.5566859445404512,0.7112521127056703
ZBED9,0.0029518693424224196,0.5568326907237848,0.7113392743379168
FLJ41455,-0.003779219447850757,0.5570313336530063,0.7115302792689076
CAPN10,-0.0025592584130054163,0.5571007775510763,0.7115562312213218
DND1,0.002552513216608432,0.5573525569043555,0.711815045781032
SMN1,0.002230593211091758,0.557437155247269,0.7118603206314094
MCOLN3,-0.002283388044787671,0.557495135508977,0.7118715985816824
SCFD2,-0.004595929029145296,0.5576157701419763,0.7119628715388209
LYNX1,0.0016688718365598376,0.5577787355592996,0.7121081715152838
SLC17A3,0.0029203259281578298,0.5579206217394201,0.7121637688617045
GDF1,-0.014180553900152049,0.5578718516304653,0.7121637688617045
DEPTOR,-0.0021254237290309064,0.5581938691713728,0.7122614748549171
CROCCP3,-0.0023809780304251404,0.5581669933128118,0.7122614748549171
CAMK2D,-0.0019086468310192117,0.5580938895222545,0.7122614748549171
ZNF155,0.0020770893797710244,0.5581203399090048,0.7122614748549171
HYAL3,0.007307806354372559,0.5583819046963601,0.7124386458440873
RSF1,0.0045744104041745,0.5585583304486568,0.7124754608734781
TOR1A,-0.00762496830371262,0.5585150890909992,0.7124754608734781
ID2-AS1,-0.0032852304217261263,0.5584964453964226,0.7124754608734781
LOC101928532,-0.00217684739041335,0.5586249704293249,0.7124908171800529
CDC25C,0.004615625335367746,0.5586687524657457,0.7124908171800529
NID1,-0.0026788254891068064,0.5588621797948685,0.712674750145173
UBAC1,0.009970877411952017,0.559008772569233,0.7127989314105793
RC3H1,0.005157272498582444,0.5592628570174575,0.7129574737050965
CCL13,0.0030842894483837924,0.5592569741093809,0.7129574737050965
ZNF563,0.005107022259570826,0.5592807799114408,0.7129574737050965
SPPL2A,0.012001129136226751,0.5595388216827176,0.7131958795997532
MYEOV,0.0030290069662752828,0.5596089461373646,0.7131958795997532
GOLGA6L1,0.0027117899843034365,0.5596155186171772,0.7131958795997532
HERC6,0.01245251541896586,0.5597465427140565,0.713300098950413
FAM170B,-0.008249832148831793,0.5598712054756364,0.7133334394888386
VCPKMT,0.011799108938860492,0.5598228649173281,0.7133334394888386
DENND4A,-0.003233976435379482,0.5600835957429593,0.7134785224926141
OXGR1,-0.002481571683873085,0.5600643675388182,0.7134785224926141
PPP2R5E,0.012174698370102988,0.5602109928206178,0.7135780511840496
RTP2,-0.003533194589966371,0.5603493228100803,0.7136619254746294
ZNF398,0.0046665821479932035,0.560375385143811,0.7136619254746294
CLCC1,0.0036459975097766772,0.5604692773330733,0.7137187456384942
CHRAC1,-0.005406347007975931,0.5607009973800123,0.7139510545979867
NLRP5,0.002739272967625439,0.5607936637266444,0.7140062786055483
MFSD4A,0.0020289656482068708,0.5611306710084316,0.7143725620889623
PIEZO2,0.004500786482377173,0.5614055340101592,0.7146158662992809
SGSM1,0.0036411613588942515,0.5614204599985858,0.7146158662992809
FAM213A,0.009510684337888264,0.5616788082411648,0.7148395377783003
NDRG2,-0.004806886878415462,0.5616948894956391,0.7148395377783003
LRRC8C,-0.006344159450931031,0.5620082581855087,0.715175506199166
FCRL6,0.010929900783448687,0.5622726423888896,0.7151977652024833
CASC4,0.00556102334598485,0.5621490585273418,0.7151977652024833
ADAMTSL5,-0.0034137175293542654,0.5621230979824944,0.7151977652024833
ZNF324B,0.003808453806434464,0.5622238156226792,0.7151977652024833
PRPH,0.006020199693492323,0.5622509963361729,0.7151977652024833
HAPLN3,-0.007254516949845247,0.562363889590975,0.7152510165819883
DGKZ,0.0021761250046603564,0.5626510725571255,0.7154984632734764
C5orf30,-0.004787353668771921,0.5626572422455742,0.7154984632734764
NOD1,0.006716763793924052,0.5627672388221104,0.7155398489513621
MKL2,-0.002311900964063085,0.5627885914977849,0.7155398489513621
DNAJB6,0.009422394690046687,0.5628476829398774,0.7155521670939334
WASF3,-0.003598292861037855,0.5629260801886843,0.7155890245263211
PDLIM1,0.01383736019663484,0.5630578743881709,0.715638471930913
CCDC173,-0.003349012778344651,0.5630637963355899,0.715638471930913
MTMR10,-0.004788462769617752,0.5632936880825744,0.7158678405008342
PHF11,-0.009047109954845922,0.5634386846251801,0.7159892883059403
TECTA,0.002014591267385235,0.563626459370902,0.7161650704033815
LOC100652930,0.004904362541426899,0.5636780470611136,0.7161677924239622
MAPK15,0.005434743175953827,0.5639397501570886,0.7164374477041726
OSBP2,0.037386361330916884,0.5642241486223107,0.7166817973815603
GPRASP1,0.003725069177130891,0.5642310505068995,0.7166817973815603
SHROOM3,0.0030936884555403665,0.5643403508947682,0.7167577729182588
DEFB124,-0.00243036664151397,0.5646149934127229,0.7169155969622141
OR2T12,0.005734521629601197,0.5645368413776172,0.7169155969622141
RGS17,-0.004314102247333196,0.5646255289424364,0.7169155969622141
PPP1R9B,-0.006108701369283764,0.5646626021917245,0.7169155969622141
TCERG1,-0.0028931338711455368,0.56488834151485,0.7171393407398622
PIGH,0.005643679481553754,0.5651608310645996,0.7174223906345013
TRMT10B,0.0036835628153362165,0.5652280377417754,0.7174448250505543
MRS2,-0.004924466137527617,0.565518894712504,0.7174717865831463
GBAP1,0.0046845943626347974,0.5654896414755132,0.7174717865831463
NAA16,0.0029090115670769023,0.5653508549582781,0.7174717865831463
TREX1,-0.00255326868871375,0.565301923102881,0.7174717865831463
USP28,0.0031503541326909357,0.56554649181302,0.7174717865831463
IMPACT,0.0019742807760536607,0.5655382386573058,0.7174717865831463
HLA-DRB1,-0.07451001819751824,0.565636065121318,0.7175225755138527
TBX1,0.00332926129388067,0.5657203650559044,0.7175666667369927
CA9,0.003485747599444977,0.5657833582299295,0.7175837268478371
ZNF28,0.0022340838045460387,0.5658340603241482,0.7175851965445199
MARCH5,0.0026072363404647803,0.5659163617272546,0.717626736408471
MEIS1,-0.0043266687377290225,0.5660692993482211,0.7177119854097799
C3orf18,-0.00408182136828561,0.5660826927175728,0.7177119854097799
CYB5R1,0.008344165788301439,0.566557850982191,0.7180629955920594
IL9,0.002136606418345899,0.5664324478914825,0.7180629955920594
AKIRIN1,-0.006683396203062131,0.5665029666115595,0.7180629955920594
HILPDA,0.006059891474232693,0.5665380144346097,0.7180629955920594
PRDM1,0.005552781717963917,0.566841775437979,0.7183599856018625
IL9R,0.0030248103589594066,0.566997790221368,0.7184319826407396
POLI,-0.0020349403737203176,0.5669618117600571,0.7184319826407396
CCNYL1,-0.003461792902903049,0.5672608123057765,0.7187023797617973
SUMO1,-0.0021729649051147604,0.5675203005124261,0.7189053728023421
PYGL,0.02146576638356379,0.5675071748387688,0.7189053728023421
MAOA,0.006109116246694413,0.5676632884789051,0.7190236178686893
SCGB1B2P,-0.003710508209630703,0.5677894330312128,0.7190576329478084
PLSCR4,-0.0041600806969439574,0.5677530225371766,0.7190576329478084
HOXC8,-0.0021308173600651514,0.5679030566247797,0.7191386494276367
ARIH2,-0.008615972534064653,0.5679692623426958,0.719159611484536
CD1E,0.00255095045132947,0.5680759581298287,0.7191827190628745
PRICKLE2,0.005987371108785666,0.5680868191658621,0.7191827190628745
LETM1,0.004617074864625259,0.5681923094763828,0.7192534006691075
PLAA,-0.0026667093037104905,0.5683600616199107,0.7194028779605687
TGM2,0.011591102719501478,0.5684339903094506,0.7194335822826007
MS4A13,-0.0019588436934538933,0.5687316829978927,0.7195588484050905
NECTIN2,0.007804904914348931,0.5686493530429307,0.7195588484050905
DFNA5,-0.004559871616917732,0.5687247181115459,0.7195588484050905
RAP1GAP,0.051582076428891455,0.5686274095926468,0.7195588484050905
OSBPL6,0.003452750252443515,0.5688159122598814,0.7196025568322231
CLASP2,-0.005714016487217144,0.5689417430699304,0.7196988826746613
SGCG,0.0025694132036875317,0.5691720690001054,0.7199273641950509
AP2S1,-0.010032315215854126,0.5693969240900133,0.7201488865280957
ATG10,-0.006205767344513724,0.5695637258246731,0.7202969531864634
YTHDF1,-0.006664300084823438,0.5696192327673392,0.7203042576743619
IBA57,-0.004385388205223606,0.5697213144082267,0.7203171010501227
UNC5CL,0.0027873826360593768,0.5697288531918121,0.7203171010501227
VKORC1L1,0.004756932946381909,0.5699398291671095,0.7205039126609025
PEX7,-0.0044708453210873245,0.5699760999218877,0.7205039126609025
LINC01315,0.0021606693859288484,0.5700708736619571,0.7205608285295215
ZRSR2,0.010417400767785523,0.5702122594894069,0.7206137655042815
RBM4,0.0031425361189878487,0.5701914975409758,0.7206137655042815
SLC12A5,0.002185775631425635,0.5703260330356071,0.7206317946861847
TMEM30B,-0.0032462229555916267,0.5702878183822955,0.7206317946861847
CRTAP,0.005505070381493837,0.5704928817321065,0.7207797364800969
IL4I1,-0.0026559994340109583,0.570654869404359,0.7209215114219569
PGAM4,0.006587552050804746,0.5707925998390672,0.7210326195769273
MID2,-0.002756582388570017,0.5709273344971969,0.7211399243792972
ATP10A,0.0036068922765135625,0.570981547394826,0.7211455120741768
VWF,0.0154611675924059,0.5710954043096524,0.7212264221833644
SCARB2,0.011416879788027856,0.5713583152043195,0.721389145836945
CFB,0.003045623701428468,0.5713736730904055,0.721389145836945
ZBED3,-0.0031533349453489734,0.5713401517627343,0.721389145836945
LEAP2,0.0024282886505613277,0.5714978413149571,0.7214830239349637
FOXG1,0.005004712985154924,0.5716432262515646,0.7215407833575304
EPHA6,0.001469484119095199,0.5716233585460554,0.7215407833575304
OR10H1,0.0020643817621222027,0.5717569280209144,0.7216114779223907
C19orf57,0.006516389553278934,0.571798876837564,0.7216114779223907
TPR,-0.0049907361268495265,0.5720104517322215,0.721815593560681
CHEK1,-0.0028993055583592664,0.5720606776140038,0.7218160862933384
NMB,-0.004352947405267926,0.5721764885834111,0.7218993258399065
VAMP3,0.009197088669981923,0.5722394647742096,0.7219158965063716
EPHA1,0.008559269080522292,0.5726517306483945,0.7223730767036531
SLC25A13,-0.005749703197488465,0.5728543545488224,0.7225657468679912
AIFM3,-0.005163708460632854,0.5730854589465257,0.7227943040213757
RMDN3,0.007342704945460632,0.5733394796700729,0.723051721684052
TLE4,0.009802438687961157,0.5735272861000082,0.7231584208762232
SIAE,-0.0025590392392711436,0.5735738704105255,0.7231584208762232
SMOC1,-0.002525811718442128,0.5735569328709195,0.7231584208762232
TAS2R13,0.001901080989590298,0.5737190295173179,0.7232290192783839
ARL17B,0.0038527577518712164,0.5738019809571091,0.7232290192783839
IL1A,-0.0019732769129863215,0.5738295974556191,0.7232290192783839
GLRA3,0.001811625054293664,0.5737637085659169,0.7232290192783839
RETN,-0.011215822510429518,0.5739093839856907,0.7232666420994296
PDE6D,-0.006052529698645337,0.5740702626795035,0.7233487935945784
KIAA0408,-0.0068266525329967465,0.574124394584595,0.7233487935945784
KDM3A,-0.00843499380808943,0.5741077757105078,0.7233487935945784
SEMA7A,-0.002955121324171195,0.5742522880616876,0.723446998372226
MMP21,0.002817054639291605,0.574302669506954,0.7234475443676049
MAP4,0.003164962969879781,0.5744785192157543,0.7236061285608301
CCDC137,0.003851735178497684,0.574606739467219,0.7237046969081042
GALNT14,0.0030225589454895285,0.5747914863119988,0.7238541688584759
F8A3,0.003979694065243677,0.5748253693876132,0.7238541688584759
DDAH2,0.006897826325593215,0.5752395473228777,0.7241868408017872
NOL10,0.023562088734125908,0.5751847594589605,0.7241868408017872
LRRC71,0.002894889482558227,0.5752377267779355,0.7241868408017872
FOXE1,0.002738235775340492,0.57538439294276,0.7243062356494817
TCP1,-0.0057607416862355265,0.5754515280858457,0.7243277946289552
RNLS,0.0023994079355915687,0.5755078210002639,0.7243357038032519
OR8J3,0.0023617990044630943,0.575599290034398,0.7243878805159633
DOCK9,0.004005263234536649,0.5756620104098372,0.7244038713098248
CCER1,0.002278407129628235,0.5760040005062633,0.7247712573479904
SCN9A,0.002157058989735283,0.576101506843751,0.7248309785549766
USP24,0.008875128006115673,0.5761900082380307,0.7248793606635661
TNS1,-0.03366105309549283,0.5770662416919801,0.7259186594290985
CHD7,-0.007611515213754139,0.5775655564368597,0.7264836751568802
SCML2,-0.0036793070327041377,0.5777650454586317,0.7266714934372023
TLR3,-0.0023756156578080834,0.5779687257769405,0.726864550156569
CA13,0.004282452495140809,0.5784828124678367,0.7274479124660659
CYP26A1,0.002167121232361957,0.5791427384961673,0.7282145519904928
ALS2CR12,0.0029670829835852786,0.5796838610947036,0.7288316878555284
MYOZ2,-0.0022637830949454596,0.5798671198130665,0.7289988163677159
SLC25A42,0.006053844472837966,0.5803030654213261,0.7294835618436458
SCARNA9,-0.00623411550498254,0.5809465085955278,0.7302290402236938
UNC5B,0.00268299711224973,0.5811041195414027,0.7303637684343698
GZMB,0.028238940396894563,0.5812144537612866,0.7304390584189566
TBCCD1,0.002157255495323085,0.5813683394509146,0.7304423168465516
SORBS1,-0.0015831857687160777,0.5813586460446493,0.7304423168465516
GLT8D1,0.00311107152416934,0.5813313269024436,0.7304423168465516
PTTG2,0.004008770252457161,0.5817789067108696,0.73089475971899
LYPD1,-0.002356972087268261,0.5819035488684561,0.7309879446496719
TRAK2,-0.017211543089646675,0.5820351821543577,0.7310295079373372
SLC6A9,0.005407729886601764,0.5820375783991558,0.7310295079373372
RABL2B,0.004642479669755062,0.5822371675423159,0.7312167809488341
IFI16,0.01686742594184487,0.5825770312872514,0.7315801735013481
LINC00459,-0.002331318932798254,0.5830924435726649,0.732163931747419
GLB1L2,0.002569909445003127,0.5832457714917729,0.7322878992762164
PPARG,0.003182495753885739,0.5832922876242549,0.7322878992762164
UGGT2,0.0041157203107218265,0.5833585621125167,0.7323076281537261
DOK1,0.004932225900474485,0.5837946770602241,0.7327915852795118
LOC100288798,-0.0020043881976583577,0.584151416754584,0.7331123057164367
OR12D3,0.002660248858365577,0.5841428534824625,0.7331123057164367
FGG,-0.0022427815497874093,0.5843601365436866,0.7332471816424462
SOCS4,-0.003695122965214459,0.5843347580665914,0.7332471816424462
ERG,0.0018371992407555382,0.5847895211092533,0.7337224033044374
SMPD3,0.004823721998869601,0.5852420515692637,0.7342265807647653
DHX57,0.0020424715441746955,0.5854313652215447,0.7344004758244287
CNTNAP1,0.004842335452081237,0.5856582960981086,0.7345056908531518
DHODH,0.002062632888151228,0.585667372525756,0.7345056908531518
RABL2A,-0.002916945970632412,0.5855737012811948,0.7345056908531518
ANKRD28,-0.0033107102816050116,0.5857940651554691,0.734600973135222
NMNAT2,0.00286402048834411,0.5861811804650842,0.7348678891382707
CHIC1,-0.002350237597816829,0.58623574001672,0.7348678891382707
PHKG1,-0.0024627018424476788,0.5861333961368734,0.7348678891382707
GNAI1,0.0027201868634190163,0.5861418869323382,0.7348678891382707
SLCO4A1,0.0036835121735734333,0.5862605950699198,0.7348678891382707
SCAMP4,0.004114571261697009,0.5863685466033198,0.7349396009867155
HIRIP3,0.007360450933445506,0.5865736294942131,0.7351330318935868
TRAPPC1,0.008727941385954452,0.5867419886457927,0.7352804086819227
RPRML,-0.0016288858198931777,0.5868725725118907,0.7353804256650425
C7orf61,0.002937819503401329,0.5870086285647196,0.7354872816722663
ATP6AP1L,0.014239149839218257,0.5872895171568748,0.7357755701496562
BLK,-0.013920755732137025,0.5875474150191777,0.735780456435913
QSER1,0.003138128804272,0.5874433262534442,0.735780456435913
BBS4,-0.004933516667903426,0.5875466452310095,0.735780456435913
LAX1,-0.011208098654769572,0.5875061180535679,0.735780456435913
CACNA1H,0.006446812741577546,0.5874587702705419,0.735780456435913
NBN,-0.005289468653459473,0.5879142025020382,0.7361761311523749
IDH3B,0.009366408401094262,0.5879848056834729,0.736200892593311
ADH1A,-0.002361346558709343,0.5880359596650587,0.7362013000076679
RECK,-0.003472303208346794,0.5883426319369008,0.7365215800323311
SPRR1A,0.007724305472904369,0.5888942053366106,0.7371483597005849
MTERF4,0.002960067441835079,0.589074874913837,0.7372843448299686
DSE,-0.0068024175992995595,0.5891046480749259,0.7372843448299686
UBE2J1,-0.01191141421558406,0.5893646731852101,0.7374886336342026
CSF1,0.0018550066105458285,0.5893697137749168,0.7374886336342026
WNT7B,-0.001823528242454131,0.5894678957172258,0.7375477713863423
POU6F1,0.004489558018416773,0.5896629585438758,0.7377281067244966
PANK3,0.004437978002934884,0.5897273831957278,0.737744983434697
GRID2,-0.0019274667287181302,0.5898073558435245,0.7377813059882208
SLITRK1,0.008549569440551963,0.590280135878642,0.738066272663567
ITGB4,0.0020318110721850857,0.5903409119585352,0.738066272663567
MCM3,-0.008421468948485611,0.5902909912441884,0.738066272663567
SURF1,-0.0066580577848736056,0.5901519484651796,0.738066272663567
TSPYL1,-0.008096653928847175,0.5901425623592763,0.738066272663567
SERPINB11,0.002277479843640684,0.5902122373339022,0.738066272663567
C19orf33,-0.007941190594173086,0.5906286739567186,0.7383623091307709
TSPY3,0.0043026919671431685,0.5910363773038534,0.7388082237739719
MPZL2,0.004181171259082461,0.5911691856694657,0.7389104664512032
CHAF1B,0.002866900841115516,0.5913223334125209,0.7389105924550905
ERBB3,0.0014999432519884337,0.5912584093572614,0.7389105924550905
CSNK2A1,0.005654071855175857,0.591314582095252,0.7389105924550905
GABRG2,-0.0016961585423143077,0.5914351493286225,0.7389163430373629
SERPINA13P,-0.03581908435116965,0.5914088213758392,0.7389163430373629
MRPL52,-0.0070341348094711265,0.5914799835111285,0.7389163430373629
PPP1R1B,0.0035195692296259296,0.5916231280673285,0.7390314262119178
SOX15,0.0028483594208577045,0.5916754232145301,0.7390330139564725
ZNF212,-0.006483325404005313,0.5917798233375606,0.7390359511313355
CBLN1,0.00337435782120199,0.5917455188990425,0.7390359511313355
TMEM57,0.0042493931357894255,0.5918736384794635,0.7390893852691223
SLC6A13,0.0030048731261489436,0.5921200117747687,0.7392058481766721
MED1,0.010881644638284449,0.5920469984777758,0.7392058481766721
LRRC10,0.0029673684051889637,0.5921064566109793,0.7392058481766721
COL4A2,0.004379423522637538,0.5923721123849758,0.7394568366615522
TPMT,0.007666723355163718,0.5924843617941206,0.73953322097777
OR4C12,-0.002780824055584219,0.5925675947227812,0.7395733771619787
TNFSF4,0.004880048379590107,0.5927966616046122,0.7397955235810101
RTN4RL1,-0.003996067832503947,0.5930607786422265,0.7400260829105374
HOXD3,0.012618924799801867,0.5931192488700001,0.7400260829105374
CABP2,0.003342325425887971,0.5932328493858655,0.7400260829105374
SEPW1,-0.0072680448359978556,0.5932676335662463,0.7400260829105374
SYNJ2BP,0.008266635388107346,0.5932879642886745,0.7400260829105374
TNFAIP8L2,0.006830996513279786,0.5932834754396445,0.7400260829105374
LINC01170,-0.0037642554070158596,0.5934661028364452,0.7401845374565635
MRPS27,-0.005135521400131182,0.5937291918254629,0.740448907732048
B3GNT5,0.0023281677669935164,0.5939468415095935,0.7405928075434705
ABHD11,0.0023859138046740114,0.5939086577398083,0.7405928075434705
RARRES2,0.0031998237386243744,0.5940964566668457,0.7407155959682012
ACSS3,0.0031712622432475968,0.5942149832463043,0.7407373808655751
MIF4GD,0.007324754588278637,0.594216212943739,0.7407373808655751
SLC12A2,0.002508017921557304,0.5943319220818783,0.7407541140550663
KMT5C,0.004037844359810805,0.5942871490992373,0.7407541140550663
FAXDC2,0.018449090957760816,0.5943852644209502,0.7407568550914682
BSND,0.0025772354026027955,0.5945334302754326,0.740877759968112
URB2,0.003739749895104616,0.5946901407774916,0.7410092910376108
PIK3R3,0.003873371584965035,0.5949750636835476,0.7413005438617207
CDC42BPA,-0.0020181785886244086,0.5951023607588407,0.7413492333977385
CELF5,-0.0025504042452677567,0.5951165104056548,0.7413492333977385
IFNL1,-0.0016380093409589236,0.5955733981174262,0.7417907901223493
SCN7A,0.00476252641751973,0.5955674902071351,0.7417907901223493
KRTAP12-4,-0.0020707203961878307,0.5959045911739964,0.7421394753709514
BTBD8,-0.0022036911078995303,0.5960091442469145,0.742205867532655
BEND2,-0.002358734348274716,0.5961270897134472,0.7422889242958708
LGALS1,0.014605542092640533,0.5965552445236293,0.7427506716303056
ANKRD27,-0.004835847377553826,0.5966004773368527,0.7427506716303056
LOC100130745,0.0027688763674209582,0.596737054131574,0.7428568536348704
NUP43,0.003810586668727467,0.5968551126370554,0.7428761236946902
MAK,0.007759700189191143,0.5968482286739659,0.7428761236946902
AJUBA,0.00411948537224216,0.5969573267751606,0.7429395017194901
ZNF174,0.0018904654224050077,0.597150542930018,0.7431108063990421
NFS1,-0.006470964257808909,0.5972440832130804,0.7431108063990421
USP12,-0.003488229650566055,0.5972488882415942,0.7431108063990421
BEND3,0.0018345535853319106,0.5974784371766898,0.743332561764918
HLA-DRB4,-0.017848218208879274,0.5976120130423221,0.7434348876496603
AGTR2,0.005404957661533594,0.5977199550862412,0.7434414623846387
SYCP3,0.001704870043510276,0.5976771667028048,0.7434414623846387
HIST2H3D,-0.005243983640320415,0.5978759416198445,0.7435077821260263
SDC2,0.0033227686999719452,0.5978528182853556,0.7435077821260263
ELP5,0.0022790407320272266,0.597952832213216,0.7435395623090849
CXorf36,0.006596212189237782,0.5981596885186689,0.7437329323121641
GMPR,-0.0327821564751396,0.5982332094956461,0.7437604983978487
OR4K15,0.0022716298045244443,0.5984018665435951,0.743779334299624
NACAD,0.002492203124133674,0.5984024152577684,0.743779334299624
ITIH5,0.002960338258796824,0.5983274617617015,0.743779334299624
LINC00570,-0.003057286754543753,0.5987443037870568,0.74408931703878
ASTL,0.002936637654811669,0.5987545560678668,0.74408931703878
ACSM6,0.0030211505452308884,0.5991701703826096,0.7442136123949192
RCC1L,-0.001925209671303385,0.5992656283735117,0.7442136123949192
ACVR1C,0.001359897001541377,0.5992137082189293,0.7442136123949192
LONRF2,0.0016716545299262364,0.599224795665003,0.7442136123949192
LOC100507670///ZNF687,0.0035350187513856213,0.598960550465437,0.7442136123949192
NDUFB4,0.0025916522944724463,0.5991564212601594,0.7442136123949192
ATXN7L3B,-0.0068181249365117935,0.5992035787540714,0.7442136123949192
PDCL,0.004911674061228055,0.5989501558889901,0.7442136123949192
RTBDN,-0.0031987682492866654,0.5993698792890492,0.7442792636850641
GLYATL1,0.0032552215878549617,0.5997735603152556,0.7447166950369621
LMO2,-0.014398794909903145,0.6002278826917478,0.7451530515905781
SLC34A1,-0.003115733048265845,0.6002071860340721,0.7451530515905781
TSHZ1,-0.0066181581315714055,0.6004163934985683,0.7453231953576674
ZNF224,-0.0045143607837356825,0.6007497796896102,0.7456731347179976
FBXO9,0.003252170691030898,0.6008420379040007,0.7457237426736544
LGI4,-0.00454771559413647,0.6011886879922659,0.7460900485716715
ZNF799,-0.0031997299242645383,0.6014261920054486,0.7462569146754834
RTN4,0.006409745413129997,0.6014232982302399,0.7462569146754834
RRP36,0.006999551385494129,0.6019778851363268,0.746877478868816
ADH6,-0.0033102266997797614,0.6021562066827332,0.747034732127855
ADAM11,0.002289705121127028,0.6022607661432466,0.7470364765623692
THUMPD3-AS1,0.0022608048393006897,0.6022500751318247,0.7470364765623692
COL20A1,0.0041730016019556615,0.602561608828729,0.7473456364339195
LOC100505715,-0.008165670607846565,0.6029500488646428,0.7477633793779849
GSTCD,0.0032107662977916007,0.6030806536502193,0.7478613174203577
OR6Y1,0.0019579940090679315,0.603218859502698,0.7479686637305949
CAND2,0.003299951275831603,0.6033636979967207,0.7480842151844294
C11orf53,0.003428217388353083,0.6035596350132186,0.7482630962536556
APC,0.0029831415993761823,0.6037162871009832,0.7483932473785212
SPANXD,0.0016339920865737767,0.6038082800757394,0.7484432288076174
VSIG10,0.0022008946250586803,0.6041015350881493,0.7486496183366284
ALOXE3,0.002128963202597589,0.6040932007834168,0.7486496183366284
OR52N2,0.008122023473436712,0.604129849428232,0.7486496183366284
CTNND1,0.0012802976449775016,0.6042038427079246,0.7486772570606194
ZNF574,0.0036040434211193073,0.6044318311543937,0.7488956922532283
UBASH3A,0.00859094496870405,0.6046412269425596,0.7490269869172113
ACKR3,0.005862373880732186,0.60463099256743,0.7490269869172113
RFPL3,-0.0026713004498066795,0.604767921114835,0.7491198639722287
EIF4H,0.007527861538290992,0.6048432048426781,0.7491490489944714
KRTAP22-2,0.0020090291288159534,0.6050793201217443,0.7491978807676306
CLEC3B,0.00394161260981285,0.605066321081275,0.7491978807676306
ART1,0.004227436830334774,0.6050895339146467,0.7491978807676306
TMEM247,0.0021668339969416195,0.6049773529890944,0.7491978807676306
DIP2C,0.0039545728058856255,0.6053328020579936,0.7494350205152559
SHQ1,-0.004172862709685532,0.605461529770073,0.7495303245461313
ITPR1,0.008196942544621777,0.6056452451209023,0.7496936783463934
STXBP4,-0.0024773133169579964,0.6057565003158768,0.7497673176017056
ASIC1,-0.0015192360273657002,0.6058438204416945,0.7497887357541281
METTL8,-0.0017748539207982361,0.6059291046673618,0.7497887357541281
AQP11,0.0018248762481585246,0.6058887479997846,0.7497887357541281
FAM76B,0.010799499009559455,0.6060262108706953,0.7498448349778875
SUSD5,0.004734110339951414,0.6063162024253724,0.7501395640154689
RHOT1,0.006159693901822472,0.6063837462184639,0.7501590519497977
BACE2-IT1///PLAC4,-0.0018350158013493711,0.6066567216282346,0.7504176802897818
OLFML3,-0.0028210824217529407,0.6066964261387287,0.7504176802897818
SMC5,-0.0023444016493625597,0.6068801923986242,0.7505167953126429
HLCS,0.003194351502955328,0.606873821777396,0.7505167953126429
DMC1,0.01914362112263035,0.6072476183497547,0.750842966038744
SPINK8,0.002414616165360428,0.6072452006112219,0.750842966038744
EMX2,0.0019765538822245077,0.6073427317868509,0.7508964683910156
MAGEA9B,-0.002830416706307126,0.6075772492962191,0.7509941012806313
TXNIP,0.017245584580598106,0.6075656337218963,0.7509941012806313
BRCA1,0.0021535286994174285,0.6075315588259529,0.7509941012806313
EXOC4,-0.004211628514068977,0.6077280107909855,0.7510522618000541
PMS2,-0.0016296461178075816,0.6077159271013782,0.7510522618000541
LOC100996549,0.002909691604862985,0.6077887450546634,0.751063235506505
GPR83,-0.0018348315027587603,0.6079985600249269,0.7512584152363966
EIF2AK4,0.012948691016584135,0.6081771857062953,0.7514150266800291
EVC2,-0.0023939999848590077,0.608552116453862,0.7518141295392133
USH1G,0.004376441184415825,0.6086990671482563,0.7519315384712447
FDPS,0.005729345331776159,0.6088041092949865,0.7519971617796848
KCNJ14,0.0037402614589794325,0.6088674648998201,0.7520112869113154
MAPK4,0.003492964096467155,0.6090578566533142,0.7521822984112043
RIMS3,0.0049148293352230255,0.6092546630829053,0.7523255474902772
TRIM5,-0.005730928559040116,0.6092777321224077,0.7523255474902772
CGREF1,0.0019116200145550266,0.6096718682911875,0.752684378505648
CPAMD8,0.0028938774044666715,0.6096722679251768,0.752684378505648
HNRNPD,0.011120601552574882,0.6097930287215215,0.7527693026508582
STX1B,0.0018517662114527766,0.6099828181754227,0.7529394186511694
WDR64,0.0030254792294099886,0.6104236801827392,0.7534193935889897
HS3ST1,-0.0025043830495441455,0.6105431936825584,0.7535026940438119
KRTAP17-1,0.0026662621478621418,0.6106859189330283,0.7536146246763211
DEFB125,0.0022150243280574244,0.6108750782919177,0.7537304191336431
CNTFR,0.0022144207996781518,0.6109609308005934,0.7537304191336431
NPM3,-0.00632474038466313,0.6109879074183999,0.7537304191336431
ACKR2,0.004354117039474303,0.6109015815119914,0.7537304191336431
C2orf88,-0.012281832633370904,0.6113572464446638,0.7539933887520871
GATC,0.0031307481984788055,0.6112624395274602,0.7539933887520871
TRAV20,0.006644497037365582,0.6113115010960329,0.7539933887520871
HACE1,0.005419517618651781,0.6114213201297977,0.7540082078126853
MYEF2,-0.00442546936239907,0.6117017242240675,0.7542897815138255
FZD8,0.003159900080483169,0.6118664509433027,0.7543392342106299
GPR174,-0.0021552551562704636,0.6118980711640908,0.7543392342106299
NECAP1,-0.009194759197672653,0.6118148377854885,0.7543392342106299
BLID,-0.0027974636691121546,0.6120051690374448,0.7544070526245406
DAPP1,0.007392358890880857,0.6120983123641459,0.7544576594572623
GOLM1,0.002742051378080035,0.6121519746903901,0.7544595984866925
AMY1C,0.02003655184315889,0.6123159525124507,0.7545447168469881
ZNF584,-0.0018677538558593554,0.6123252279632352,0.7545447168469881
MAP3K7,-0.006262842833870685,0.6127013274505027,0.7549439410287606
ST6GALNAC4,0.01856822193080987,0.6129918334744192,0.7552376417185682
CD74,0.013833222289049374,0.6130582996928573,0.7552552872970438
JAM3,0.013641942203708624,0.6133797649604997,0.7555870484510867
MRM1,0.002387957257993456,0.6134625305749818,0.7556247378899598
NDUFB1,-0.0028093294610807007,0.6138025445289199,0.7559792563738841
SOAT1,-0.004512822284270079,0.6141208495411791,0.7562160074609577
CHMP3,0.007776567398706469,0.6141514012540213,0.7562160074609577
C17orf67,0.0036596425389801013,0.6141159470086286,0.7562160074609577
C9orf84,-0.005342848125202693,0.6143380870547026,0.7563815753910501
FAN1,-0.006159007873645095,0.6144948321706895,0.7565102549222495
RPL22L1,-0.0027437020671845502,0.6145489606917817,0.7565125910810612
MTURN,-0.0159078345825705,0.6150513572396449,0.757066699945527
ATP8A2,0.0032041694903375273,0.6151718287059805,0.7571506430130373
KCNK13,-0.003931347463904444,0.6152908682474075,0.7571684737209389
KLKB1,0.003735026299623634,0.6152721293409675,0.7571684737209389
ADAL,0.0032723878140954454,0.615365755591627,0.7571962963205442
LALBA,0.0018340075335476769,0.615586571982197,0.7572547952252179
EGFR,0.00259444693695432,0.6156078321210484,0.7572547952252179
PRKD3,-0.003845248106784105,0.6156224256957291,0.7572547952252179
SPSB1,-0.003353335421389936,0.6156067818400098,0.7572547952252179
ARL5A,-0.009239071776560692,0.6159996234567423,0.7575795374680065
HIST1H2AI,0.0020137909161661582,0.6160870325181501,0.7575795374680065
SPIN2B,0.0025956746961819377,0.6160441777723669,0.7575795374680065
GAREM1,0.0026553987393080902,0.6160956484283104,0.7575795374680065
C10orf25,-0.0021257584480594005,0.616423537329549,0.7579183798540906
H1FNT,-0.0024458975595544885,0.6166359588288893,0.7581152047939591
PLTP,0.0021870629019415944,0.6167073870731677,0.7581386686783026
APOL4,0.00267069519803087,0.6170910408484459,0.7585459251165995
ZNF93,0.0029872556186143484,0.6172465797618552,0.7586727309292862
LARS2,-0.003619872771579047,0.6176552009554933,0.7589817536811203
STAP2,0.0016458747545904373,0.6175579950155373,0.7589817536811203
VGLL2,0.0020623261410994687,0.6176108540004326,0.7589817536811203
ACKR1,0.01629243568724359,0.6177327602921031,0.7590126654284715
CCDC47,0.005050739058685139,0.6178631249466534,0.7591084487002568
SLC22A5,-0.003878601558658268,0.6179918311329764,0.7592021782977125
ZFP3,0.004953638473761401,0.6181170191557241,0.7592271799059963
CACNB4,0.0016229536492060603,0.6181163767022128,0.7592271799059963
CAMTA1,-0.003160218104177659,0.6184667408090971,0.7595077361292594
NUP93,0.00746371097670373,0.6185551819511699,0.7595077361292594
FPGS,-0.0022738418465513277,0.6185083947083587,0.7595077361292594
FAM47C,0.0016947416479631272,0.6184992481961326,0.7595077361292594
ZNF532,-0.0034402259808468116,0.6189854001564441,0.7598632164165565
SCUBE3,-0.0015475987560744642,0.6190020774992371,0.7598632164165565
B4GALT2,0.003042248369401257,0.6189344855717513,0.7598632164165565
PAFAH2,-0.00779283838386835,0.6191002135046728,0.7599192790170916
EBF2,-0.0019458024748235658,0.6193727567044081,0.7601893914165448
CAPSL,0.0015474428222246317,0.6194527641072578,0.7602231685586783
DPYSL2,0.012660833749968958,0.6198543803589485,0.7602335702512607
KALRN,-0.002260742686666539,0.6198435177473571,0.7602335702512607
PHACTR1,-0.00465332769547544,0.6198717396900888,0.7602335702512607
TRIM35,0.0022256256508592642,0.619817995812163,0.7602335702512607
STARD8,0.003463733092584853,0.6196885552443764,0.7602335702512607
MNX1,0.0029851908994071863,0.6198811422719821,0.7602335702512607
PAIP1,-0.0031546822014458797,0.6197785219603703,0.7602335702512607
SLC6A17,-0.002216130623772905,0.619529464258422,0.7602335702512607
LAMP3,0.004325899144217438,0.6200009036536447,0.7603160687934459
AP4S1,0.002945152047488797,0.6201482143198489,0.7604323345926762
HSD17B12,-0.00797851768068547,0.6203830668322262,0.7605067402702225
TMEM168,-0.004174465464025445,0.6204714270763062,0.7605067402702225
ZNF485,-0.0026635326590982444,0.6204603945294775,0.7605067402702225
CSN1S1,0.002164522327620766,0.6204304360144198,0.7605067402702225
B9D1,0.002421889211636774,0.6204105980702532,0.7605067402702225
ACSL6,-0.0038487214695575034,0.6206059596495335,0.7606072702287903
TSPAN12,0.0020592336435925063,0.6207518169064092,0.7607216613988013
LCE1F,0.002631759568005876,0.6212112200631961,0.7612202463109418
CARF,-0.002195248876379452,0.6213712290659167,0.7613519060816122
EXOC5,-0.004382877066069213,0.6215034545319075,0.7614495039282818
NPB,-0.002002613211447013,0.6216553073752809,0.7615067212469188
DHRS11,0.003665227970806484,0.6216095959746567,0.7615067212469188
BBS9,0.002346094119472397,0.6218122056058352,0.7615192564722068
RND2,-0.0028094263399287556,0.6218187018139596,0.7615192564722068
CATSPER2P1,-0.003064194460253411,0.6218232702497093,0.7615192564722068
TMEM2,0.007721089145594995,0.6219327905360431,0.7615246037808816
DLC1,0.0024887732419838215,0.6218848018455303,0.7615246037808816
MARCH2,0.014225220176088627,0.6221649498560613,0.761744474532138
CEP85,-0.004104193988054838,0.6224676006470524,0.7620506066919032
C20orf197,-0.0033590792041220396,0.6225957871869942,0.7621431187978721
SYT3,0.004900399123798138,0.6228127875282651,0.7623443264226647
RFWD3,0.005329590295908737,0.6229267033368417,0.7624193316825094
CAPN9,0.0017877286470575626,0.6231752494177061,0.7624804096990809
MT1X,-0.011273386557432374,0.6231603391636729,0.7624804096990809
PZP,0.0020309541754004456,0.6230374556383672,0.7624804096990809
RELT,-0.003949300677443368,0.6231871782668958,0.7624804096990809
FLYWCH2,0.004263670606907688,0.623381045946501,0.7626531860367531
PPFIA3,-0.002791980031116914,0.6236680678622869,0.762939889773426
CCL2,-0.002388789923673862,0.6237887853826926,0.7630231203008968
POLR1D,-0.01086068569320986,0.6240005905028277,0.7632177463978177
CD55,0.016080151358494277,0.6243647677459381,0.7634697590571691
NT5C3B,-0.004904104462951864,0.6243332633667854,0.7634697590571691
CXorf38,0.009058013121165942,0.6243621993666216,0.7634697590571691
FAHD2CP,0.002143508334430777,0.6244353354873401,0.7634915920309501
PTPN12,-0.01166690061500919,0.6245861243082034,0.7635470479810953
UTP4,-0.0067201611235834235,0.6245753166955338,0.7635470479810953
PRSS42,0.0034923905327062243,0.6248910268548137,0.7638553154667163
CDYL,-0.0033690098133636326,0.6249651062400656,0.7638814007410221
LPCAT1,-0.008031046876851633,0.6250209955371568,0.7638852501358686
HECW1,0.004624577853837408,0.6250748032737709,0.7638865550638961
TMEM158,0.031039910251225322,0.6251968192730312,0.7639712081625397
OOEP,0.002425995521943669,0.6254155360375773,0.7641740023593951
GMCL1,-0.007551313275251381,0.6255086667918172,0.7642233260069742
ADGRE1,-0.00946801793704477,0.6256269987900119,0.7643034286837493
HIST1H4E,0.002515517632867059,0.6257502403690198,0.7643895151813177
LHX5,-0.0022552646267568477,0.6259728056860819,0.7645969065236305
PAH,-0.002164588421925906,0.6261031015785262,0.7646915695474639
DDR2,0.0022868849574555483,0.6262757047843507,0.7647089283507449
EPB41L4A-AS2,-0.002255349398882167,0.6262746581192861,0.7647089283507449
ERAS,0.0018167109936566561,0.6262722696541994,0.7647089283507449
DENND2C,0.003166939978124006,0.6267027071625001,0.7651658105489042
ZBTB44,-0.0049013863624649545,0.6272182184534785,0.7657306706068933
LRRC8B,-0.006477578069909562,0.6273693893644163,0.7658506730344885
HMOX2,-0.004074445988192288,0.6277121981699902,0.7660147430426542
SLC13A1,-0.0018168218976288841,0.6277774632755615,0.7660147430426542
ZMYM5,-0.0032599456237214497,0.6277509392582147,0.7660147430426542
C4A,0.004287550811649332,0.6276642907344991,0.7660147430426542
PAK1,0.010784130472872633,0.6278211139643295,0.7660147430426542
SCGB3A2,0.003522147125597286,0.6277759103726768,0.7660147430426542
PDCD6IP,-0.008021089783452062,0.6282286039182964,0.7664473634730967
CCNO,0.0037973796892174505,0.6286818228186583,0.7669356962608815
CDON,0.002439297562542464,0.6287372009953891,0.7669386575052396
COX11,-0.00219964389234395,0.6289416195624806,0.7670017003071777
MAP4K3,0.002713276730509584,0.6288916729654467,0.7670017003071777
CCDC142,0.0024029803584877385,0.6289477488641501,0.7670017003071777
RNF187,-0.009111042224203558,0.6293400388357971,0.7673535506260262
BLOC1S2,0.0019827610609421953,0.6293952072243296,0.7673535506260262
RBM48,-0.003983386131261923,0.6293568178318504,0.7673535506260262
TPI1P2,0.007068832324550023,0.6298381185772085,0.7677642913206773
TRPM7,0.0022255006261060473,0.6298356226906346,0.7677642913206773
EYA2,-0.002683804816939528,0.6300133709678778,0.7679132933685721
ITPK1-AS1,-0.015873196240177023,0.630259430267408,0.7681485684948787
HEATR6,0.00440490224007295,0.6306260509579106,0.7684660711824312
NF2,0.003084617367064446,0.6306124809123967,0.7684660711824312
ERMN,-0.0023159546840272327,0.630681993609916,0.7684695882431246
TPTE2P5///SUGT1P3,0.0022592304084767534,0.6308605796924242,0.7686225299684616
AICDA,0.002029185029946312,0.6316125897123491,0.7688014783563588
METTL2A,0.0035811528100815337,0.6316590250113557,0.7688014783563588
ASH1L,0.0036434514101113535,0.6314159519218192,0.7688014783563588
SYN1,-0.0019568599410861864,0.6314179462574672,0.7688014783563588
DAGLA,0.002198761338107147,0.6315525479298225,0.7688014783563588
HELLS,-0.001856177142944837,0.6317315690578181,0.7688014783563588
COL11A2,-0.0017672449265582202,0.6318036451861184,0.7688014783563588
SLC25A24,0.001961401589852585,0.6315677257471838,0.7688014783563588
RUNX1T1,0.0016248535750582604,0.6317584936302124,0.7688014783563588
PIGM,0.006010709775198464,0.6314211907106438,0.7688014783563588
KRTAP4-4,-0.002252936342273415,0.6313408395872319,0.7688014783563588
CLCA4,0.00247394834629322,0.6313514492387007,0.7688014783563588
HES4,0.015443452048924833,0.6312241484800072,0.7688014783563588
GPR160,0.007844324825700077,0.6316728981803765,0.7688014783563588
PABPC1,-0.013414313111848486,0.6311829795037971,0.7688014783563588
DECR1,-0.011502430273973019,0.631915426921908,0.7688729035229265
ZNF624,0.0022462614770866196,0.6322658816697789,0.7691700848400032
P2RY2,-0.002440266149434045,0.632226199816558,0.7691700848400032
DMRTC1B,-0.002594476327127282,0.6325749856081073,0.7694814891700534
CTXN1,-0.00405142994846841,0.6327123852432034,0.76951937088442
SH3RF2,-0.0035265899045766602,0.6327079459438562,0.76951937088442
PKD2L1,0.0025123192208891254,0.6328436791476846,0.7696144289483681
GLDN,0.0037722173383603064,0.6329714721244563,0.769640597905526
HHIPL1,-0.002304132953834248,0.6329588701774896,0.769640597905526
DNAJB4,0.001960353146301941,0.6331368860155587,0.7696489102491781
JSRP1,0.00300945815930298,0.6330434619188215,0.7696489102491781
RCBTB1,0.0022121358679241254,0.6331377220118032,0.7696489102491781
PIM2,0.00919733224163366,0.6334252295192236,0.7699337885495499
RAB7A,0.008415259386449492,0.6334991705971859,0.7699543070713354
MAGEC1,0.002048347336573997,0.6336015869913868,0.7699543070713354
RORC,-0.002040890462270184,0.6336006511035516,0.7699543070713354
NCOA2,0.0019686143664996436,0.6350151816413543,0.7716073733970953
C2CD4C,0.0020247465417027044,0.635182182134865,0.7717455520544739
SFT2D1,-0.0107007335408138,0.6354480837712682,0.7719391130875659
OR4D6,-0.003993063180174339,0.6354088836415013,0.7719391130875659
OIP5,-0.0015919835739435229,0.6355866090757005,0.7720426405444857
DDX46,-0.0069434313727256836,0.6356827094814352,0.7720438091378735
NR2C2,0.00423239732651659,0.6356941775599475,0.7720438091378735
IL6ST,-0.007570512001908725,0.6357902058487851,0.7720482563306461
GSK3B,0.009693956189744668,0.6358044463899438,0.7720482563306461
SLC25A5,0.00905389964020209,0.6359796952089741,0.7721963203459452
ISG20,-0.010881877922781058,0.636392406009694,0.7726326578914006
ZNF607,-0.0016387582011114787,0.6367315809647384,0.7729796512189482
SHE,-0.0022183683508920637,0.636904004091965,0.7731241699017786
KIAA0825,-0.002480242808402089,0.637010776963361,0.7731889795975295
CDH19,0.0018455634238971896,0.6372599110923337,0.7734265587616358
KDM4A,0.0038555596612921406,0.6375279527096973,0.7736870437408677
ZNF138,-0.002280383466695568,0.6376864144395487,0.7738145129643451
ZP3,0.007864871974256893,0.6378578168871548,0.773957662712034
VSIG2,-0.0022155872972069446,0.6379703432941415,0.7740293560288445
TRPV1,0.0019102528507275451,0.6381070335388114,0.7740820703298693
CD300E,0.0016366059255954468,0.6381206793522949,0.7740820703298693
LDB2,0.003774451583979044,0.6384628306976802,0.774422008529203
GSG1,0.0018091772731736455,0.6385078449223793,0.774422008529203
ZFP90,-0.008797958010743123,0.6387999729216459,0.7746842145778243
LYRM9,-0.0022082747734843977,0.6388310037916,0.7746842145778243
TSHZ2,0.0067915354926348925,0.6390246139198654,0.7748541237350632
DGCR6,0.005921387920773569,0.6394816250953441,0.7753433666399602
EEA1,0.0017812351477175525,0.6395925831352183,0.775375327793964
KIAA0100,0.002877831402350317,0.6396150522288236,0.775375327793964
APLP1,0.002868434712845591,0.6397657098477695,0.7754930572796964
NR0B1,-0.0021349338543794616,0.6398513047400143,0.77553190777024
FAM46D,-0.0023731569562661647,0.6399214955675456,0.775552082821549
SLFN5,0.007406829674471815,0.6402483393983184,0.7758832787688457
NFE2L3,-0.003764660661683905,0.6405377820205432,0.7761690985347234
UNC5A,0.0015752190108031527,0.6410564932814198,0.7767326625972967
COL1A1,0.002358960117586406,0.6411711118272364,0.7767666490368862
ALX1,0.0020033723472430154,0.6411918017042952,0.7767666490368862
HEY2,-0.0017810888022742333,0.6414137803280741,0.7769705774250919
GGA1,-0.0017985643694533593,0.6416052453185991,0.7771375123929243
SNORA66,-0.0020859502870944624,0.6416980972929639,0.7771849854662839
ZFP69B,-0.0018505684338849804,0.6418514104636859,0.7771851757648292
DZANK1,-0.002526946585367895,0.6417587401503497,0.7771851757648292
MLPH,-0.002513902940667556,0.6418592289767251,0.7771851757648292
ELF1,-0.012065035600620888,0.6420025092052015,0.7772936841367666
RAB3A,0.0027591722617454906,0.6420609573396178,0.7772994739307107
PRMT6,-0.0043371096874871284,0.6423237508026828,0.7775526290535777
GLYCAM1,0.0014319336553683115,0.6424320039297234,0.7776186816745875
XKR3,0.003060205322531928,0.6425078954495699,0.7776455550841122
CNOT10,0.004983913351447988,0.643101486713673,0.7777334253543376
TRIP13,-0.002275388768055109,0.6427472962491902,0.7777334253543376
USP39,0.005443623930828423,0.6429418610029751,0.7777334253543376
PARP1,-0.011545353092099475,0.6428652713004659,0.7777334253543376
XIST,-0.024949894257702887,0.6428555067655525,0.7777334253543376
NTF3,-0.002269141526901386,0.6429383599105654,0.7777334253543376
DTHD1,-0.0046256249826015505,0.6428695602137551,0.7777334253543376
ACOT9,-0.005258614801691763,0.6429912634869615,0.7777334253543376
PGM3,-0.002218239982333614,0.6431174561908936,0.7777334253543376
CNPY4,-0.0017893843835210532,0.6430692998733846,0.7777334253543376
P2RY8,0.010957454856022508,0.6436596416995184,0.778324115075624
OR7C2,-0.002112984288620723,0.6437909796853665,0.7784179438820309
HSD17B8,0.007052139372256683,0.6439202971898054,0.7785093142318147
TRAF3IP1,-0.0016608847118506631,0.6441379163477592,0.7787074184442822
SMAGP,0.002479867422672477,0.6443486564050521,0.7788753130772134
GEMIN7,-0.0024009455674205427,0.6443843466310583,0.7788753130772134
RARG,-0.0021191720948410264,0.6445181374757101,0.7789720212949086
ZNF251,0.0021771872185327723,0.6445741490699991,0.7789747163228925
CCDC43,-0.004112298901888245,0.6446989733178317,0.7790605647868741
COLEC12,-0.0015487087113301712,0.6448271100105,0.7790854071898633
SUFU,-0.0021175554242827133,0.6448246498714125,0.7790854071898633
TNNC1,-0.0020735716843427454,0.644909006403381,0.7791193634787363
GSTM4,0.003679567932857175,0.6452176466136996,0.7794272221478586
PCYT1A,0.002535784224974691,0.6455644999581438,0.7797811873399846
GABPB1,-0.003447928392500188,0.6457239051677428,0.7799086926659095
HARS2,0.006350792129882876,0.6458407982664964,0.7799848346612136
ZNF716,0.003601708902706946,0.6463516226286461,0.7805366768512014
AP3B1,0.008001751058909434,0.6464979778968067,0.7806483294587202
RNF6,0.0037254269126760775,0.6465746076402229,0.7806757766806426
PURB,0.0098911673184503,0.6467707341377426,0.7807602019894638
RNF215,-0.0020532495713228016,0.6468062457657814,0.7807602019894638
COG3,-0.0032752233407915554,0.6467615223953396,0.7807602019894638
TLR7,-0.007279495457228613,0.6469221867088883,0.7808350793576282
C6orf106,0.0029116383628329245,0.6470322852860109,0.7809028930991235
NUB1,0.004709393459189748,0.6477111382328363,0.7816570676690886
LOC541473,-0.002311808283858241,0.6479492230871425,0.7818792424555671
NHP2,-0.005716802284376321,0.6482020986219315,0.7821107610857165
BET1L,0.004815790627429095,0.648249080836373,0.7821107610857165
KCTD20,-0.00868146771559175,0.6484372214494992,0.7822022500333251
FAM111A,-0.009072644456852075,0.6484951774560959,0.7822022500333251
HNF1A,-0.0018510565299143522,0.648540929346189,0.7822022500333251
DENND6A,-0.0018829391409047602,0.6485153303573715,0.7822022500333251
SLC27A2,-0.0025599382860663766,0.6486804491086721,0.7823053809233977
NPR2,-0.002174793318479473,0.6488257885100912,0.7824155125118775
SMAD1,-0.001950280514912528,0.6489351252415689,0.7824822139526211
AIP,0.008181082117564742,0.6490946349609771,0.7826093975505529
CDT1,-0.002060641429929788,0.6492868876603336,0.782776034698874
FIG4,0.006370914825979845,0.6497074125557146,0.7832178246739051
CUL3,0.0019570879123840257,0.6499592570854027,0.783348655642443
LDHC,-0.0021057875996763897,0.64997819273066,0.783348655642443
CCDC183,0.0015721109585431492,0.6499419141608438,0.783348655642443
TCF12,-0.005430197527708458,0.6501219761118655,0.7834186368780224
EMC10,0.0021969992755730416,0.6501444362934155,0.7834186368780224
LAYN,-0.001998613718404485,0.6505210271066714,0.7834813368213063
WNT10B,0.002878474116086771,0.650326958898114,0.7834813368213063
CAMK2B,0.0028984786443784216,0.6504779778513509,0.7834813368213063
CADM2,-0.0015150904942347054,0.650353544420341,0.7834813368213063
KCNIP4,-0.002114128139887761,0.6504279426451042,0.7834813368213063
DHRS7,-0.010481003283892676,0.650404170928319,0.7834813368213063
SAYSD1,-0.004597879600324539,0.6507556051809735,0.7836986933933001
RAD23B,-0.004944845508467743,0.6509711593393518,0.7838931054099744
C11orf63,-0.0025480883069919358,0.6513883733999383,0.7842343869816927
TEX22,-0.002491091903493725,0.651455510904217,0.7842343869816927
RPLP1,-0.01520324034962428,0.6514977688713895,0.7842343869816927
CCDC122,0.0018525041104480167,0.6515252953984195,0.7842343869816927
MYLIP,0.010946115549939961,0.6514088715757475,0.7842343869816927
EPX,0.0019808836277430686,0.6517444852906497,0.7843026856887478
CLN8,-0.0028735648181248408,0.6517183447025771,0.7843026856887478
CYP17A1,0.0020815098331246062,0.6516775136649703,0.7843026856887478
HEATR3,0.0032143659407681824,0.6519139533984019,0.7844414472893955
TIMM44,-0.003679367996614502,0.6521726158795835,0.7846223248110215
LOC285422,0.0022638873805584936,0.6521611600540843,0.7846223248110215
PPT1,0.015278570384891665,0.6527304457708618,0.7851630077688866
PPP2R5A,-0.012072190788558146,0.6527228095885753,0.7851630077688866
PPP1R14A,-0.004802344991144736,0.6528696865702943,0.7852652831991481
ANGPTL2,0.002360716184928613,0.6529802242107993,0.7853330206318373
OR4C13,-0.0031616038185315887,0.6532248355321778,0.7855619825513172
BCL6B,-0.0021809230369749244,0.6538782862930461,0.7862758260376113
TWIST1,-0.003187267728294252,0.6539269953361686,0.7862758260376113
DRD3,0.0028088000415600334,0.6542055039041559,0.7865454070347633
ZNF10,-0.0035627995388534117,0.6542666947058016,0.7865536857668352
SLC25A4,-0.004585837842905782,0.6547038214554809,0.7869172678660208
LYRM7,0.0039837248255549795,0.6547814933944311,0.7869172678660208
CDKN2D,0.006890134022013328,0.6547864479647392,0.7869172678660208
KLHL24,0.009756350267316805,0.6546907382344241,0.7869172678660208
CDC14B,-0.003405539159753168,0.6551817922383172,0.7873270620409679
CCDC124,-0.005063715711649763,0.6555610364148015,0.7873327686442464
ZNF781,-0.0013082195973330712,0.655479597042276,0.7873327686442464
MPDZ,0.001782101536589309,0.6553771818344688,0.7873327686442464
ILKAP,0.005013395490776951,0.6555670525993932,0.7873327686442464
CHRNB3,0.0041051114153312085,0.6554099138909173,0.7873327686442464
LEXM,0.0031443492748568502,0.6553554024457849,0.7873327686442464
TFR2,-0.002088740892493668,0.6554559351141057,0.7873327686442464
AMER1,0.0036893745438417724,0.6557600388193388,0.7873782230665286
TAL1,0.003837951582307042,0.6557679856981176,0.7873782230665286
LOC399886,0.007023105112355488,0.6557483319737984,0.7873782230665286
CLEC4C,-0.005681021516432239,0.6559536129245848,0.7875358197612472
RPL3L,0.005137194518301413,0.6561978428772264,0.78776374274627
RBP5,-0.0021189017724649872,0.6562608057394997,0.7877740353332433
DIS3L,-0.0068275847629042374,0.6568428762319132,0.7883397804430238
BPIFA2,-0.0023471912667689665,0.6568953887162975,0.7883397804430238
SGK1,0.008695389225392702,0.6568216527684442,0.7883397804430238
VNN2,-0.012567893528558471,0.6569757460050634,0.788370895206076
DCN,0.001998875182950499,0.6573082302413958,0.7885310251663542
CD1B,0.002285026031808357,0.657326953732295,0.7885310251663542
NAB2,0.0035780446683668643,0.6572942330573768,0.7885310251663542
DIAPH3,0.0012584275149318813,0.6573148323026733,0.7885310251663542
TBL1XR1,-0.005501576935944108,0.6578076088841434,0.7889769300329523
SLC24A1,-0.001678023701270348,0.6577784826492551,0.7889769300329523
GINS1,0.0036622422595167237,0.658064560964427,0.7892197649257896
SULF1,0.0020149487062726124,0.6582140191445318,0.789333652367064
FBXO25,0.001837680827847521,0.658443288558236,0.7895432230712385
ANKRD34B,-0.0015241825892857719,0.658821071540296,0.7899308278302688
KAT2B,-0.006689102390237345,0.6590105010658082,0.7900925500734348
LOC648987,0.003607138551342537,0.6590972762750859,0.7901311827154729
CCDC13,0.0019985554460930643,0.6591990941663353,0.7901878407601755
HAUS6,-0.0012011069468371716,0.6592793407680322,0.7902186338699254
KRTAP21-3,0.002517687064142571,0.6597623365376504,0.7907321210104532
KLRC1,-0.004667284002200844,0.6598733454279633,0.7907997298675012
FAM134C,0.004650335613916923,0.6599573563186347,0.7908349755041868
RAB5C,0.007367625503704289,0.6600698046210007,0.7908745503443209
FAM188B,0.0028811368584253927,0.6600995884501861,0.7908745503443209
OR5M10,-0.0013887681435713617,0.6601599318512044,0.7908814270415917
CCDC121,-0.0017334007147677966,0.6603352212737742,0.790994499042363
SLC35G5,0.0018803670659499616,0.6604181494697111,0.790994499042363
GID4,0.005587971412588821,0.6603781558149314,0.790994499042363
KXD1,0.006578971269794565,0.6605337721220308,0.791067567009715
HIF1A,-0.0060691632444136445,0.6606327770223511,0.7911207228103955
NRSN2,-0.003923645288745448,0.6607973415641536,0.7912523722896165
VLDLR,-0.0016377014326920403,0.6610432346919086,0.7914159539822784
CCDC28B,-0.0030446501785190705,0.6609944718757272,0.7914159539822784
LINC00634,-0.0022671236261739836,0.6611468239288509,0.7914745514328024
CLEC12A,0.02630258863831436,0.6613314476203977,0.7915647208771044
EGFL7,0.0019768022801596175,0.6612922199391915,0.7915647208771044
ZNF527,-0.0018916325202029682,0.6615036062152733,0.7917053571659245
VWC2L,0.0016270238925839564,0.6618213251023181,0.7919761695267598
NEIL3,-0.001642583096174377,0.6618939196438434,0.7919761695267598
BHLHE23,0.0019460116690686036,0.6618473263119153,0.7919761695267598
C6,-0.0018769664068489789,0.6621306102268574,0.7921546874802259
GUCA1B,0.002796754904745846,0.6621524994009317,0.7921546874802259
KLHDC1,0.0014989111339032135,0.6635154794413317,0.7937197063287289
SPOPL,-0.005030856529968375,0.6638708934665589,0.7940137094112006
HIST1H3I///HIST1H3E,0.003474806298195965,0.6638637742324014,0.7940137094112006
CT45A3,0.0016424712823948084,0.6639978808905654,0.7941000170769507
ASTN1,0.0046195342888815105,0.66420923602719,0.7942872006784858
CLCN4,0.0020901752109532268,0.6644319374261726,0.7944879205548323
UCK2,0.0032862215944939877,0.6649231021458274,0.7945937668358365
HNRNPA1,0.0018245968321854988,0.664912413215663,0.7945937668358365
LOC642846,-0.0017631632434049749,0.6647241073460592,0.7945937668358365
SNAP23,0.008040288660794204,0.6646610769927904,0.7945937668358365
AOC4P,-0.015811270874223737,0.6648325593560818,0.7945937668358365
TAPT1-AS1,0.004198982418457398,0.6648680891237677,0.7945937668358365
SPICE1,-0.011568727135463419,0.6649593377393797,0.7945937668358365
TLE1,-0.0036620631993402597,0.6646252994391332,0.7945937668358365
GDA,-0.0014605774631100132,0.6653008959776259,0.7949089816230489
SLC44A1,0.006156270768786776,0.6653328903767068,0.7949089816230489
P2RX6,0.001878181005324997,0.6654201720523737,0.7949322259055728
TRAPPC2,0.0028165654158831543,0.6654621126142689,0.7949322259055728
OR51M1,-0.003102194591729557,0.6656722654310733,0.7950793310305181
HIST1H4F,0.0015438259542790433,0.665695046078921,0.7950793310305181
ACBD7,-0.0014127877141874023,0.6658775456560949,0.795171370616306
USP53,-0.0017791035564433955,0.6658819079125363,0.795171370616306
C6orf222,0.002682999447822354,0.6659541326755328,0.7951920575162752
COCH,0.0035867854875206717,0.6661986701286022,0.7954184764770155
PXDN,0.0036168103088911607,0.6664251576241425,0.7955635073091518
INSL5,0.0021217604703842596,0.666429994074975,0.7955635073091518
KCNMB4,0.002515787403198466,0.6665929593671522,0.7956289213773573
COPS6,-0.005402781116394806,0.6665946534737801,0.7956289213773573
HMBS,-0.010619297411230022,0.6667382776287497,0.7957347736630529
SLC39A11,-0.004717156516528043,0.6669216715854512,0.7958880688179678
ADH5,-0.003229903811713619,0.6670985896678185,0.7960336112002541
KLHL25,0.0021298522971688882,0.6672181874653862,0.796110736242578
ZCCHC4,-0.0029344845986134516,0.6677088782960285,0.79625022674717
LINC01120,0.0013530180447665074,0.6676532927830602,0.79625022674717
PRRT1,0.0031328423308760733,0.6674954807226033,0.79625022674717
BACE1,0.0017241188997711987,0.6673963021734617,0.79625022674717
LRRC8E,-0.0016448690334147642,0.6677041946995286,0.79625022674717
RBM38,0.026393782412013067,0.6677506830268313,0.79625022674717
NTMT1,0.0029752578148221076,0.6677748898300107,0.79625022674717
SNORD116-2,-0.0022130408473550744,0.667694393950536,0.79625022674717
PAPSS1,0.0075999036700755696,0.6679941152625908,0.7964460623529276
EEF2KMT,-0.0016079409900173758,0.6680706826289194,0.7964717892169947
LOC100507599,-0.0026665427731034086,0.6682092866104861,0.7965714656186239
DOCK8,0.011727603649710261,0.6684868093154555,0.7968367168237229
ENOSF1,0.007272330046209419,0.6686420439609143,0.7969561689211556
CALCRL,0.001639498677134199,0.6687857409514453,0.797061850731567
FLYWCH1,0.0016549864476154141,0.6690679433446814,0.7972712765415886
CDKN2B-AS1,0.0018880253012838466,0.6690715524967557,0.7972712765415886
ASRGL1,-0.002661519100731091,0.6693423495987066,0.7975283474488044
KLF8,0.0020176160134965926,0.6694520281167167,0.7975934173926564
CLDN20,-0.001700057192858928,0.6698755440543558,0.798032355657451
BCAM,-0.0016207135233576864,0.6699872451183256,0.7980997827365597
OR8H3,0.0024018051264187434,0.6700970253922189,0.798164910837245
NEK4,0.0017994084642083408,0.6706984902316602,0.7987499533395301
IFI27,0.03599870278086392,0.6706633181470824,0.7987499533395301
LOC100996671,-0.0024646845763998115,0.6709770526506502,0.7988189734170654
CBLN3,0.0038546943009132306,0.6708199520089422,0.7988189734170654
STC1,0.0020155841542841557,0.6709671084706983,0.7988189734170654
CCNG2,0.004095830130514955,0.6709126950892521,0.7988189734170654
TRIML1,0.01000460101913081,0.6711878817676137,0.799004296829302
GCKR,0.002239271426899947,0.6713513431461062,0.7990675367021286
SRRM1,0.006807396432117585,0.6713379910173838,0.7990675367021286
GUCY1A2,-0.0018319510526740856,0.6714515496053345,0.7991211375910982
GGH,0.001856056619538471,0.6715429992203004,0.7991643086604906
TRPM3,-0.0016670650840424628,0.6718223356670924,0.7993653749940167
RDH11,0.005040424073673222,0.6717895280470336,0.7993653749940167
DOCK9-AS2,0.0016803685818143066,0.6719385100150239,0.7994379315802207
CCDC169,0.0021017659215241125,0.6720736799031998,0.7994674096351795
CLEC10A,0.0033300375365703516,0.6720697384926029,0.7994674096351795
MAGEA3,0.0016714794952727985,0.6722592887839884,0.7996225292557517
CXCR2P1,0.007022075025133745,0.672336113134964,0.7996482396655296
GBP1,0.017339513709311305,0.6724841085187574,0.799758586730083
GRHL1,-0.003143382312992493,0.6726957252026485,0.7998319440540369
ALPP,0.013645605191463517,0.6727242304371075,0.7998319440540369
MCEMP1,0.016574868072632754,0.6726602746786503,0.7998319440540369
CLEC4G,0.004563000354258051,0.6727666787082527,0.7998319440540369
FAM189A1,0.0029079636274742526,0.672864946789849,0.7998831163250306
SLC6A14,0.001668519888725406,0.6729393057454409,0.7999058600260128
CD3EAP,-0.0027378452423230115,0.6731109956738224,0.8000442853552966
TM4SF19,-0.0018160095540524779,0.6739393170686164,0.8009630810225519
SERPINA11,0.0018873711255293912,0.6741035965908898,0.8010268679155343
ACVR1,-0.006536048544101725,0.6740827990901835,0.8010268679155343
SMCHD1,0.008385437803717366,0.6742991348130029,0.8011934920944654
LOC101927038,-0.002119637148330966,0.6743802911181535,0.8012241929747629
FAM71A,0.002498146152094094,0.6745563249635663,0.801367602589591
LGALS4,-0.0019327129000874521,0.6746413684290176,0.8014029016916173
HBBP1,0.0036445265160782725,0.6753145688637013,0.8021368062507668
FBXW11,0.00265763021118115,0.6756550751137725,0.8024754496062223
KRT16P2,0.002076332695688521,0.6757558940074845,0.8025293841263041
TFDP2,-0.003100602548378184,0.6759916060963874,0.8027434961629971
PCDH9,0.0024359736205239457,0.6765108291591924,0.8032942162273933
APOF,-0.0014463212738116127,0.676596787200634,0.8033304259213035
TNFSF8,0.005356357136596657,0.6767210685506453,0.8033477235573148
GOLGA8A,0.0077207786724979854,0.6767222849435789,0.8033477235573148
CHERP,0.003528821147050998,0.6772486622305465,0.8039067057652217
SMARCA4,0.0073560342298044645,0.6778470774266171,0.804551099684268
MMP15,-0.0029001504687524715,0.6781077462971408,0.8046626738790584
FBXL19,0.004415209505932438,0.6780342639789669,0.8046626738790584
RBMS3,0.0021442800348028257,0.6780845214121408,0.8046626738790584
ATP8B5P,-0.008309185383799544,0.6782398227176281,0.8046875485126249
USP6NL,-0.0029428391803554277,0.6782279726861733,0.8046875485126249
NAAA,0.008880452533558625,0.6783843933277587,0.8047931487393937
ARHGAP40,0.0021824439672641915,0.678811668207473,0.8051973482894066
NRF1,0.001278413251348809,0.6788362896963508,0.8051973482894066
SHMT2,-0.0077078518681990005,0.679035829908697,0.8052110171685986
DEFB132,-0.001935767787269782,0.6790238570126593,0.8052110171685986
GIMAP5,-0.012660614643335677,0.6790701860476686,0.8052110171685986
SRGAP1,0.0016661436243019523,0.6789463366535566,0.8052110171685986
SNORA65,0.0016795970309537722,0.6794814826209014,0.8054838068774575
EPB41,-0.00914226330363288,0.6795226896047813,0.8054838068774575
SLC7A5P2,-0.0027149154079211257,0.6794969826512508,0.8054838068774575
YARS2,-0.005299237560093317,0.6794481843941189,0.8054838068774575
TRPA1,0.0034216348356927995,0.6796607380593372,0.8055815163708216
ZIM3,0.0024496277953058865,0.67983712855842,0.8057156456801879
SNORD42B,0.0015210365539228832,0.6798851575188661,0.8057156456801879
ROBO4,-0.0019454124839093367,0.6799761167129056,0.8057575124330953
GNPNAT1,-0.005953677374010091,0.680037430008184,0.8057642454383619
ESM1,-0.0017129210642918835,0.6804147994669175,0.8061454360309884
TOR2A,0.004370491307600588,0.6804935479791192,0.8061727915041356
RLIM,0.001599146229383841,0.6806036359713856,0.8062372669836877
CACNA1C-AS4,0.0027946967930017053,0.68076037523519,0.8063569900970307
GPR139,-0.0016087824886401592,0.6811803504488171,0.8067884696950419
ABCA6,0.0020984479614138962,0.6813687300646645,0.8068931690617291
JAG2,0.0017423893444687977,0.6813801678261536,0.8068931690617291
SRSF10,-0.0032829397418554507,0.681485031006856,0.8069513725558618
C15orf40,-0.004092035585051335,0.6815421968699699,0.806953092411072
OSBPL3,-0.0027256238740136496,0.6816588511005555,0.8070252410773618
CLIP1,0.004024547640872456,0.6817693651275915,0.8070901090729902
GMNC,-0.0015935000601707827,0.6818798171475269,0.8071548930667521
TTLL9,-0.002178637179283349,0.6822392514428094,0.8075143677288267
RECQL5,-0.0015013964368577604,0.6824069610294297,0.8076468723280159
VWA8,0.0016940391709994174,0.682581607682266,0.8077875648067604
SMIM10L2A,-0.0021719130822512867,0.6826417260287128,0.8077927091339768
NQO1,-0.002820417145231069,0.6829817496323263,0.8080630339547961
SH2B2,-0.007029373853181475,0.6829647931951184,0.8080630339547961
RALBP1,0.009927858124248345,0.6830428939603126,0.8080693683019822
MROH6,0.0012721310092178584,0.6835650282405294,0.8085549913463315
SSTR2,0.011003354817429312,0.6835574071511147,0.8085549913463315
OR51I2,0.0016487025196578742,0.683808404751136,0.808776819730153
TTYH1,0.0037634680955918043,0.6839541079908628,0.8088830979129302
SLITRK2,-0.002253708329416071,0.6840179210279749,0.8088925186290977
CXCL3,0.004737118370679916,0.6841351010132504,0.8089650422953645
ADAMTS1,0.0022119870031067634,0.6842621325991873,0.809030212517754
CCNT2,-0.002948698092761326,0.6843019285801577,0.809030212517754
UVRAG,0.0028199115415450393,0.6846457302062258,0.8093706134759202
PTMS,0.012423889046648817,0.6848408247099087,0.8094675276306261
RBAK,-0.002777995252169596,0.6848565935836669,0.8094675276306261
BAG5,-0.0031557673458673108,0.6848953708308011,0.8094675276306261
CD9,-0.003707874867494354,0.6853959068410692,0.8099930087048015
CALB2,-0.003251816348448955,0.6854954496003723,0.8100445534806064
THTPA,-0.001819187433151015,0.6858608254947705,0.810410197133811
EVL,-0.012593431264400934,0.6862528677940853,0.8108072874728389
FAM118B,-0.0027306850281050288,0.6864562830111859,0.8109814684448627
NEK11,-0.0014118239688434286,0.6873347159926937,0.8118868069187877
AKR7A2,0.007252228809717209,0.6873176362996486,0.8118868069187877
PCYT1B,-0.0020607509105943222,0.6878005665180895,0.8122036024745793
RUFY2,0.001166725121259482,0.6876685631408065,0.8122036024745793
HOTTIP,-0.0019823382923886967,0.6878402009416908,0.8122036024745793
CACNA1C,-0.0015781598787167894,0.6879323142446143,0.8122036024745793
CAPZB,0.006770015426653231,0.6878678325473742,0.8122036024745793
AP2M1,0.011346222210770307,0.6879393672437268,0.8122036024745793
KRT84,0.0019158919793866858,0.6880982880223573,0.8123250145664539
PRC1,0.003608428803461017,0.6882108913552711,0.8123917318981049
CDHR1,-0.0030183645679482396,0.6882757968660422,0.8124021385223499
VWA7,-0.002864775520619922,0.6883572940638789,0.8124321257514034
PIP5KL1,0.0025149147367447,0.6884418484444427,0.8124657160326983
NOG,-0.0019815126312101583,0.6887204192974216,0.8127282510268742
H2AFV,-0.001726135549992236,0.6888402960978083,0.8127372799511775
LCN8,-0.0018071023703587485,0.6888084464827156,0.8127372799511775
HCP5,0.009177474754933357,0.6890380785174867,0.812904417141588
ALYREF,-0.0028675177768793247,0.6892019408940382,0.8130315126168145
CROCC,0.003550961187006152,0.6892948235957151,0.8130748615490136
PDPR,0.002600622669441499,0.6893605088378022,0.8130861245933817
FAM69B,-0.0017843232875138781,0.6894746446900335,0.8131545276191227
LIPA,-0.011156440498130138,0.689543380049199,0.8131693793056992
SEPT12,0.004706610469049188,0.6896369904789181,0.8132135610271636
GINS2,-0.003263937707073339,0.6897321130095976,0.8132595184655659
BTN3A3,0.007161803192393457,0.6901976690400091,0.813742209065974
SMCP,0.0030922086657723113,0.6904133163075167,0.8138973494619165
KRT75,0.0015353969187481553,0.6904416413172167,0.8138973494619165
BMPR1A,-0.0017289103202884348,0.6905289905056665,0.8139340737698628
ST5,0.0011134972151216616,0.6910978232284718,0.814534513156022
MMP14,0.0019263494854691032,0.6912633413224124,0.814534513156022
TLX3,0.0030621787184959004,0.6912606521500766,0.814534513156022
LYPD6B,0.0017957366936984798,0.6911994944065075,0.814534513156022
TMEM42,-0.0052435286837555495,0.6913857957958862,0.8146125328485817
ATP5G1,0.004194571934136526,0.6915127294847718,0.8146958169722983
CS,0.006071739446378288,0.6916114225455334,0.814745818962953
C10orf53,0.0011127838245936772,0.6917370471260541,0.8148275366439304
FAM19A3,-0.0022419026937825492,0.6918983505596227,0.8148305567053867
ECSIT,-0.004721450212830547,0.6919083828306788,0.8148305567053867
ALG10B,-0.002071679537332116,0.6918908753567073,0.8148305567053867
COBL,-0.0018247785589764476,0.6919833854767453,0.8148526305077382
LVRN,-0.0014686127162866214,0.6921300088283424,0.8149590316128535
SNF8,0.004610467719683875,0.6921969393440708,0.8149715875028062
C10orf128,0.004914761046094895,0.6923664039655376,0.8151048520715961
CHSY3,-0.0019939037657268344,0.6925193044142417,0.8152185959960888
TMEM38A,0.0023978605684833454,0.6928297579435932,0.8154515044738343
PTPRG,0.003496958404798356,0.692814914613206,0.8154515044738343
CCDC88A,-0.0033469710000737507,0.6929937285156761,0.8155782208353826
ISPD,0.0011750958257144006,0.693272442759602,0.8158399464519073
GCK,0.0025844890734010306,0.6933488507667068,0.8158635757986011
EPB41L2,-0.002541778156137653,0.6935888247481546,0.8160796537491691
PTGR2,-0.00478374113216784,0.693766491237065,0.8162223912824019
PELI2,-0.009448002936720101,0.6941173024833671,0.8165024778014366
C11orf49,0.001585059707949199,0.6940833546943278,0.8165024778014366
MOAP1,-0.005137664723038782,0.6944793279669566,0.816861993363115
EMC1,-0.0035281618348319554,0.6949107056807562,0.8173030175460879
ADAM32,0.0013170236178998707,0.694970246594329,0.8173066784404239
FRZB,0.002046979509483293,0.6955553037305295,0.8179283120267102
OR56B1,0.0033186376208451662,0.695903798001151,0.8182716845468965
MAP2,-0.001247585475653068,0.6959985446975486,0.8183166589332977
ZNF442,-0.0025617159404216494,0.6961239124706009,0.8183312026803168
ZNF207,-0.0050024827771384395,0.6961099417418535,0.8183312026803168
PCDHA4,-0.002763457355861476,0.6962809222304026,0.8184493489356559
BOLA1,0.002112258558687685,0.6967229096978135,0.818787677273027
NFASC,-0.0017584426686161336,0.6966676578354609,0.818787677273027
ZCCHC5,0.0014718165282285867,0.6967383404025171,0.818787677273027
BATF3,-0.003206484570513979,0.6968237789506212,0.8188216464644489
HEXA,0.002316601872434987,0.6969029468769868,0.8188482422784358
FLCN,-0.003986116187449262,0.6973187654508632,0.819270360057617
IBSP,0.0026429593038761467,0.6974714868204285,0.8193168706493987
GLIPR1L1,-0.0016679996281663279,0.6974556171922731,0.8193168706493987
BPIFA1,-0.004836075176946508,0.6975655153877744,0.8193608729929872
LEP,0.004762725289688241,0.6977185186572553,0.8194741343035749
TUBB6,0.0022990002855864944,0.6981311213635522,0.8197593159164727
SEMA6B,0.00865684831720337,0.6980641046340258,0.8197593159164727
TTC7B,0.004059640914198859,0.6981268425175837,0.8197593159164727
C11orf80,0.0017626401040562456,0.6985125130931563,0.8201042136857407
PRDM16,0.0013013623914455152,0.6985947106085797,0.8201042136857407
SFRP1,-0.0022623044496228317,0.6985624785751195,0.8201042136857407
UNC45B,-0.001677257841980584,0.6986835022141257,0.8201419763408215
METTL9,-0.0031351964586132652,0.6987697689621852,0.8201767693394076
PGBD1,-0.0018968145477398224,0.6989693752174149,0.8201830331623295
FOXL1,0.0013764256012374076,0.6988764795257643,0.8201830331623295
PYCR2,-0.005386758288871363,0.6990016129077462,0.8201830331623295
HAUS2,0.010669827314316649,0.6989883656726187,0.8201830331623295
SASS6,0.002586765640335109,0.6991536548354903,0.8202416704526052
DOK4,0.0021148440834997118,0.6991648483435421,0.8202416704526052
CSNK2A2,-0.005015185993822335,0.6993666475649771,0.8203455234314163
GPR15,0.0018940888896690211,0.6993628166027125,0.8203455234314163
SPACA4,0.002626108989426612,0.6997930535863441,0.8207268722116026
SLAMF6,0.008459397037027472,0.6998050864273192,0.8207268722116026
ENDOG,-0.0037839185520702756,0.7000093932202065,0.8208376506415102
DACT3,0.0032093350807222976,0.7000128873739253,0.8208376506415102
PRDM15,-0.0014833142908701191,0.7001502731571742,0.8209322882221736
AMER3,-0.0013358996536227963,0.7002841373530773,0.8209668317133583
ANTXR1,0.0015343037549371275,0.7002930962316033,0.8209668317133583
EI24,-0.004109910702011277,0.7006285481717424,0.8210942545286444
MED18,-0.0017995199909153214,0.7006042073980749,0.8210942545286444
ERO1A,-0.007193564155558718,0.700519311372395,0.8210942545286444
ZNHIT2,0.0028478188081670908,0.7005112723105286,0.8210942545286444
PMEPA1,-0.003960400831121369,0.7008192693718588,0.8212435479094712
AXIN2,-0.007218651503468898,0.7008693382842428,0.8212435479094712
PHF21B,-0.002438228080594129,0.7010261128802197,0.8213608007569246
SMIM15,-0.0017945702330042224,0.7011289903130897,0.8214148908594023
HTATIP2,-0.00699141049149965,0.7014124462430483,0.8216312816579823
KATNAL1,-0.0016779768661692174,0.7014271470381767,0.8216312816579823
TMPRSS11F,0.0014060710375236596,0.7019174305516777,0.821891141877138
RNF169,0.0029027090310940196,0.7020501505116121,0.821891141877138
FLNB,-0.0055744491870228785,0.7019957659413805,0.821891141877138
PEX19,0.003867451004016864,0.702102947973338,0.821891141877138
MIA,0.0036133502694744024,0.7018504246097305,0.821891141877138
GRM4,-0.0014713296279484922,0.7020524296936819,0.821891141877138
COL11A1,0.0014579989393856962,0.7019674205369724,0.821891141877138
CSNK1G3,-0.00515592431784917,0.7020002283478688,0.821891141877138
BVES,0.0015689639666778277,0.7025924118448015,0.8223976477420483
IQSEC2,0.002884063905526091,0.7027872328726215,0.8225523815308375
E2F7,-0.0016355545680664108,0.7028381851578048,0.8225523815308375
FOXP4,-0.0014530790376916514,0.703194067946353,0.8228359088814814
CYMP,0.0015739739886786452,0.7031457263482069,0.8228359088814814
ATP8A1,0.001796831196092974,0.7033386205291701,0.8228720985254038
FKBP2,-0.002847892954877196,0.7033192118092766,0.8228720985254038
LOC100128175,0.0024492764906547393,0.7038069236060733,0.8232869876845716
EIF4A1,-0.007084463074567893,0.7037874041735017,0.8232869876845716
PMCHL1,0.0031951869297710545,0.7040927386201533,0.823488309607098
SENP2,-0.002954401845804533,0.7040769064467408,0.823488309607098
SLC1A6,-0.001308771268724307,0.7042986226131804,0.8236625958764074
APITD1,-0.0025955394384515884,0.7045821953734009,0.8237281877301106
ZSCAN18,0.009506106941357118,0.7045590359461014,0.8237281877301106
TRAF2,-0.0033643329844217362,0.7044146585178483,0.8237281877301106
P2RY1,-0.0014933649433679363,0.7045337815220758,0.8237281877301106
GTF2A1,-0.0015846979316282983,0.7046815102870844,0.8237778042774923
TSPYL4,0.0022651801800934734,0.7048062324478518,0.8237906286938901
VTI1A,0.0028460393609233137,0.7047861205715024,0.8237906286938901
TCEAL5,0.002870167069672469,0.7048901357293127,0.823822216243312
ZPBP2,-0.001480869950232666,0.7049713499062518,0.8238506561273318
CDC14A,0.0025983105602058743,0.7052420232687452,0.823979949521266
MCCD1,0.001982098389201603,0.7052526535635967,0.823979949521266
TMEM255B,0.0011602742145280232,0.7052130661352571,0.823979949521266
STXBP1,-0.0015743165166623996,0.7053115037184651,0.8239822406725478
NEURL1,-0.0022766464467141034,0.7054338327986828,0.8240100345328021
GPR21,-0.0016713807591246521,0.7054490767886458,0.8240100345328021
GCM2,-0.0015582607788342528,0.7058551362580805,0.8244178528797709
TACR2,0.0017634910782451385,0.7061214139236642,0.8245464373023712
EMP3,0.007654054946216959,0.7061266650788859,0.8245464373023712
DHDH,0.0018515011847037854,0.7061360127242897,0.8245464373023712
CFAP157,0.001525337027984186,0.7063251266308813,0.8245729733165048
ADAM22,0.0017897266457289618,0.7063645666709589,0.8245729733165048
SLC5A9,-0.002479935365742314,0.7062798527008872,0.8245729733165048
TSPYL6,0.0035279065250684027,0.7063864576713057,0.8245729733165048
CCNL2,0.0016084582808275627,0.7064529625501331,0.8245841493735296
RPL14,-0.012521341651852147,0.7065877359297487,0.8246750013865012
LRFN2,0.001367240218850263,0.7068256954539103,0.8248127690505962
PDHA2,0.0014380593353022775,0.7069090137225436,0.8248127690505962
ASCC3,0.0016855155282708978,0.7069335622061655,0.8248127690505962
TMEM138,-0.004367414581644802,0.7069067907384742,0.8248127690505962
STUM,0.0023419818991774477,0.7070786689178082,0.8249156214744692
TTN,0.0019582297729110465,0.7072093111285407,0.8249351423359735
PGGT1B,0.0021196086688064497,0.7071914593328146,0.8249351423359735
ZDHHC1,0.00401984519274734,0.7073707326253628,0.8250569891565271
NDUFA10,-0.003830528476088446,0.7075354234222448,0.8251826292654637
CHST10,-0.0016620984980191267,0.7078279813275905,0.8254573656641563
TMEM117,-0.0020646362502585447,0.7082393762804949,0.8257418805071463
MROH9,0.0014487033783856518,0.7082999947128407,0.8257418805071463
RAB31,-0.01018520941737755,0.7082075622511055,0.8257418805071463
SEPHS2,0.004958301378977126,0.7082830351280803,0.8257418805071463
IRF4,-0.0032248091871949214,0.7085516119955128,0.8259687362690549
ZNF483,-0.0044248152328281165,0.70882935050923,0.826139575554035
ST3GAL5,0.004269447946755989,0.7088622576200968,0.826139575554035
MROH8,-0.00324934640158947,0.7088692795488503,0.826139575554035
OR7A17,0.0025292424251786016,0.7090212501327589,0.8262502041131933
RSPH4A,0.0016485289191354724,0.7092166833532496,0.826411459508324
APPBP2,-0.0029087950803985407,0.7093551906215972,0.8265063615930508
RHOC,0.008084236597191818,0.7100932628052401,0.8272997762605452
YOD1,0.017176718049316975,0.7102685098342605,0.8273376561534375
TBPL1,-0.006856121846025687,0.7102971385161554,0.8273376561534375
STARD13,0.0015463782866662612,0.7102150884091011,0.8273376561534375
CHRNA6,0.0027965774167411084,0.710476278498275,0.827479769843118
NDRG4,-0.001286626489785725,0.710595567401881,0.8275521587399569
QTRT2,0.0025421071633147108,0.7109363878715467,0.8278825085971605
C9orf57,-0.0022981076900929764,0.7111210493733637,0.8279644115051287
AMY2A,-0.002282114381333855,0.7110883097394797,0.8279644115051287
THAP6,0.003835875283666468,0.7114181762368796,0.8281473163369659
RAD52,-0.0016764012711636411,0.7113607588097663,0.8281473163369659
CHGA,-0.0019878893207883053,0.7114496725476986,0.8281473163369659
RBPMS,0.0013559713406854357,0.7116124653088483,0.8282702465070201
LAMB1,-0.001778126151055659,0.7117896228938946,0.8284098752908934
LOC101927762,0.0029456816449888734,0.7120351193322675,0.8286168519113567
DTNA,0.0013545046914895664,0.712081880401868,0.8286168519113567
VMP1,0.011387308917020889,0.7123217421801288,0.8286962340350992
LINC00997,-0.002025669974176303,0.7122726679875265,0.8286962340350992
CA6,-0.0024538425991798007,0.7122673976689936,0.8286962340350992
ID2,-0.009614640389942863,0.7126140506624126,0.8289697140626764
FZD9,0.001172948650454586,0.7126975276457485,0.8290002401558803
WNT10A,-0.002498920862956666,0.7130581967129641,0.8292202004176783
CERCAM,0.001939274673564917,0.7129805164557628,0.8292202004176783
ETFB,-0.005094251826305296,0.7130583814003164,0.8292202004176783
ADRA1B,-0.002778775490550167,0.7131800233777191,0.829295075353475
SLC45A1,-0.002784987239104808,0.7132460220764099,0.8293052407284836
CXCL12,-0.0013476253130484395,0.7134590722215373,0.8293615108179082
SSX4,0.0012706105956397096,0.7134661988947207,0.8293615108179082
PLA2G4D,0.0018165669608105617,0.7134650508860775,0.8293615108179082
KIAA1191,-0.0042229016928887475,0.713665691976832,0.8294992303842577
KCNK18,0.0019664870355615705,0.7137847736513484,0.8294992303842577
LDB3,-0.001172857849798703,0.7138137536253374,0.8294992303842577
ZNF561,-0.0016969560393507166,0.7137428142703421,0.8294992303842577
IRX1,0.012162358045459953,0.7139356841448199,0.829574364151911
PCDHA11,0.0019319079681761053,0.7141251453504347,0.829727948440213
DNAAF1,0.0019285451863533254,0.7143691938457976,0.8298783608968987
MIIP,-0.0015930780313224702,0.7143217954124005,0.8298783608968987
ZBTB5,-0.0031376171805668207,0.7145009572226444,0.8299515390880986
SERPINB10,-0.001967277513594823,0.7145467890381517,0.8299515390880986
COX15,0.002976435037139069,0.7146171410258588,0.8299666963850966
NPTN,-0.006176342274583746,0.7148347341603147,0.8300197442342471
CBFA2T2,0.001359156644679338,0.7148157701708212,0.8300197442342471
ZNF202,0.0023501421261311606,0.7148040286090003,0.8300197442342471
LRRFIP2,-0.0031106287054214476,0.7149783242803079,0.8301199237575936
ZNF24,-0.0030872552189942226,0.7151628907894012,0.830152436919409
NIPSNAP3B,-0.002168863426780021,0.7151009494990376,0.830152436919409
C1orf74,0.0022885417679230358,0.7151782731207115,0.830152436919409
GLCCI1,-0.0026248433088849055,0.7154755877630748,0.8304309971280052
EFCAB6,0.001153734793040151,0.7156048414838112,0.8305144650682308
UBE2L6,0.008395683809322207,0.7158017019283619,0.8306416553555557
TTK,-0.0018623161110529196,0.7158291316037038,0.8306416553555557
SPEF2,0.002378916102726336,0.7160058740173321,0.830780187396222
TSPAN16,-0.001324253623343985,0.7160805688106847,0.830800301077696
NEK7,0.0035251033090748507,0.7163221756049616,0.8310140481747909
TMC3,-0.0023599559061224795,0.7163990151890413,0.8310366279030974
FNDC4,0.0018226004340942126,0.7165609025606539,0.8311578531823905
CPXM1,0.0018066877619586919,0.7168051267535104,0.8313745560456313
FABP4,0.0022374829017852704,0.7171112797464815,0.8316630455479251
RGS6,0.0037870777321691307,0.7173263466820778,0.8318458611163503
MAGEF1,-0.0016035115081312057,0.7174653234535382,0.8319404166921022
P3H3,0.001972605438955277,0.7175862195045746,0.8320139932200014
DYDC1,0.0019571842466952205,0.7176711843087055,0.8320459003863996
ERICH5,-0.0009455333373447061,0.7178871341195637,0.8322296502791549
ELAVL3,-0.0036634297917821357,0.7180670544682014,0.8322383945680907
RIOK3,0.013960446012447392,0.7179911550885292,0.8322383945680907
GP5,0.002162767112516839,0.7180571395701536,0.8322383945680907
DIAPH2,0.005059229085579098,0.7182900441248724,0.83225045433984
SPINK9,-0.002504009363812898,0.7183072997585156,0.83225045433984
DMD,0.001447917245133823,0.7182114054206875,0.83225045433984
COL6A3,0.001202698105317701,0.7181665273163433,0.83225045433984
ARPC4,0.004745724000935425,0.7183755284245321,0.8322629302272375
C16orf46,0.0018477028225154513,0.7184376254733364,0.8322683009962254
GABRB3,0.0012448245533347446,0.7185750462320081,0.8323609220748884
HES1,-0.0020164152268211666,0.7190855769947581,0.8328856855011656
RMI1,-0.004519443027342085,0.7191546915984954,0.8328991326653293
TFPT,-0.004392615581909176,0.7193344586877541,0.8330407211668212
METTL10,-0.002020675854791598,0.7196260292030189,0.8333117530361789
C5orf34,0.002234014241143889,0.7201217474972643,0.8336191968310722
CDK6,-0.0048452298931458415,0.7201214237787564,0.8336191968310722
SMIM10L2B,-0.001480033978054962,0.7200038038815121,0.8336191968310722
SLC25A1,0.005654558843557034,0.7200811410237883,0.8336191968310722
EPC2,-0.002757826173777289,0.720184501399518,0.8336252152378021
SLC4A1,0.028370346894535103,0.7204295701674653,0.8337756207994861
CD276,-0.0012205789624086805,0.720386736656798,0.8337756207994861
SPRY4,0.0015958391487149726,0.720501374613153,0.833792098905154
JAKMIP1,0.0014004213053029346,0.7206786892251763,0.833930665074495
RB1,0.0033588377303255257,0.7208488657290635,0.8340609499296817
ZNF214,0.0014159964690421134,0.7210927487873514,0.834163185092677
ZNF471,0.0016214419711362282,0.7210106404158231,0.834163185092677
LPA,0.0007333574779089247,0.7211100000376559,0.834163185092677
ENTPD7,-0.002137296993422133,0.7212139349647846,0.83421678917345
KANK2,-0.0033204493316052464,0.721293659273219,0.8342423828885493
KERA,0.0018433544078950703,0.7214050195833756,0.8343045595373372
LINC00261,0.0014332039344671088,0.7214705407064207,0.834313717492359
NCKAP5,-0.001146909381893657,0.721797381485788,0.8346250417882927
ARL8A,-0.002876821907205951,0.7220483167491217,0.8347724311852741
CPNE1,-0.001903516359630153,0.7220676992529238,0.8347724311852741
DOCK3,-0.0024929890691094414,0.7220977485722383,0.8347724311852741
ENTPD8,-0.0016316091778945108,0.7222387399895287,0.8348687877101624
BAHD1,0.002872072473840248,0.7224307400482355,0.8348908353034902
CRISP2,0.003039109731124867,0.7223213690236011,0.8348908353034902
PRMT8,0.0016162077120807083,0.7223923692459933,0.8348908353034902
PTPRN,-0.0029649442537040827,0.7226448424611259,0.835005017806697
SKA3,0.0015743356400319541,0.7225959603163152,0.835005017806697
C1QL3,0.0014986040825348823,0.7229384171422008,0.8352776032137552
LOC105378397,-0.0023290439549654707,0.7230890846716429,0.8353850444591271
LMF1,-0.0018462008907143002,0.7234173567251709,0.8356976387627514
DBP,0.004484107835352802,0.723616958107629,0.8357948980247926
OR2T35,-0.00110668073498843,0.7235805030554863,0.8357948980247926
SPINK5,0.0015076101754889493,0.7239547795165431,0.8361184137243928
ZFP41,0.0014323791664416774,0.7240488376874322,0.8361509373281055
SHANK2,0.0020929369268252174,0.724098398709364,0.8361509373281055
CT45A1,-0.0013051000915238475,0.7241858868957649,0.8361852986127438
SPARC,-0.003960664514043977,0.7249999895287662,0.8370051128492146
FGFBP3,0.003388636847211579,0.7251848357597898,0.8370051128492146
GRIK1,0.001502399125072884,0.7251732621028705,0.8370051128492146
LCE2B,-0.0014064758697243107,0.725142845495147,0.8370051128492146
TINAG,-0.0020817962350276886,0.7250943179947138,0.8370051128492146
LSM14B,0.0017339733631693832,0.7253277923230178,0.8371034058969394
PNPO,0.005373299726256775,0.7256076852870906,0.8373597094811744
MAGI2-AS1,0.001763914418186907,0.7257790731111138,0.8373872355059675
STXBP6,0.001259614529296904,0.7258210772258493,0.8373872355059675
ADRA1A,-0.0011120145822820504,0.7258476063577677,0.8373872355059675
KNSTRN,-0.0017864773989151317,0.7258627963116143,0.8373872355059675
FCMR,0.012500711588376845,0.7263345619664011,0.8377980246493075
EIF1AD,-0.0019451977374176366,0.7263245372428628,0.8377980246493075
ROR1,-0.0014722286834603082,0.7265033932845012,0.8379260350639207
C14orf28,0.004433120818689851,0.7268136761799754,0.8381504208432137
C6orf201,0.001376713961905196,0.7267867274907581,0.8381504208432137
CTHRC1,-0.0014208484143765077,0.7269857442052692,0.8382821048538428
HSD17B7P2,0.0018908908008912206,0.7270504237595471,0.838289948872256
RNF214,0.0025701557992272583,0.7271227207596496,0.8383065738663348
SEC16B,-0.002510938648830674,0.7273014389545903,0.8384458804376222
ERICH1,0.006293273706042157,0.7275249070314989,0.8385947585120007
ATG2B,0.002156272391055758,0.7276042757677653,0.8385947585120007
PROSC,-0.005608060876550525,0.7275611308916435,0.8385947585120007
RNF5,-0.0031368840756771377,0.727734002622716,0.8386775377138302
CTAGE15,-0.0012100961714409664,0.7279661098195258,0.8388782826498538
SYT9,0.0018976108227377608,0.7281758576782399,0.8390532317113465
TRIB1,0.00888781895226387,0.7283908336109773,0.8392341765986314
GOLGA7,-0.0031757709430539904,0.7285896938927996,0.8393965261170306
SP8,0.001176690148294135,0.7286738919076768,0.8394267597542983
TMEM132C,-0.002455821722186613,0.7290759325817645,0.839823111779408
HORMAD1,-0.0013087331073284858,0.7295223234573244,0.8402704837340664
RPSAP58,-0.0015679144823614877,0.729940843238713,0.8406856849132888
SP140L,-0.0019111665336319916,0.730110604589516,0.8407474953788002
RICTOR,-0.002132621805039925,0.7300756989440895,0.8407474953788002
NDUFAF1,-0.003329807568129617,0.7304475018965654,0.8410685759972854
NLGN4X,0.0017582202576278405,0.7309604094531587,0.841525624265906
PEX11A,-0.002145063118028645,0.7309606378686387,0.841525624265906
CYP2E1,0.0014487667549278882,0.7312365853607284,0.8417764029855977
TRMT10A,-0.002009265125823667,0.7313250156088569,0.8418112950869175
CLDN25,0.00259012404889436,0.7317288235939076,0.8422091768065922
CYB5R4,-0.009288913205912408,0.7318739205586088,0.8423092463544609
CAMK1G,0.009553403031827834,0.7322866614589536,0.8425349396678048
NEDD4,0.0018568912081864397,0.7321390940612735,0.8425349396678048
GPKOW,0.004749206655518812,0.7322377497922502,0.8425349396678048
CALD1,0.0017456966761750792,0.7323027033608115,0.8425349396678048
TRIM7,-0.001369637175387517,0.7324460475981045,0.8426329271970568
TXK,-0.0066514192103506176,0.7325435583151672,0.8426781747785625
ARL6IP6,0.0033478877920130046,0.7326375419854487,0.8427193581732242
SYNE3,-0.0017468024485074451,0.7327783957533185,0.8428144432693612
ASAP3,-0.0026271256214620564,0.7331574821278429,0.8431834977878098
FLJ16779,0.0022700506120898467,0.7335280398218657,0.843542685889631
TFCP2,-0.004597009089584603,0.7336683645553516,0.8436370746443087
CLIP3,-0.0018761705880718793,0.7337434980949649,0.8436564917367207
EPM2A,0.0021925818486243642,0.7338204599858568,0.8436780078135536
IFNW1,-0.001778614919667021,0.7341939902603504,0.8439734726135647
EIF1,0.006601209395643792,0.7341709457339364,0.8439734726135647
TMTC3,-0.0011943399595431003,0.7342920533128962,0.8440192127754931
PALMD,-0.0017397454922285505,0.7344317785945944,0.8441128298019446
FAM151B,-0.0016679814892590628,0.7349079471946737,0.8444696142775172
IL13RA1,0.00971672861447992,0.7349171146070218,0.8444696142775172
KRTAP5-1,0.0016915369367138666,0.734837404263287,0.8444696142775172
TNFSF13,0.0023368779486867552,0.7358399936685763,0.8453959283172571
KSR2,-0.001969085522185665,0.7358345095429225,0.8453959283172571
EEFSEC,0.001451314193210429,0.7359591283315238,0.8454657372108019
ENPP5,-0.0021407630033030145,0.7361516340120797,0.8456198165620559
SNORD21,0.00161724669911667,0.7364486618321283,0.845893926881566
AADACL4,0.0018113918671387452,0.7365650806274667,0.8459423654213605
AATF,-0.0059987010505935245,0.7366076437927505,0.8459423654213605
MTRR,-0.003330041247100013,0.7367276355491854,0.8460130875520813
GRWD1,-0.004505881242738319,0.7368412106045462,0.8460764305054898
YWHAEP7,0.0012885563156483926,0.737036140364803,0.8461741820065684
LOC101928406,-0.0017098846375356302,0.7370431842167127,0.8461741820065684
LINC01479,-0.0022831482261294056,0.7377711816332767,0.8468757168153732
TSPAN11,-0.001099282193813167,0.7377515494273719,0.8468757168153732
RMND5B,0.0033147490038789584,0.7379075845799441,0.8468980550757457
RPP25,0.002001722048345478,0.737889517569798,0.8468980550757457
OTP,0.002012225733105666,0.7379908848421524,0.8469265490891161
EDARADD,0.00313301932359078,0.7382311143507896,0.8471351180682013
RAMP3,0.0015923722419479702,0.7385253813435738,0.8473554851959632
CHI3L1,0.011693358821824873,0.7385986606323554,0.8473554851959632
AGPAT4,0.004826082365589457,0.7385706118811449,0.8473554851959632
KDSR,-0.003558315347655494,0.7387152751820097,0.8474221484029961
DISP1,0.0019794363594272113,0.7390300292886368,0.8476979991459809
SLC29A4,0.0012985899509248,0.7391898459827215,0.8476979991459809
HEPACAM,0.0015529029577834308,0.7391743832847512,0.8476979991459809
DKK3,0.0009717137952947041,0.7391715308426271,0.8476979991459809
OR4B1,0.0034020799491072395,0.7393631171421257,0.8477935930944832
SNORD73A,-0.00151365680164961,0.7393902698128633,0.8477935930944832
CACNG6,0.003813788258823614,0.7396694407364478,0.8480465589825623
ASB10,0.0014696847255661893,0.7398451000175825,0.8481136864784065
CDK4,0.004678063880746208,0.7398071287549953,0.8481136864784065
ORC1,0.0017224584605859405,0.7399140066567876,0.8481255517898791
ENTPD2,0.0012697651643156505,0.7399775718149733,0.8481312930417086
PCDHGA5,0.0011663825967458408,0.7401357585372077,0.8481635412984546
STAMBP,0.002760869161873458,0.7400934684288621,0.8481635412984546
LRRC1,-0.0012299435074307752,0.7401813837346358,0.8481635412984546
PLCB4,0.001376847485587973,0.7404040217070753,0.8483515426315386
MYOM2,-0.027557814914394463,0.7406853950548916,0.8486068076234021
HSFY1,0.0014585421893249517,0.7407485718443941,0.8486120631649295
PRDM10,0.003171759742556901,0.7410628289640745,0.8488927173748304
FUBP1,0.0020988796006795596,0.741110771278979,0.8488927173748304
GJB2,0.0015567920406525104,0.7417942685736554,0.8492055158094233
GADD45A,0.004208308945083061,0.7417491874409414,0.8492055158094233
MADCAM1,0.0011393972593793933,0.7416161598394738,0.8492055158094233
FAM184A,-0.0020374729819119253,0.7417468288027734,0.8492055158094233
ZNF460,-0.0017792595287744462,0.7415406932902038,0.8492055158094233
ATL1,-0.0016419021506512976,0.7415428069673625,0.8492055158094233
MOCS1,0.0014549151923093362,0.7416271727203945,0.8492055158094233
PRB1,0.001978734289056483,0.7421587679082554,0.8494885091183161
WDR66,-0.001950891683178746,0.7421209524297521,0.8494885091183161
SLC25A39,0.012900629921897888,0.7423180741798572,0.8495170715244015
DUOX1,0.0012825497451842693,0.7423596778710543,0.8495170715244015
ASB16,0.002071760060797345,0.7422757121154424,0.8495170715244015
MMP3,-0.001716115789744066,0.7426948728466657,0.8496992526312089
ANKRD40,0.0032424180505374878,0.7426304865855234,0.8496992526312089
EPHA4,-0.0028007756481081003,0.7426435240372251,0.8496992526312089
PRICKLE3,-0.0017603842947639947,0.7429643052564207,0.8499403678488269
SEPT11,-0.0025204701101575466,0.7431243908993773,0.8500282858095095
FAM104B,-0.00282792081505967,0.7431585323947679,0.8500282858095095
SCTR,-0.002117489469337208,0.7432979275140931,0.8501205923968828
NEIL2,-0.004581200446235556,0.7434635355316549,0.8502428621113691
PATE1,-0.001978782066748508,0.7439641452988429,0.8506810358023559
SEC23A,0.001775269871245655,0.7439288018893923,0.8506810358023559
NUFIP1,0.0024937045271054004,0.7443740688206558,0.8508818119890086
DSCC1,-0.0023565221608787823,0.7445509586542871,0.8508818119890086
PUDP,0.00431985353330866,0.7443807817877638,0.8508818119890086
COL23A1,0.002841453630710866,0.744435639011808,0.8508818119890086
DCHS1,0.0023756330407618265,0.7443414735859023,0.8508818119890086
LOC105371763,0.0024253674459284724,0.7443548536046596,0.8508818119890086
SLC16A10,-0.0027303330888406308,0.7445131693297699,0.8508818119890086
PIM3,0.0012790110845548597,0.7447058369938578,0.8509916641435138
MAP7D3,0.002016829489057237,0.745628450044612,0.8518440440769972
DNAJC3,0.0021925374614726323,0.7456870087580949,0.8518440440769972
SAXO2,-0.0010379401333580063,0.7456133280221187,0.8518440440769972
LINC00303,0.0016384542791998413,0.7455786984448192,0.8518440440769972
DCBLD1,0.0021585359156492956,0.7459127456555399,0.8520347167251451
DPF1,0.0042442758890191,0.7459750116528531,0.8520386459096225
FHIT,0.004790403672848775,0.7460666964960877,0.8520761734781055
SLC35E4,-0.0014130768152176287,0.746334995533111,0.8523153887330742
ZG16B,-0.0020861867406400947,0.7466369390112918,0.852592985228599
DNAJC5B,-0.0010666395213112523,0.7467635091023135,0.8526702929316443
NFATC4,0.0013915043739887167,0.7469385972946132,0.8528029830691454
GRIK3,-0.002135158884743582,0.7470076797649883,0.8528146318054773
PTGFR,0.0018205744981232286,0.7473972700579928,0.8531921547540958
HEPACAM2,0.0017007393953250016,0.7476423402233932,0.8534046540937525
MYL6B,-0.004517728401502552,0.7477160247046671,0.8534215052657524
ARL2,0.006467059437046174,0.7478760315407632,0.8535368718648187
AZIN2,-0.0016604295233442201,0.748280301260248,0.8537131508731618
GZMH,-0.022621063978458977,0.7483423510278625,0.8537131508731618
SSR2,0.003217107437575528,0.7482997930259334,0.8537131508731618
DZIP1L,0.0016768690681940868,0.7482092928041785,0.8537131508731618
DPYSL5,-0.019183344524348556,0.7482134375801257,0.8537131508731618
REG1CP,0.0013436725264481808,0.7483841395081838,0.8537131508731618
C4orf22,0.0017854200843210322,0.7486309814924124,0.8539256183013015
CRYGS,0.0033990535277581557,0.7486883061867046,0.8539256183013015
SLC9A3,-0.002032963321944692,0.7489028987548089,0.8541031169735946
ANXA2P3,-0.0015999995840481063,0.7489866907852504,0.8541314250321681
ATP1B2,-0.003167043498291555,0.7492608747205922,0.8543768311646244
CAPN2,-0.002793741179534237,0.7494804349619519,0.8545599165542715
PIP4K2A,0.013365792620257722,0.7496445473041945,0.8546797562306323
KIR2DS4,0.0014123638934862015,0.7497455666158679,0.8547276494973813
TRIB3,0.004468716932593431,0.7498444991880776,0.8547731564804121
A1BG,-0.002396768924602277,0.7499077085646563,0.8547779374242922
SEMA5A,-0.001405371623129703,0.7500073016454587,0.854824186105825
PLA2G7,-0.006615886517202796,0.7502389906490493,0.8549537010669418
DDX54,0.0021429780116601904,0.7502044122433488,0.8549537010669418
LNP1,-0.002730117596392745,0.7504000899718343,0.8550535757564524
OR11H12,-0.00130055305641541,0.7504447013957486,0.8550535757564524
CORO1B,0.003823639959738223,0.7507048959463255,0.8552827588206229
HACD1,0.0030693392853891055,0.7508284995546101,0.8552890277270131
SLC5A10,0.0012529389262594393,0.7508038609119162,0.8552890277270131
PARK2,0.0009993720372429848,0.7510497549818533,0.8553392554770534
C5orf58,0.0013334354527430037,0.7510421077373229,0.8553392554770534
MOB1B,-0.0031290550435096876,0.7510318149721108,0.8553392554770534
TRIM32,0.002856291250213694,0.7513186516565217,0.8554437033718308
CAMK2N1,0.005185915725365753,0.7513003539552053,0.8554437033718308
AGR3,0.0015620602190509203,0.7512935277072769,0.8554437033718308
FAHD2B,-0.003481293473258873,0.7514941853323115,0.8555763072121679
FKRP,0.002276244344652234,0.7516403854959562,0.8556754966221355
SDCBP2,-0.000785687640095567,0.7517508209580639,0.8557339587202607
FAM24B,-0.0019175973562717274,0.7519358339207295,0.8558772981145655
ANO1,-0.0011772845168938062,0.75208316716929,0.8559777301021528
CLIC2,-0.002055177072515235,0.7523115002860122,0.8560026681462171
DIRAS3,0.0015286276656771847,0.7522214483009406,0.8560026681462171
DYNC2H1,0.002414528960792417,0.7522890463190907,0.8560026681462171
MED23,-0.0023413773729155096,0.7523414778722275,0.8560026681462171
ALOX5,-0.0019266725430417964,0.7526246020364487,0.8562575395409568
FGB,-0.0012457161806702644,0.7529611380498513,0.8565280445994595
LRFN5,0.0013086103167347929,0.752980640146708,0.8565280445994595
PFN1,0.006226189238665469,0.7532722080832898,0.8567924188690411
ARHGAP31,0.0018597024734567924,0.7534056155859516,0.85687686974063
LOC102724804,-0.001564440103063447,0.7536624178458828,0.8571016378831475
MDC1,0.004899390560839656,0.7537632154541953,0.8571489685670539
ISOC2,0.0028190879498319887,0.7541074302398673,0.8574730742341213
NOC2L,0.0019664449951077856,0.7543475079732416,0.8576787271751652
SRD5A2,-0.0016501562369901634,0.7546228987479938,0.8579244949345324
SMARCB1,-0.0039573279345628265,0.7550587086725432,0.858285224957865
KCNK10,0.001152582290377957,0.7550088553036295,0.858285224957865
ANGPTL4,0.002266238071014115,0.7552995380773183,0.8584916039795871
IRX2,-0.0017538621532278142,0.7555531846378543,0.8586420859152742
SCGN,-0.0022116997757146706,0.7556097781742672,0.8586420859152742
PFDN6,-0.001994218544157711,0.755559868805076,0.8586420859152742
HBZ,-0.02323648293539815,0.7560739662345756,0.8590347761956065
LOC440446,0.0013323695565370386,0.756031623528413,0.8590347761956065
PRPF4,-0.004180672852637457,0.7563139169626757,0.859108130366899
KCNMB3,-0.0012902319278502716,0.756321348796524,0.859108130366899
AUTS2,-0.006504461123875593,0.7563757855867644,0.859108130366899
HOXC10,-0.0033946331070175972,0.7562439976573938,0.859108130366899
HLA-DMA,0.009669405283872834,0.7565147608553239,0.859198603954247
MEGF8,0.001500749624563369,0.7568811424162495,0.8594799268331601
MAPRE1,0.005277443037712715,0.7568774096999757,0.8594799268331601
AXDND1,-0.0017931395488988144,0.7570960294469746,0.8596565451952007
KIF27,0.0011109137064675423,0.7572909530516474,0.8598104698596897
LMAN1,0.003544801113760876,0.7575104755855394,0.8599922972551303
FXYD3,0.001082212330253185,0.7578695892577892,0.8603325598252073
HSD17B7,-0.008727433259178241,0.7579500589550292,0.8603564775787338
SDF2L1,0.005727183047456563,0.7581541357393966,0.8604202162091322
CSRP1,0.0047947133568175815,0.7581239391092345,0.8604202162091322
LOC105371506,-0.0017767573872333742,0.758184425536948,0.8604202162091322
CLEC17A,-0.001650139963841113,0.7582442143112608,0.8604206518398857
RSAD2,0.016294521106744675,0.7583094185253133,0.8604272321128584
PCDH10,0.0011421430704281477,0.7584144478169337,0.8604789959408168
ZNHIT1,0.00503287037914113,0.7587112331460102,0.8607482964585894
LAPTM4B,-0.0028933301804938694,0.7590812157543279,0.8611005896761971
KIF11,-0.0013216006218073062,0.7591996363989864,0.861167478549841
RAD51B,0.0011989015035771544,0.7597793080256677,0.8615558431797601
CDK14,-0.0034350653904997586,0.7597669941324485,0.8615558431797601
ARHGEF25,-0.001232708577131092,0.7596056676177295,0.8615558431797601
COPG2,-0.003121848058536436,0.7597799492498671,0.8615558431797601
CNKSR1,0.005605322537836521,0.7604474475365729,0.8620838522154788
SRPK2,0.0029409147192813734,0.7605353857535518,0.8620838522154788
EIF3B,-0.00598484703106017,0.7605205575404591,0.8620838522154788
PID1,-0.005701946670104263,0.7604931156867067,0.8620838522154788
PSAT1,-0.0026172527347299024,0.7606027028073463,0.8620838522154788
C16orf86,0.0023197222541888607,0.7605437859889544,0.8620838522154788
PACRG-AS1,-0.0024176045904136245,0.7609651931283209,0.8623897202684202
TLR4,-0.008005203589445564,0.7609916469725682,0.8623897202684202
PSG4,-0.0011747443137926084,0.7611193020002489,0.8624669042537635
PILRB,0.0027772976467623778,0.761226637232785,0.8625210524665304
CPNE8,-0.004019014963634326,0.7615192675526493,0.8627851275995442
PKIB,-0.0012819406749740025,0.7617016435396292,0.862860001439669
MICA,0.002496198812852235,0.7617045000281419,0.862860001439669
RNF13,0.005387651870308652,0.7619124495775574,0.8629440850390904
SFTPD,-0.0027657771127502784,0.7619082017471398,0.8629440850390904
ERP27,-0.004455909286162907,0.7619574636540271,0.8629440850390904
DCAF12,-0.018714000242820106,0.762228986985582,0.8631841006645167
CCDC144NL,-0.0016472169875783038,0.7625022494973596,0.8634260481369522
MPV17L,0.0018190597130276487,0.7626501681326833,0.8635260346492952
NRDC,-0.004953969040631279,0.7629728776965299,0.8637563827228809
DUSP10,0.001527288186837339,0.762936991137405,0.8637563827228809
RASSF9,-0.0013967980565192661,0.7630708457304982,0.8637997756592838
CLIC6,0.0013068019025572752,0.7633770873085806,0.864078910016996
SLC25A25,0.0017634800609016565,0.7634401307551667,0.8640827423503816
TLCD1,-0.0015457211401175286,0.7636821570343492,0.8642891359966802
TTC14,-0.005925586197873756,0.7641415315279207,0.8647414596961016
AHSP,-0.023961178365960123,0.7645052801146083,0.8650855060296865
PRSS45,0.0015684368553285921,0.7648049344976378,0.8651542229977964
COLEC11,0.003191072300628761,0.7647570192287014,0.8651542229977964
HRAS,0.0017881188650932245,0.7647962984896127,0.8651542229977964
MPZL3,0.0017424131172827373,0.7647547981403975,0.8651542229977964
TRIP12,-0.004777322407388596,0.7649555738087674,0.8652570504526503
EBP,0.0039048874759153307,0.7650954297292049,0.8653476654847574
ZNF217,0.008080704654041426,0.7652565981243387,0.8654427553909738
SPTBN2,0.0018221079577411814,0.7652990065622475,0.8654427553909738
PIGB,0.007168247393765981,0.7655966407090762,0.8656441642490444
MAF,0.0032583942182933257,0.765537060167991,0.8656441642490444
CCDC96,0.0014875713944908497,0.7658928746035975,0.8656806248572201
POLD4,-0.004254503664874676,0.7659277276681355,0.8656806248572201
TOMM34,-0.004946339510556896,0.7656959241054679,0.8656806248572201
PTPN9,0.0018177572403601516,0.7658567268530637,0.8656806248572201
PTGS2,0.007709344526753981,0.7659020125965599,0.8656806248572201
GRM5,0.0015541482721443955,0.7661282165066605,0.8658396604152989
ADAM28,0.0012370523534794842,0.7664853682850151,0.8661757099352546
SAMD8,-0.0014713504325722937,0.7666868623457391,0.8662682357606433
FEM1B,-0.0021286414986390056,0.76668237902371,0.8662682357606433
PMP2,-0.0011521360659560997,0.7669592486657181,0.8665084054348098
CYP2B6,0.0010389658995739737,0.7673838754286247,0.8669205250532876
SLC22A23,-0.002290974942962265,0.7684242734243298,0.8680281684821396
SLC35E2,-0.0021407432561391104,0.7685280500271907,0.8680776945015855
OR10V1,-0.001128284430637727,0.7685917953941125,0.868081999726164
RTTN,0.0030090003831855228,0.7687746051554231,0.8681530782060773
AAED1,0.0024798511820298685,0.7687272825880128,0.8681530782060773
LINC00691,-0.0017821599627074747,0.7690225538646929,0.868297682427207
ENKUR,0.0022114504420231995,0.7690201372010071,0.868297682427207
SPPL3,0.0022392627113090313,0.7691583467496903,0.8683833108054029
PPT2,0.0013695812493521586,0.7693367118738831,0.8685169863430493
OR2T6,0.002017160625528369,0.7694673154646535,0.8685967264585801
HNRNPH1,0.004295074254384801,0.7696308006404152,0.8687135689273514
GALNT10,-0.0014151487996985068,0.7696993112290148,0.8687231998629354
CHDH,0.0009594130437351467,0.7699287694874992,0.868836677813878
ALPK2,-0.002176705042612248,0.769883104470528,0.868836677813878
SLC5A12,0.0009155997049257181,0.7699798119593302,0.868836677813878
BMP2K,-0.0030845722865402436,0.770085917989712,0.868888715133052
COL6A5,-0.0009156720806355878,0.7702347947826921,0.8689543305831924
LTBP1,-0.0010694703631042302,0.7702859956835951,0.8689543305831924
CTH,-0.0009026108898737562,0.7703240544523744,0.8689543305831924
FGF13,0.0008597956954643493,0.7705343641249455,0.8691238789802749
EGF,-0.0012896447532755317,0.7708106664859506,0.8693001396389091
CIB2,0.003176280791291397,0.7707951686585434,0.8693001396389091
UBE2O,0.011131741912715043,0.7711677289899945,0.8696351126355559
CTPS1,0.002926142062698034,0.771391543090898,0.8696766607038987
STX18-AS1,0.0014851583722643724,0.7714124129091279,0.8696766607038987
MGARP,0.0009645743319550704,0.7713466888027078,0.8696766607038987
HARS,0.004104722726350651,0.7714447484620057,0.8696766607038987
CDC45,-0.0016469358316362204,0.7715444150561489,0.869721325213889
UBAP1L,-0.001403549752805766,0.771890881206717,0.8700441652449875
MYC,0.005848579805327603,0.7721496015864902,0.870268059246652
MAF1,0.00953576288885749,0.7722697138572265,0.870335709267668
RILPL2,-0.006270100433379611,0.7724371021193729,0.8704566239085814
ENTPD4,0.005805956684963753,0.7725275527243525,0.8704908257086915
NBPF15,-0.0014044180361860725,0.7727066430966113,0.8706248944855168
MAX,-0.0030259330672377516,0.7728795934910391,0.870752024900763
ANKRD16,0.0013527017837491329,0.7733507577488056,0.8711473304739229
ARL16,-0.004767479390050511,0.7733429742044938,0.8711473304739229
HS2ST1,-0.0017331759721646023,0.7736632445267241,0.871228303041912
CCNJ,0.0013943001855949433,0.7736470533473214,0.871228303041912
TMEM206,-0.0022628108527511515,0.7735852832213954,0.871228303041912
ANAPC5,-0.004255405296794024,0.773602688051671,0.871228303041912
CLCA1,0.0016527089300781839,0.7738155216500069,0.8713320388384281
MMEL1,0.0011598575053604065,0.7744443074053374,0.8715815845788868
ASF1B,0.0056363361370994625,0.774382080374102,0.8715815845788868
LAMP5,0.0025574401627102006,0.7741052401760022,0.8715815845788868
AVPR2,0.003610099285944912,0.774458367407503,0.8715815845788868
FAM19A4,-0.0009326854705378196,0.7744063887497,0.8715815845788868
ITGA7,0.003397405994842728,0.7743054426392718,0.8715815845788868
DDX5,-0.004454793770673149,0.7742131493759803,0.8715815845788868
TSTD2,0.0024284455065739508,0.7746022026355447,0.8716757286126353
FDX1,-0.001471365770004951,0.7748719957515047,0.8718503685924667
AMIGO2,0.001725583656619456,0.7748777820278117,0.8718503685924667
REC114,0.0012482377893423546,0.7751389740677728,0.8720765030602471
TRIM10,-0.004249553784017479,0.7756265088991842,0.8724894652761559
TMEM161B,0.0024258456112500326,0.7755741638891289,0.8724894652761559
ROPN1B,-0.011572135596176203,0.7758080512923873,0.8725490004340329
C1orf111,-0.0010527617417306345,0.7759204035895019,0.8725490004340329
TEX101,-0.0012036995403912343,0.775876868925971,0.8725490004340329
PRR14L,-0.005015779148354937,0.7759064679373644,0.8725490004340329
AKT2,0.0019025557341381116,0.7763781152715122,0.8729959336691704
ZNF555,-0.0015119351420285199,0.7764714114519633,0.8730330634583323
RAC1,0.00215150582517154,0.7765523147118312,0.8730562544660531
RNF144B,0.006417951750160356,0.7766889181275783,0.8731420591555297
SLC41A1,0.0021247833816744333,0.777008548648641,0.8733658092990002
SMG1,-0.007329058933475352,0.7770066563910173,0.8733658092990002
PLEKHG5,0.001100507481535118,0.7777629649146816,0.8741459442713003
PALM,-0.0008881570303111985,0.7778533609621697,0.874179708269403
DNAH10,0.0011422913004981439,0.7780755356716966,0.8743615531591942
MORC4,0.0014367312150591616,0.7782135445604372,0.8744487959203548
FCGBP,0.009299926777553758,0.7783984466815727,0.8745887131902799
POLR2D,-0.002768103990372417,0.7785383005060006,0.8746779975588669
TDRD10,0.001205092537690966,0.7786052604531175,0.8746853790741452
TMEM44,0.001499551813992639,0.7786845785077581,0.8747066414693941
GPS2,0.00613234976547794,0.7788755526709884,0.8747156562442555
ESR1,0.0011803041235340928,0.7788968227180749,0.8747156562442555
FBXO43,0.0010641965728641622,0.7790549548157205,0.8747156562442555
ISM2,-0.0012116136383566456,0.7788153706056445,0.8747156562442555
TTR,0.0015695198800722565,0.7789874090139636,0.8747156562442555
COG2,-0.0034775188128497447,0.7790243594765045,0.8747156562442555
PTK2,0.0030496849078076593,0.7791670575028367,0.8747184627154471
PROKR2,-0.0011252761419573432,0.7791782384669081,0.8747184627154471
PIWIL4,-0.001065753087461374,0.7792765450644055,0.8747610229181468
NOS3,0.000965925276110724,0.7794082694335623,0.8748410860567046
CD244,0.003934164737614765,0.7798052299452504,0.8752188260772574
PPP4R2,-0.0011165775259787125,0.7799257146486189,0.8752862274113279
GIPC3,-0.0012604545161609693,0.780080896513623,0.8753925548232211
SSC4D,0.001637037675466857,0.7804948677013113,0.8757892519201884
SLC10A7,0.0010529100340210817,0.7806670136329824,0.8759145577085845
TRAPPC8,-0.005952434304518306,0.7810237891817318,0.8761791156771902
DUSP15,-0.0020096188101073054,0.7809875871819675,0.8761791156771902
TMEM63B,0.005057309491062867,0.7812089588831204,0.8762511082214137
CPNE5,-0.00288210372164599,0.7811560364063718,0.8762511082214137
LIME1,0.008167158401263919,0.7815737947785323,0.8765245717051693
MYO1H,0.0008311787876005283,0.7815297292274971,0.8765245717051693
HSD3B2,-0.0010889732990353451,0.7817440941197036,0.8766476818852421
CDRT15P2,0.0036471460562559344,0.782131611721774,0.8768910759348808
NUP205,-0.004007622253664245,0.7821427651203208,0.8768910759348808
ASB7,0.0010832504016278222,0.78207734295,0.8768910759348808
ESR2,-0.0014266173702193186,0.7824567397113902,0.8770716357402252
GLTP,-0.005699115631292884,0.7824848340216402,0.8770716357402252
LTA,-0.005086375169205404,0.7824854789447108,0.8770716357402252
ZBTB46,0.0011483434165935336,0.7825487106759028,0.8770746363406157
HN1L,-0.0019156815710612562,0.7826524565944171,0.8771230409558601
CDC25A,0.0012845273747386088,0.7832415618028068,0.8775116631460282
CIZ1,-0.001503377420907448,0.7832094943705299,0.8775116631460282
MYBBP1A,-0.0016856473960400464,0.783144742615915,0.8775116631460282
SH3BGRL2,-0.008259375614355413,0.7830906836272071,0.8775116631460282
PIAS2,0.0013268559773829125,0.7833778836056143,0.8775965090992125
SIT1,0.0031734399833904803,0.7836782413287012,0.8778650926067214
OR7D2,-0.001124151891315428,0.7837396100516819,0.8778659432362973
GYPC,-0.008716341045703402,0.7838507363746777,0.8779225228619574
ZCWPW1,0.002980003926109198,0.783919401413439,0.8779315402514691
KLK15,-0.0010998340203878243,0.7840507133344122,0.8780107106800391
RPL29,0.002037130600666792,0.7845679042848254,0.8780979436846063
KLF3,-0.001522734702003703,0.7845041807485013,0.8780979436846063
FAM124B,0.0015249487492008384,0.7844598901660292,0.8780979436846063
COL1A2,0.0008565653625991487,0.7845808507273098,0.8780979436846063
ANKRD50,0.002629616297749493,0.784613614137405,0.8780979436846063
IFIT3,-0.014194529913504894,0.7842790339539291,0.8780979436846063
PLEKHA4,0.0013990187152082,0.7844486961662466,0.8780979436846063
SGCA,-0.0020273103963059924,0.7843302795545589,0.8780979436846063
SLC39A4,0.0017872349052101555,0.7847729246411499,0.8781405315592101
SDS,0.0010566542264625056,0.7847655120568335,0.8781405315592101
TIGD3,0.0018763172611651058,0.7849693609361648,0.8782271197636109
FAM217B,-0.004913721612403776,0.7849715750110264,0.8782271197636109
GPM6B,-0.000881708803503578,0.7851000221088069,0.8783029829477067
ST8SIA5,0.0013785102663117499,0.7852456345514511,0.8783980360552378
OR11A1,0.0018184546067203655,0.78537810001905,0.8784783690382207
TRIM58,0.017490731769910894,0.7855676281123725,0.8786225116277685
OR7A10,0.0010862596493090848,0.7860209240335864,0.8789613499998459
MRE11A,0.0012062318629659785,0.7860526350834026,0.8789613499998459
KCTD1,0.00128162856169034,0.7860484228993243,0.8789613499998459
YKT6,0.002462091447256398,0.7862606405641351,0.879066555881744
RASSF10,0.0011394199577487996,0.7862681049052743,0.879066555881744
FUCA1,-0.004819237322809755,0.7865251903326852,0.8792642843874157
ZFP14,0.0031140534884350757,0.786566372052454,0.8792642843874157
KCNJ1,0.0012476857697611976,0.786946562352596,0.8794009884079473
TICAM2,0.003935640082405101,0.7868373923881767,0.8794009884079473
TMEM33,-0.003994797494751623,0.7869406257545809,0.8794009884079473
C2CD2,0.001589572439054443,0.7867845965546771,0.8794009884079473
PSPH,0.0014495823807934016,0.7869922405235994,0.8794009884079473
TNKS,0.0016312818962811448,0.787084106181362,0.8794357937152548
ATG9B,-0.0015006596167426167,0.7872241812407531,0.8795244554991568
GAB1,-0.001301923290379925,0.7873997274327592,0.8796411517158251
GAS1,0.0014747145979034926,0.7874500948044317,0.8796411517158251
GPC5,0.0016064807449502894,0.7877078686351687,0.8798612454161937
SERPINI2,-0.0009304543232993012,0.7877694035204484,0.8798621252768488
HFM1,0.0013906689482396928,0.7879158369048682,0.8798899754610725
IARS,-0.0036372771235892998,0.7878704650878735,0.8798899754610725
LECT1,-0.0026391203286122433,0.7884325192776895,0.8799918737373037
PGPEP1,0.00101211487768893,0.7882453358642167,0.8799918737373037
METTL7A,0.004003477025097624,0.7881584477801182,0.8799918737373037
LSG1,-0.0030331883623411215,0.7883313875381376,0.8799918737373037
DNAJC16,-0.0009510291652512493,0.7885141745427781,0.8799918737373037
DMTN,0.017431284168514694,0.7884529609201942,0.8799918737373037
ANP32C,-0.0021348200913102744,0.7880877541570072,0.8799918737373037
SMU1,-0.0072391846244102,0.7885538890663121,0.8799918737373037
LGALS8,0.0020880460749408414,0.7883318810000626,0.8799918737373037
TEX9,0.0009552548216316126,0.7886678819720352,0.880051279081892
SLC22A13,-0.0008576100485022664,0.7888438766372958,0.8801798558827973
EDEM3,0.0014796773561105425,0.7895850949388806,0.8808801688213381
DENND2D,0.006123034429272423,0.7895931532592815,0.8808801688213381
GTF2IRD2,0.0016036804253349857,0.7900167201430558,0.881117432899267
ORM1,-0.014924319582391377,0.7900618469555002,0.881117432899267
KRTAP27-1,-0.0012646561779874332,0.7901099985153052,0.881117432899267
HCN2,-0.0008923503478062145,0.7900621064143034,0.881117432899267
FUT6,-0.002508284485362111,0.7900621700682501,0.881117432899267
ALDH1A2,0.0009976560333910811,0.7904945482472803,0.8813663923228616
CELF6,0.001871607846313239,0.7905157969253173,0.8813663923228616
SEMA4F,0.0015350020477882254,0.7904847825737794,0.8813663923228616
CCDC26,-0.0014048274929310267,0.7906829612054722,0.8814849145705096
GPR158,-0.0012726338936372983,0.7908187506419865,0.8815684433386078
LIPC,0.0009370728260158501,0.7909342299452377,0.881629320188304
TMEM254,-0.002877315481637055,0.7915565394419607,0.8821872050844383
ABHD6,-0.002370379733585004,0.7915359856651504,0.8821872050844383
MT1G,-0.0017267139283232424,0.7918219202016381,0.8824150721089887
ZNF518A,-0.004558713488842514,0.7919813173571891,0.8824758302604278
CACNG1,-0.0014546965126509548,0.7919982958820284,0.8824758302604278
MAP9,-0.001218709395357287,0.7921859564708811,0.8825531401452379
RGPD1,0.005019809248806517,0.7921895453623473,0.8825531401452379
BLACAT1,-0.001198917362255969,0.7923858461286415,0.882703937496327
AOC1,0.0025000905482928104,0.792525846636417,0.8827919989757644
TMOD3,0.0015419427445877432,0.7927630469201995,0.8829883091042886
LRRN2,0.0008392561212442473,0.7928976014512908,0.8830702698516337
VN1R2,0.0015458271147368308,0.7931497804952548,0.8832832093413248
CAPN11,-0.0016259747389097967,0.7935468202843686,0.8836173523776578
FOXR1,0.0010467546726689037,0.7936273968857476,0.8836173523776578
LINC00841,0.0010888486818538823,0.7937438741409728,0.8836173523776578
SLC40A1,0.005284491220797882,0.7936746300554521,0.8836173523776578
SPAG6,0.0007844063630919607,0.7937548585878007,0.8836173523776578
SPON1,0.0017575058336189997,0.7938192673882666,0.8836211396289312
RPL29P2,0.002180585209928587,0.7941525418998352,0.8839241848057491
RUNDC3B,-0.001190829897083745,0.7943883148044217,0.8841186684821918
ZNF552,-0.0013959994600414305,0.7945910502459975,0.8842763558788344
FHL1,0.003295520855925105,0.7947258198520974,0.884358387733388
TMEM51,0.00411875818842411,0.7948033788367297,0.884376748795513
SORCS1,-0.0012557992743937874,0.7951494788248262,0.8846259352714329
PRDM13,-0.0012207158558350528,0.7950940330213803,0.8846259352714329
APOBEC3G,-0.006050377062196688,0.7952705706817655,0.8846926993667198
SERINC2,-0.0020419204401438407,0.7954805922137052,0.8848583747502731
AGAP2,0.0012863125751021443,0.7958481040147163,0.8851991966325565
ITGAD,0.0017640412367114777,0.7963392615330066,0.8856094797331132
MBD5,-0.0013702914360038676,0.7963029759925679,0.8856094797331132
HBE1,0.014072763490012186,0.7967454177155999,0.885993138594453
CACNA2D3,0.00393547096533009,0.7968943529484188,0.8860233834546017
PRR11,0.0017325203116769217,0.7968949610786451,0.8860233834546017
DCAF16,-0.002648403257791365,0.7970118379814025,0.8860853132731528
MRPL2,0.002910635481301327,0.7974967376590592,0.8864204168822469
IMPAD1,-0.0018826773418512133,0.7974608754723347,0.8864204168822469
SELM,-0.003872200282999394,0.7974968553156973,0.8864204168822469
GBP3,-0.0018046814257361987,0.7979838933889769,0.8868937010317635
USP49,-0.008739173972955427,0.7980537584797,0.88690329454615
TULP3,-0.0015751575217413105,0.7981219285049075,0.8869086281173081
GAMT,0.001961866835450188,0.7981810250972874,0.8869086281173081
MYOM1,0.003150366878885258,0.7984028304714054,0.8870870356357652
MAPRE2,-0.0037776786850436395,0.7985690411304114,0.8871125135361846
ELOF1,-0.006470278882789948,0.798670752313715,0.8871125135361846
C1QTNF1,-0.0010262395431741567,0.7986102227541254,0.8871125135361846
SPDYC,0.001793967447557776,0.7984870833584143,0.8871125135361846
CCNB2,0.0024439242972524866,0.7989712428773944,0.8873782288042467
TWSG1,0.0018434079575300188,0.7990447811613755,0.887391857870063
OXSR1,-0.0040879158468598575,0.7994570921801564,0.8874414870583526
TNFRSF25,-0.0021462658955702096,0.7994505189502721,0.8874414870583526
MAN1C1,-0.003637860056834974,0.7994056279961824,0.8874414870583526
DNASE1,0.0014168060819654826,0.7991613997406637,0.8874414870583526
ECT2,-0.0017633887520345226,0.7993621439053272,0.8874414870583526
FOXN3-AS1,0.0009475329872321581,0.7993498290675531,0.8874414870583526
CRYBA2,0.0010199985020786784,0.7996305529802367,0.8875660149717026
LIPE-AS1,-0.0016212084645994551,0.7999484790550728,0.8876860220117393
KRTAP4-12,0.001140627874765876,0.7999360566708997,0.8876860220117393
CLHC1,0.0010311927734241166,0.7999947798407856,0.8876860220117393
KIF3C,0.0010945811277709439,0.7998167992639093,0.8876860220117393
EML1,-0.0011027347778593821,0.8000451071072386,0.8876860220117393
PES1,0.0026888510878224636,0.8007098968775774,0.8883555837897228
UEVLD,0.0011286453985412948,0.8009049910593519,0.8885039744564684
TNFRSF10D,0.001926266675608801,0.8011491308781677,0.8887067482300208
GCA,-0.009720411369162463,0.801257798091125,0.8887592240428744
TPD52L1,0.0016254896020733156,0.8015077062591004,0.8889683450077961
CBY1,0.001319979822247852,0.8019728170142041,0.8894161011970698
ARHGAP22,0.0011968617220956546,0.8020802339904824,0.8894671241955553
WSB1,0.00491848904860781,0.8023893931114899,0.8894904796604163
SSBP2,-0.0019889298713851034,0.8023358846938957,0.8894904796604163
DPH1,0.0010591288801347076,0.8024083545459126,0.8894904796604163
ZNF462,0.0009241613419543881,0.8023982304168913,0.8894904796604163
RTF1,0.009094378050857443,0.8022389275706989,0.8894904796604163
ZNF57,-0.0018697510623564284,0.8025417684402726,0.8895022171785206
EPPK1,0.001350999767590011,0.8024814447895952,0.8895022171785206
TMEM41A,0.0020432309446167807,0.8027058452655784,0.88961599684954
HNRNPCL1,-0.001023794666966893,0.8032283471620694,0.8901269610019444
DSG1,-0.0016484102236278275,0.8034559881664771,0.8903111110552562
TMIGD1,-0.0013400636385112463,0.8036293511925863,0.8904350920037806
DOPEY1,-0.0016389908280141086,0.8037007609165665,0.8904460966201752
AEBP2,0.002658832355995955,0.8038854799872025,0.8905826290450238
OGN,-0.0013109614680617554,0.8043177305745838,0.8909191236876683
CES2,0.0023770026284344326,0.804324153090333,0.8909191236876683
HSPB9,-0.0010641009525507172,0.8043737489963849,0.8909191236876683
MAGEA6,0.0014296139591571944,0.8045647764736861,0.8910625647992713
ZSCAN2,0.0009737683514998707,0.8047210443592112,0.8911674903661453
PLCZ1,-0.001007943266585265,0.8049771961013668,0.8913148618861093
RNF175,0.002110045526580784,0.8049328581792042,0.8913148618861093
CT47A6,-0.0011451353238349782,0.8051392076046147,0.8913466860275543
KRT8,0.0012479449445716995,0.8051905578558769,0.8913466860275543
VAPA,0.0016348359744169372,0.8051406229344411,0.8913466860275543
KIF16B,-0.0010034423629701195,0.805435157845152,0.8915493180152221
SLC6A20,-0.000813919723766432,0.8055112794249779,0.8915654417844552
FTSJ3,0.002276689185450209,0.8058418191010225,0.8917949960161377
CHL1,-0.001022057286985678,0.8058080283065236,0.8917949960161377
CEP89,0.001494375449034635,0.8060462710534411,0.8919531048925082
RAB4A,-0.002431613019619583,0.8062223289672117,0.8920797717922914
SMARCAL1,0.003121274241514982,0.8067073417587902,0.8921795471635909
LSM2,-0.005602382409875872,0.8067360431940583,0.8921795471635909
SNX22,0.003064961962253143,0.8065582791372944,0.8921795471635909
GCLC,-0.001566252761271869,0.806530622089912,0.8921795471635909
AKAP9,0.0011496632919767436,0.806692870370908,0.8921795471635909
PAM,0.008610176487723109,0.8068075172439103,0.8921795471635909
ANKRD13C,-0.0019275923457353628,0.806778059810373,0.8921795471635909
AGAP1,0.002727967506028328,0.8067793381376327,0.8921795471635909
COG8,0.00214233062369118,0.8069284774815687,0.8921795471635909
SPRY2,-0.0012018491350405114,0.8068916585417203,0.8921795471635909
POFUT1,0.002108877492648986,0.8070470457169906,0.8922425318803826
STRN3,0.003563061447275473,0.8071801889380574,0.8923216193389424
USP40,-0.0013063084553062154,0.8072819579833588,0.8923660138465213
PRSS2,-0.0012553852694239254,0.8074434313596821,0.89237051033152
WDR20,-0.0018309177438702307,0.8075247864127205,0.89237051033152
FAM218A,-0.0014935823795934056,0.8074162076174425,0.89237051033152
SLC18A1,0.0011482158935827158,0.8075324688563403,0.89237051033152
SEMA4G,0.0012602351172015247,0.8078247927883258,0.8926254423822177
TMED3,-0.004913010781050886,0.8080176124260319,0.8927703942618541
KCTD8,0.0013306149302936277,0.8081194283469701,0.8928147826222361
PARD3B,-0.0011066688855363438,0.80829763929919,0.8929435594241071
WDHD1,-0.0016169831628012332,0.8084565412614643,0.8930509871591709
CNNM2,0.0010805102078466078,0.8086629508845226,0.8932108732259152
OR10H4,0.0008560791248966027,0.8087810840547447,0.8932732363465702
SLC26A2,0.0022236772078061406,0.8089526449958767,0.8933945947480196
HIST1H2AG,0.002058941058609598,0.8090424167582486,0.8934256148464832
ABTB2,-0.0012171414058261831,0.8091729507148877,0.8935016404783437
MITF,0.001007659808301753,0.8095230418499385,0.8938200745658262
CES5A,-0.001004060354732772,0.8097941920842479,0.8939396393361675
SUDS3,0.0018766378080270485,0.8097126093010157,0.8939396393361675
TSPAN33,0.006890136019920945,0.8098164876919258,0.8939396393361675
OPHN1,0.0010252730852808867,0.8099704241221808,0.8940414283634862
SGK2,0.0014777291169041362,0.8105745029584716,0.8945718607780023
CLP1,0.002321001371948128,0.8105641706550261,0.8945718607780023
COPZ2,0.001132450148914721,0.8107227049553976,0.894667250177065
PHLPP2,-0.0015093470553582122,0.8109119958962971,0.894748918554583
LOC101927248,0.0025831067542743114,0.8109202605541295,0.894748918554583
FOXE3,-0.0013786577452048476,0.8111059798727227,0.8948856651795031
OGG1,-0.0020775576497618076,0.8112342556424942,0.894890857481027
NEK2,-0.0007235384182298077,0.8111947120596984,0.894890857481027
SSX5,0.0013115142939188473,0.8114358615767672,0.8950450856048965
CCDC85B,0.0022767984069709257,0.811650675901807,0.8950989449008869
MACF1,-0.0027488205568291235,0.8116968856668272,0.8950989449008869
EPB41L1,-0.0013298708833460182,0.8116081059423854,0.8950989449008869
CDC37,-0.0040349960041048405,0.8117318863071769,0.8950989449008869
EIF5,0.001367005519323783,0.8119470211217462,0.8951998670874151
BNC2,0.0013058357283082245,0.8118858553977751,0.8951998670874151
S100A1,0.002039524518734126,0.8125923671160136,0.8957068375424917
SLIT3,-0.0007620946479498514,0.8125078429199634,0.8957068375424917
IP6K3,0.0021793742090618906,0.8125716174683906,0.8957068375424917
OPRK1,-0.001228209276120218,0.8129114717196471,0.8958481856986578
IKZF5,-0.0022071374543699562,0.8129322310010783,0.8958481856986578
NAA40,-0.001433175255471042,0.8127901185392965,0.8958481856986578
ZNRD1,0.0019746506774698247,0.8130298537012467,0.8958481856986578
ISG15,-0.011783920616540655,0.8129988877459278,0.8958481856986578
MRAP2,-0.0010372633934752074,0.8131727772599089,0.8959375099522684
FTMT,0.0007918089104261838,0.8132875428748304,0.8959957991175967
GPATCH8,-0.0015722404240650079,0.8133917923316709,0.8960424946860299
GOLGA6L9,-0.0008687751379143904,0.8135395066475068,0.8961370609386636
KRTAP10-11,-0.0018657547076132985,0.8137129886717661,0.8962599945187726
GPR182,-0.0012863417260637888,0.8138315422849874,0.8963224133872526
CACNA1S,-0.0016083050785091757,0.8139732500608321,0.8963828302122071
CPNE3,-0.004474439129182883,0.8140101743842282,0.8963828302122071
LCN6,-0.0008112682352523493,0.8141869933512147,0.8965093820662151
TSPAN31,-0.0032077405853527807,0.8144548865008244,0.8966862761722832
TMEM64,0.0010768500275615267,0.8145031450876716,0.8966862761722832
CYP7B1,-0.0013118463022951943,0.8145853552154168,0.8966862761722832
RAB42,0.0012442843687381355,0.8145952790579193,0.8966862761722832
MROH2B,0.0006664779680995991,0.8148123757574035,0.8968570902401575
HMGCLL1,-0.001129104254780522,0.8148981978429103,0.8968833964708749
CRABP1,0.001081350248931301,0.8151635832043236,0.897039153558078
ASIC3,-0.0010682221509181744,0.8151019467161746,0.897039153558078
PRKCQ-AS1,-0.005090788306968186,0.8153113196391039,0.8971335678532842
LIF,-0.0016175093671355611,0.8154350811225062,0.8972015888011532
MIR124-2HG,-0.001043511259872787,0.8155685963329254,0.8972803303673446
ADIPOR2,-0.00318160591946004,0.8162026344740493,0.8979096884188159
TSACC,-0.0010120795724342102,0.8162718009904947,0.8979175792167028
C9orf24,0.0007348901241632788,0.8163372210824004,0.897921347976723
GPATCH1,-0.0016550560076815657,0.8164697498389282,0.8979989260131396
DAZAP1,-0.002597236386020718,0.8166036454723127,0.8980779955217143
TMEM248,0.0025177698635667767,0.8170377663076659,0.8984872072887581
ALAS2,-0.013865138200898741,0.8171872564457335,0.8985833755208021
GJA5,0.0015734384804595436,0.8172757221124674,0.8986124314185817
C16orf62,-0.0016502129557620648,0.8174797186169783,0.8986216395061261
NANP,-0.0009491491667139584,0.8175165842048606,0.8986216395061261
MAGEB6,-0.0017127192107322387,0.8175700831691847,0.8986216395061261
SCG5,0.0007192196962346742,0.8176027490042241,0.8986216395061261
FEM1C,-0.005480241291835775,0.8176434638475744,0.8986216395061261
INS,0.0014547421064463606,0.8176563509425044,0.8986216395061261
KIAA0586,-0.0019229354924794606,0.8185321613624004,0.8995159199676029
SYT12,0.0009735566454684985,0.8188531905287239,0.8996639317012848
ZNF418,0.001100159728549599,0.8188154288346936,0.8996639317012848
PLEKHB1,-0.0034162700407227575,0.8188448811759418,0.8996639317012848
FOXB1,0.0007340795747943218,0.8191196367626796,0.899751920132766
EDEM1,0.0032556924486790706,0.8190836642955929,0.899751920132766
SLC35E1,-0.0037446459677692445,0.8190413077192102,0.899751920132766
CUTA,0.0031039787665214646,0.8192974331593361,0.899769767301755
ALAD,0.001553134497282116,0.819380789970667,0.899769767301755
ADARB1,-0.002581369055461913,0.819432608899492,0.899769767301755
BEST4,-0.001415760684253975,0.8192419006307402,0.899769767301755
NUP214,0.005958913112918296,0.8194846793544616,0.899769767301755
CSRNP3,-0.00088114800368988,0.8195086143499553,0.899769767301755
RGS5,0.001229510399582523,0.819702451605363,0.8999143719436123
CDNF,0.0010628507781555996,0.8199836558994583,0.9001548637295554
TNFSF11,0.001277983996452292,0.8202031773208511,0.9003276104823955
GABRE,0.00143455537677184,0.8203752658590017,0.9004482684678523
FBXW7,-0.0015851562730961888,0.8206529745420644,0.9005589777120909
ZNF600,0.002643122914526508,0.8206443050546924,0.9005589777120909
PRPSAP1,-0.002937021794306105,0.8206778486758237,0.9005589777120909
DLGAP1-AS5,-0.0008808223362883894,0.8207248347003314,0.9005589777120909
TTLL1,0.0014333197779317075,0.8209983763079676,0.9007119504133149
CXCL11,0.0007674614914163769,0.8210508064973071,0.9007119504133149
CSAG1,0.000996922896761454,0.8209368649929016,0.9007119504133149
RIC8B,-0.0023563995380246894,0.821372925250527,0.9009970803793269
PTDSS1,-0.0047413507590921,0.8219875355791285,0.9012196506852809
OCSTAMP,0.0010358502038601003,0.8219680751754451,0.9012196506852809
ZNF628,-0.001170317332916504,0.8220113784315966,0.9012196506852809
URM1,-0.0037065428241529474,0.8218469075244857,0.9012196506852809
HDGFRP2,-0.0023098096011198166,0.8218762061264978,0.9012196506852809
SPP1,-0.001770135179746113,0.8219168706781121,0.9012196506852809
NAV2,0.0007001770194410284,0.821878088289033,0.9012196506852809
CAPG,0.0028133067516318278,0.8223143880446879,0.9014836206811428
CRKL,0.0034919419928893802,0.8226460014879117,0.9016513376654349
SSTR1,-0.0008777142544875716,0.8226541305750291,0.9016513376654349
MYO1B,-0.000731774267223706,0.8226528888115363,0.9016513376654349
SCN4B,0.00144025274834636,0.8227467077559782,0.9016845728766335
ZC2HC1A,-0.0025908373543694907,0.8229963203185127,0.9018781210668081
ABCF1,0.0035412880955121295,0.8230478461931144,0.9018781210668081
TMCO4,-0.0014042707731700688,0.8233353502062697,0.9020801462507648
IMMT,0.00509425359059712,0.823419056447208,0.9020801462507648
ZEB2,-0.0024335162163131585,0.8233761587245185,0.9020801462507648
VPS35,0.0041350117713943035,0.8237020963255206,0.9023219757358071
ALLC,0.000933179680918883,0.8242968992207084,0.9027687174527592
PSMB5,0.002820702552203791,0.8242346678544459,0.9027687174527592
IL17RD,0.007553340272044906,0.8242169161057197,0.9027687174527592
NT5DC1,-0.0021128972037791627,0.8244227531650621,0.9028382849571117
COLEC10,-0.0007432366345865304,0.8247425346542824,0.9031201989818269
LCORL,0.0009031572039930325,0.8249168813226521,0.9032188044302641
B3GNT6,0.0010756311397646101,0.8249573021132259,0.9032188044302641
OR2T11,0.0030195004739859144,0.8251029409406941,0.9032417048284342
TRAK1,0.0019019621533011843,0.8250547753528692,0.9032417048284342
NUSAP1,0.0015877114552083071,0.8252746174292943,0.903340945028248
PTK6,0.004638258992099686,0.8253807005318858,0.903340945028248
H1FOO,0.0008229781053916696,0.8253523591502342,0.903340945028248
AGBL5,0.0011783781966956397,0.8255886332546418,0.9034014778884433
KCNIP2,-0.001087468047371587,0.8255172906335014,0.9034014778884433
LAMA5,-0.003177736125977937,0.8256231264021903,0.9034014778884433
FOCAD,-0.001859389103763931,0.8256931642716753,0.9034098648822289
RPL18,-0.00491974180061483,0.8260777236854658,0.9035454912565519
RNASE13,0.0013327883521974115,0.8262299366822595,0.9035454912565519
CNGA4,-0.0008680271687637742,0.8261109110877224,0.9035454912565519
ADORA1,0.0019028248436674389,0.8260424025235756,0.9035454912565519
PRDM6,0.001386041289741513,0.8264043216533051,0.9035454912565519
DTNB,0.0009296782557273175,0.8263682005410643,0.9035454912565519
DYRK3,0.0008847058346423964,0.8263179100406534,0.9035454912565519
RAC3,0.0016235873571286419,0.8262298578021514,0.9035454912565519
MFGE8,0.004711710568861882,0.8265033287529727,0.9035454912565519
TXNL4A,0.0017127764002449197,0.826177818922807,0.9035454912565519
RBM15B,0.00212656838949421,0.8265018160033747,0.9035454912565519
SUSD1,0.003709405969095414,0.8268409550830631,0.9038127787340672
FCRL5,0.002902980550857137,0.827122230193321,0.9038127787340672
RAB20,-0.00242211872572895,0.8271022453602094,0.9038127787340672
TGIF2,-0.0023389836061094016,0.8269040751469849,0.9038127787340672
MYRIP,0.0008119484703454916,0.8270002367469905,0.9038127787340672
THAP2,0.0007089470593424352,0.8270576670679795,0.9038127787340672
SYAP1,0.003179164671329282,0.8272405995095862,0.9038739320531719
MT1H,-0.0012268622851934197,0.8277258633486093,0.9043359285465231
LINC01567,-0.001797584049012535,0.8280585646831805,0.9045629573022993
MYO10,-0.0009926750584066113,0.8280516530634325,0.9045629573022993
DLGAP5,0.0013439370307173348,0.8286204796123504,0.9049720273492146
OR4L1,-0.0009608654484223322,0.828579683163327,0.9049720273492146
GSTO2,-0.0013160811015628937,0.828549988171345,0.9049720273492146
ZNF608,-0.001052267154642017,0.8286848962179629,0.9049741413572325
ZNF681,-0.001422094037701882,0.8287998049870047,0.9050313913926248
C1D,-0.0008123127273345077,0.8290565430063626,0.9052434955826729
HACD4,0.006945854133840967,0.8292849428951787,0.9054246278376126
C1orf186,-0.0023341345610408126,0.8297133172582287,0.9056192680609031
ABHD13,-0.0008429160041485417,0.8296560554740987,0.9056192680609031
APRT,-0.003923247442351396,0.8296768952598474,0.9056192680609031
DIEXF,-0.0010988454189098107,0.8296070817126133,0.9056192680609031
HCRTR2,0.0011948354467552491,0.8297826160470833,0.9056266604495482
HSD17B13,-0.0005881789825314954,0.8299253788217762,0.9057142244465496
CEP192,0.0032181570561204964,0.8300620915163407,0.9057951731728079
PDE7A,0.002269193697337357,0.8303902961776598,0.906085057242521
RFX7,-0.0022219076549614414,0.8305633248099488,0.90620558919377
OR5D14,0.0009939278320469924,0.8306603390408661,0.9062431719394324
FPGT,-0.0009035229501686004,0.8310223952984729,0.9062968431219849
HNF4A,-0.0007851117845749656,0.8309308197698085,0.9062968431219849
LUC7L2,-0.0020727883527253965,0.8308555932423277,0.9062968431219849
ICOSLG,-0.001559268802313163,0.8309741626480912,0.9062968431219849
EXTL1,0.0010616082214349731,0.8309002431971251,0.9062968431219849
PIK3IP1,-0.006667747809963487,0.8312750685904121,0.9064359025418602
MMP16,-0.0008241870725589351,0.8312356313012418,0.9064359025418602
DCUN1D3,-0.002021163518572955,0.8317914889078435,0.9069307381316776
LAIR1,-0.0023559323901487517,0.8320758624086879,0.9071725096821556
NCEH1,-0.0017371894012878641,0.8323399626529893,0.9073323257727575
TTC36,0.001067804029419861,0.8323477362981655,0.9073323257727575
SH3BGR,0.0009919882800542013,0.8324688008472282,0.9073412946965165
MFN1,0.0016930735071589709,0.8324812527769958,0.9073412946965165
ARPC5,0.007537497231991708,0.832624572808089,0.907429218401231
OR1E2,0.0008887109038555607,0.8327047932891669,0.9074483655105179
ITGA11,-0.0012123978411731073,0.8327841284097366,0.9074665449809378
COL16A1,-0.0009953843139056673,0.8330273972082816,0.9075268011406356
CDH7,0.0009207991367574664,0.832975686468783,0.9075268011406356
L2HGDH,0.0019141136310354412,0.8330146682229111,0.9075268011406356
C2orf78,-0.0009136528064273008,0.8331607607395709,0.9076038251016806
STX17,-0.0011952391335636747,0.8332807868803673,0.9076663094814801
SPRN,-0.0014045916321956398,0.8336197113958043,0.9079672055840599
ZC3H14,0.000821695008563772,0.8341741776033561,0.9085028038504406
SRSF2,0.00537437423450271,0.8343767995884733,0.9086551552811615
USP10,0.007238460644103384,0.8345670346066144,0.9086877315959486
ERI2,0.0008132764695298889,0.8344971625270038,0.9086877315959486
RNMT,0.0028414730232757535,0.8345949249807307,0.9086877315959486
XPO7,-0.006667285444494908,0.834987582544423,0.9090469141290907
QDPR,0.0030073073491410085,0.8351711195904844,0.9091783912926401
MSRB3,0.0008276799111248678,0.8353730871603449,0.9092615761952683
RNF220,0.003121027581613589,0.8353230348210892,0.9092615761952683
WDR34,-0.0010921918250117457,0.835547256694469,0.9093828122905538
EVX1,0.0015352389622442786,0.8357386490634053,0.9095227735392863
SCARF2,-0.0007860027848760609,0.8359076580788737,0.9096383560942454
DKK1,0.001147752974651084,0.8359959285700199,0.9096660678692937
CELF4,0.0009682581516248234,0.8361471883705838,0.9096939740373721
LMOD2,-0.0008842307243286385,0.8361327070574196,0.9096939740373721
MFHAS1,0.003654994302014103,0.8364408372915161,0.9099451019475979
AKAP1,-0.0011819598671154452,0.8367143410558296,0.9099701788329535
PRB3,-0.0008675050748276902,0.8365551549686935,0.9099701788329535
CITED2,0.004151291660177137,0.8367151920531121,0.9099701788329535
FTO,-0.0020053986200476714,0.8366920324963293,0.9099701788329535
VASH2,0.0008808147804035826,0.8369275947174182,0.9101328389433955
PRRG4,-0.002466868360347263,0.8372258399397764,0.9101944399938647
SEPT6,0.0037449457733860214,0.8371979935365577,0.9101944399938647
LCT,0.0007681551222509242,0.8370516299257718,0.9101944399938647
ZNF771,0.0009002754794362744,0.8372691558885089,0.9101944399938647
SLC24A3,-0.0018200661290235232,0.8372984478374933,0.9101944399938647
ZNF492,-0.000520357846552244,0.8373963729757496,0.9102325753231337
USP35,-0.0010948614780881272,0.8375172411054396,0.9102956416157276
ABCB1,0.0020945752213235025,0.8378812145728349,0.910622909272375
ELAVL1,-0.0014022165443714485,0.8380427663143551,0.9107301491069268
YRDC,-0.003309088863723275,0.838169866567993,0.9107316089550496
MYO7B,0.0012790306785870342,0.8381647891901709,0.9107316089550496
PRSS55,-0.0014314284488508022,0.8383645707517395,0.9108748363039678
DNAJC5G,-0.0010655197442170916,0.8385670402117412,0.9110264784298575
IGF2,0.0008861917639428896,0.8387996217819246,0.9111810937189345
CHRFAM7A,0.0005792647362765635,0.838835176998638,0.9111810937189345
TAAR5,0.000983207014511045,0.8389281353137169,0.9112137316748313
FAM198B,0.004495887531031251,0.8394416260398697,0.9116347388139366
OR13C4,-0.0010409529950097252,0.8393827647685441,0.9116347388139366
PRSS35,-0.001113992647812978,0.8396689070588038,0.9118131991182872
GLE1,-0.0018588815262718938,0.8405881300810681,0.9127429699448378
MRPS26,0.0026410319242247127,0.8407635924090111,0.9128255974893964
UBE2H,0.005030939790716893,0.840790271755457,0.9128255974893964
TMEM200A,-0.0008970388501303717,0.8408863306864357,0.9128614610749763
CTSF,0.0019198072501573904,0.8413150430063713,0.9132584188641446
C17orf75,-0.001983378388004553,0.84144663340192,0.913275024672469
AKAP3,0.0026352359293406735,0.8414564487886012,0.913275024672469
NLRP7,0.001119456856712553,0.8416345444280906,0.9133827879887683
MMP24,0.0010747348298254522,0.8416818607626408,0.9133827879887683
ABCG4,0.0013384280002313176,0.8429824627808106,0.9147256511025817
GOLGA6C,-0.0008734230066380633,0.8430710163695275,0.9147532100603968
OSCP1,0.0008212087500565346,0.8432561936875876,0.9148430172559092
PSPN,0.0007249883482502995,0.8434467800699453,0.9148430172559092
GOLT1A,0.0006904902896618381,0.8433980121043191,0.9148430172559092
GK5,0.0037284535404635832,0.8435959222914888,0.9148430172559092
BTN3A2,0.005857449833632344,0.8434798504504278,0.9148430172559092
EFHC2,0.0019485244928638679,0.8434385485859418,0.9148430172559092
SYNM,-0.0009270484445647043,0.8435664633373996,0.9148430172559092
RABIF,0.0008335894991313708,0.843931425002901,0.9150013294215149
ABCD4,-0.0009590084152000244,0.8438460968844818,0.9150013294215149
PLPP1,-0.0007407236552614549,0.843921882761757,0.9150013294215149
TXNDC16,0.000993165196178758,0.8444120977913773,0.9154539539229273
PKHD1L1,0.001049235488669531,0.8448580840611711,0.9157318333863655
DPP4,-0.0019331476310764373,0.8448380242493407,0.9157318333863655
AMZ1,0.0007940230464855702,0.8448320488406658,0.9157318333863655
ADIPOR1,-0.009871575265826493,0.8453973982966846,0.9162478237750059
FCRL3,-0.002257894786307446,0.8456000382489482,0.9163071517319925
ZSCAN29,0.001088530119982778,0.8457589133079967,0.9163071517319925
SMIM24,-0.01036274082643196,0.845698440494598,0.9163071517319925
GMDS,0.0027180364711529847,0.8456637045042238,0.9163071517319925
LRRC28,-0.002391178431063956,0.8457684556410527,0.9163071517319925
PHF20L1,0.002082780759642411,0.8459013007210694,0.9163825310130119
TRIM33,-0.0038079922331446525,0.8460828323518514,0.9164844766700806
TMEM67,0.0007001647605227035,0.8463900841125424,0.9164844766700806
AXL,0.0007409583044806212,0.8462388835688216,0.9164844766700806
TSPAN10,-0.0011683049961135339,0.8464383350190327,0.9164844766700806
PPDPF,0.005508355666950848,0.8463296254190339,0.9164844766700806
GCNT2,0.0007428938802345186,0.8463249357952178,0.9164844766700806
ANKRD20A3,0.0009716707702835947,0.8462243906480182,0.9164844766700806
C5,-0.001887468773477785,0.8466258271105513,0.9165282162951085
ARL14EPL,-0.0006844948131554673,0.8467884732380164,0.9165282162951085
TMEM39A,-0.0013624587269367439,0.8467951249973171,0.9165282162951085
C17orf97,0.0032827962337096395,0.8467611203342784,0.9165282162951085
NXF3,0.0011433236184528184,0.8467767565264609,0.9165282162951085
LFNG,-0.0015868468516320178,0.8470233441373256,0.9166525052183687
FZD5,0.0012297093739022102,0.8470365320244855,0.9166525052183687
SCAF11,0.0020000940270827883,0.8474095526445841,0.9167284017578429
DENND6B,0.007343218474456847,0.84754971195383,0.9167284017578429
BCAR3,0.0009306257091967751,0.8474131034965073,0.9167284017578429
OR4S1,-0.0008886978229476483,0.8474608252511638,0.9167284017578429
UNC80,0.0010599009099934165,0.8474998113830923,0.9167284017578429
CCR4,-0.0013247282983872566,0.84753105673358,0.9167284017578429
SLCO4C1,0.0021227372168670655,0.8474716882472635,0.9167284017578429
MYO3B,-0.0019085349459446732,0.847978913574794,0.9170662978617463
LRRC43,-0.0009404099948531197,0.8480257248428364,0.9170662978617463
OR2A25,0.0008873256214689818,0.8480520569980827,0.9170662978617463
ANKH,0.0010481488829485741,0.8482671683963154,0.9172304342704167
SCGB3A1,-0.003671918256640261,0.8486088356128817,0.9172785616689668
UTS2,-0.0011027027506589349,0.8485413371214763,0.9172785616689668
GIMAP1,-0.0035435924545055286,0.8485756707616043,0.9172785616689668
CFAP57,-0.0013553577230087654,0.8484606155379899,0.9172785616689668
SCNM1,0.002405530088722685,0.8486283296302234,0.9172785616689668
IL5,0.0011282508254035761,0.8489122815892218,0.9173801004654397
MIMT1,-0.0006885293499356848,0.8488306588234766,0.9173801004654397
ARPP21,-0.000598796225636633,0.8488930582569953,0.9173801004654397
SCG2,-0.0007520752175036449,0.849022137533172,0.9173913304084118
HTR1E,0.0018345076626955503,0.8490493499119552,0.9173913304084118
DNAJC2,-0.001404080718804046,0.8491139507324973,0.9173926944957103
STRIP1,0.001774953870169682,0.8495389192756695,0.9174837960242138
FOXK2,-0.0007191245538997748,0.8494670172582262,0.9174837960242138
TBP,-0.002034041145408949,0.8495783397042775,0.9174837960242138
GDAP1,-0.0005679416580921526,0.8495363847275662,0.9174837960242138
KRBOX4,-0.0013048502635983894,0.8493906249758236,0.9174837960242138
HMG20A,-0.0016082550147817898,0.8494580078468418,0.9174837960242138
ANTXR2,-0.004436746790407398,0.8498273068593659,0.9176842401066917
ZNF268,0.0007170285584177094,0.8499056383266489,0.9177004074491713
ANXA8,0.0004998487399729967,0.8501412726304731,0.9178864101960322
TEAD4,-0.001193879578666568,0.8503723457896544,0.9178871723046907
NECAB3,-0.0010205910778946503,0.8507123309181281,0.9178871723046907
SGCD,-0.0005299106366694062,0.8506030991846149,0.9178871723046907
WFDC6,-0.0008176992963857543,0.8502835474246276,0.9178871723046907
ESPN,-0.0057415938172589165,0.8506213126682494,0.9178871723046907
SCN3A,0.001508983390261065,0.8507105424114215,0.9178871723046907
SLC39A7,0.0011438583256850876,0.8506528479228025,0.9178871723046907
LRRC38,0.0008888627489733736,0.8504523089876107,0.9178871723046907
PRPH2,0.0009703531366955787,0.8504611149865606,0.9178871723046907
FJX1,-0.0007799236725691827,0.8508377102530574,0.9179540704138014
SENP5,-0.001244094296760423,0.8510268750951119,0.9180897705107702
TCAF2,-0.0014962061533072557,0.851093209587739,0.9180929505972154
TBC1D22B,0.0038000291027300293,0.8515664638828396,0.9184398801422557
NPPA,0.0011393402995700797,0.8515480513013293,0.9184398801422557
EIF3C,0.0008296130619838138,0.851605053183547,0.9184398801422557
ZNF320,-0.0009535003102500994,0.85236620738919,0.919055471437879
TMC2,0.0010923874576125314,0.8522970066045146,0.919055471437879
ARF6,0.001442124454518634,0.8523598368203538,0.919055471437879
PDE4DIP,-0.0004670693416732874,0.8524388603111043,0.9190653902594934
LPXN,0.004552914536949615,0.8525784000402467,0.9191303396579396
KRT23,-0.006359929270157494,0.8526260179262687,0.9191303396579396
ZBTB2,0.001079979550437038,0.8528445673705867,0.9192975153528004
ATCAY,0.0011476015628746339,0.852929078466657,0.9193201944121937
DHRS3,0.0028757530452034885,0.8529989329842643,0.9193270738406194
OPN1MW,0.0006814705648645614,0.8531317338418684,0.919401788167085
STPG3,-0.0019299272474437856,0.8532981760922796,0.919450887969496
TTF2,0.0020208713943610235,0.8533042554602297,0.919450887969496
CARMIL1,0.0008601612068188658,0.8534476300500625,0.9195369689537384
ZNF639,-0.0008352692615822832,0.8536412316925877,0.9196771496455995
HSFX1,-0.0007061449179914803,0.853871488888442,0.9198567976987873
TLR1,0.004717976837145699,0.8542955357591501,0.9202451688186472
NUDC,-0.0035752809626163895,0.8544838693470876,0.9202696582634756
C8B,0.0009022424560551912,0.8545088811091883,0.9202696582634756
SSPN,0.001276993155093109,0.8544667056433801,0.9202696582634756
ARSK,0.0009990979373784015,0.8546303696482733,0.9203320649803413
IDO2,0.0017121385133167522,0.854855111926438,0.9203511042534523
C3orf70,-0.0008830658865912611,0.85490222014816,0.9203511042534523
DYNAP,0.0010079472879658269,0.8547925492483155,0.9203511042534523
ABHD17C,-0.0019469018902764645,0.8547462264410857,0.9203511042534523
CDRT1,0.0006039292719144385,0.8550500580345393,0.920441846196378
ING1,0.0009671246820710522,0.8556610837487391,0.9210311487081404
OR1N2,0.0007159139560286576,0.8557635796639627,0.9210730242886851
CCDC6,-0.003475641860877232,0.8558789315763676,0.9211287297482619
TBC1D1,-0.0010087607514144281,0.8559425836126449,0.9211287897351622
CDC34,-0.008921769335385576,0.856838808814868,0.9215907610829308
JUP,0.0024511260024606685,0.8568436915661843,0.9215907610829308
CFAP73,-0.0010282803662517992,0.8566822190926952,0.9215907610829308
ATP2B3,0.0007365015947753406,0.8564708718285117,0.9215907610829308
LRRC37A4P,0.0017090967969597415,0.8568495750042046,0.9215907610829308
SSR4,0.004164222214294355,0.8568808878420208,0.9215907610829308
FAM208B,-0.0009804117441021276,0.8567000172232705,0.9215907610829308
IMPG2,-0.001652979567179358,0.8567672750960227,0.9215907610829308
TOX2,0.0019955248819174543,0.8569700267758609,0.9216181963039478
LOC285147,-0.0008186772100451378,0.8570599680259959,0.9216464902285638
NALCN,-0.000672509978628888,0.8572281499914582,0.9216777068478834
PSMD5,0.0015592465902800612,0.8572568834184445,0.9216777068478834
EP400,-0.0028545497021701394,0.8573421832454129,0.9216777068478834
PLN,0.001388356721761852,0.8573435338553944,0.9216777068478834
PCBP3,-0.0008209649299990573,0.8574100097909897,0.9216807616010608
TSR1,-0.0014638092614616127,0.8575096227055828,0.9217194341571548
VN1R4,0.0010062777035093617,0.8577186339120878,0.9218381276308492
RAB11B,0.0013589689938466876,0.8577473381718416,0.9218381276308492
CAV1,0.0006806893186528384,0.8579721344389802,0.9220113069605423
FLJ26850,0.0013639629074804205,0.8582970712084007,0.9221390595681191
ALK,-0.001033359274784651,0.8583456780652708,0.9221390595681191
THSD7A,0.0014227045963108864,0.8583281207631313,0.9221390595681191
LRRC32,-0.0006692676440094303,0.8582583367447492,0.9221390595681191
USF3,-0.0008999197910632972,0.8585364215324396,0.922275571421483
SIX5,-0.0007627626485833261,0.8586551615379001,0.9223347196466142
ZRANB3,0.0008704070645979556,0.8588252301016078,0.9223805897072288
PARP6,0.0007989486051220851,0.858769472258813,0.9223805897072288
ETV5,-0.0006540618450419089,0.8590989427149248,0.9224884986883355
C4BPA,0.008016183712185487,0.8591167742893508,0.9224884986883355
LYSMD3,-0.001492126600822985,0.8590233275490545,0.9224884986883355
HAPLN2,0.0014918250545825629,0.8596884341179535,0.9230338976845395
RBM12B,0.0039290647281209345,0.8600196522516819,0.9233210765112564
NPDC1,0.001371661402704838,0.8601719734034244,0.9234161623758672
KPNA2,0.000949993093436241,0.860247236164282,0.9234285161641933
WDR27,-0.0015426574924459757,0.8603258813319393,0.9234444986817704
NSUN6,-0.001589211514413158,0.8604298310897583,0.9234876379032279
SLC6A8,0.008922741291181424,0.8606383388422196,0.9236429830905979
TEX15,-0.0006725058901038139,0.8608608787939087,0.923813363595686
TMEM101,0.0025909619886848034,0.8609312429577842,0.9238204269521816
MYF5,-0.0008141672035630876,0.8610668949635928,0.9238291041964947
GNB1L,0.0017743140676920177,0.8610373864805013,0.9238291041964947
NODAL,0.0006106368217038138,0.8611710411515239,0.9238724064912726
ABHD14A,0.002643891512115637,0.8613044066600744,0.9239470468126586
PLP1,0.0018683247224728916,0.8613712413225358,0.9239503117318825
TEX19,0.000761818911687584,0.8614543359374147,0.9239710161224464
BICD1,0.0005781879922421851,0.8615950502884142,0.9240535141338312
PTPRT,0.00047468798095984255,0.8617739843825554,0.9241769872498838
MPLKIP,-0.001158106549942417,0.8619065234748207,0.9242506911978458
TEPP,0.0004797514777585832,0.8621942238210895,0.9242854812985464
STIL,-0.0011280574854497516,0.8621727213511725,0.9242854812985464
MASP1,-0.0006997456282249459,0.8620611899068856,0.9242854812985464
DMKN,0.0005278988366184123,0.8621739584997258,0.9242854812985464
ZNF208,-0.0007240842420870308,0.8624117343509313,0.9244502338912737
PCSK1,0.0006416591292826013,0.8625675734183607,0.9245488591276204
MPV17L2,-0.0009405753155027341,0.8627181726361834,0.9246418538154862
KRTAP5-11,0.0009698016968000545,0.8631044066169126,0.9249189275998344
TMEM132B,-0.0006439969538689638,0.8630724726031289,0.9249189275998344
GADD45G,0.0008344378458273738,0.8631967608437711,0.9249494624592128
PPP2CB,0.0009498959807636709,0.8634690558577618,0.9250833743980283
SNORD4B,0.0008916961354517028,0.8634851074739435,0.9250833743980283
CDHR5,0.0006493529930553521,0.8635133403660137,0.9250833743980283
COPE,-0.002865306804022083,0.863709094278544,0.9252246521359686
SBNO1,-0.0007535122455593068,0.8638932670639405,0.9252567496261096
NKTR,-0.0050534997974232,0.8639945828978964,0.9252567496261096
NIPAL4,0.0007133893020716542,0.863955529162106,0.9252567496261096
C22orf39,-0.0013082352533677621,0.8639019285355288,0.9252567496261096
SELENBP1,0.012843477165882078,0.8644880676333944,0.9257167803934706
H3F3C,-0.002605373187854809,0.8646477646150575,0.9258193407765576
MACROD1,-0.0007787497007463173,0.8647419167946778,0.9258303852181893
SLITRK5,-0.0009342528238267533,0.8647859211279262,0.9258303852181893
BCL2L14,-0.000652963116536398,0.8652104805763756,0.926216452377548
GPAT3,-0.004664749003586266,0.8653246864662502,0.9262583452372153
TOR1AIP1,0.0038753969152303114,0.8654270755887293,0.9262583452372153
TCF7,-0.0010510081618892997,0.8654414654857245,0.9262583452372153
FTCD,-0.0006462922135135329,0.8655771756711906,0.9263351420438544
UFL1,0.001320107162173123,0.8657544996889154,0.9264564590686554
HHLA3,-0.0007310422225517144,0.8659955174017975,0.9265151704788618
STX18,-0.0009698832753928244,0.8659294208607222,0.9265151704788618
FXYD7,0.0008262983335391993,0.8660012688444374,0.9265151704788618
RWDD2B,-0.0014436937835169417,0.8661934225101056,0.9266523030974495
HOXA1,0.0008499978451013135,0.8664467139882623,0.9268548157611515
R3HDM1,0.0009100175213001549,0.8668763330199043,0.9272459055801118
OR2AG1,0.0027689094748390986,0.8672244436937769,0.9274127910854005
EDA,-0.0006710562153031674,0.86714450624501,0.9274127910854005
PIP,-0.0007107787342102156,0.8671898640837967,0.9274127910854005
VSTM1,0.004142916083965886,0.86739683470857,0.9275286640028739
UBQLN2,-0.004590556596117068,0.8677270744194687,0.9278132988256006
PARP15,-0.001815737603837242,0.8681243852932817,0.9281696018740602
FOXC2,0.0008553196019835951,0.8683994938591577,0.9283952073410127
ACTR3B,0.0005536381891388942,0.8689304655473709,0.928744922880207
EDAR,-0.0013236144697712504,0.8688644070185669,0.928744922880207
YIPF2,-0.001029486730001139,0.8689830982375426,0.928744922880207
FEZ1,0.0016010204055305621,0.868936120064007,0.928744922880207
OR4X1,0.0007646986701530523,0.8692799356062948,0.9289799374447671
MCMBP,0.0014512825218444547,0.8693312670620252,0.9289799374447671
MAP6,0.0006773805998747662,0.8696818783233128,0.9292860439420777
APBB1,0.0008007989027358775,0.869753328087714,0.9292938332858106
HOMEZ,0.0006946169531847346,0.8703310346707749,0.9298424951074356
GEMIN5,0.0010865500427827968,0.8708663930728908,0.9303458354674548
DEPDC1B,0.0006225426674992818,0.8711187668394975,0.9303677713244218
GPNMB,-0.0007355540072611078,0.8710592016593321,0.9303677713244218
HERPUD2,-0.0018238959334722082,0.8711438632078023,0.9303677713244218
PRKCA,-0.003058821969056602,0.8709590185845402,0.9303677713244218
ARX,0.0007153333767009329,0.871235627036936,0.9303971703902516
CYB561A3,-0.0036767295182080773,0.8714702146057552,0.9305104746295436
SEH1L,0.0008497614281663957,0.8714488200679527,0.9305104746295436
IFNA8,-0.0010706641870719125,0.8719880122845238,0.9309947198827248
SPTSSB,-0.0006190774093077778,0.8726790724481615,0.9316638671290021
ABCA9,0.000668869001264838,0.8727878011788676,0.9317112700674173
PRAMEF10,-0.001047135101970298,0.8729945625846209,0.9318633093430355
SMIM13,0.0007125844645541335,0.8733371404073077,0.93216029046864
CHMP1B,-0.003897565822992277,0.8735322255930682,0.9322998125038685
TGFBR1,0.0008775364856621337,0.8737414313757178,0.9324543834398685
FAM180B,-0.0009035426293166893,0.8739313779688331,0.9325069932080622
RBPJ,0.0012084179388214267,0.8738836110523767,0.9325069932080622
NME8,-0.002430372660064961,0.873983874123132,0.9325069932080622
CACNG2,-0.0005675294585687496,0.8740620526547835,0.9325217126290427
KDF1,0.0007332031381261928,0.8747969251434529,0.932824756223056
ACP2,-0.001849788065048763,0.8747484068887572,0.932824756223056
DRC3,0.0006406128642142406,0.8747554969779848,0.932824756223056
CYP2A13,-0.0007469541436551097,0.8744730781327261,0.932824756223056
IPCEF1,-0.0022389113285532503,0.8747885991856632,0.932824756223056
FAM234B,0.0010697135477508724,0.8745678973416798,0.932824756223056
AGRP,-0.0005463201211064472,0.874710714182158,0.932824756223056
CPA5,-0.0010731141535407218,0.8748894099350663,0.9328546976957818
SLC20A2,0.00117962129527438,0.8750367832597222,0.9329431555932144
C10orf2,-0.0013422532583682312,0.8753848259249686,0.9329708475862579
ZNF778,0.0007135827127466854,0.8753510814482204,0.9329708475862579
HORMAD2,-0.000690998867597159,0.8753065142134051,0.9329708475862579
CYP4Z1,-0.00046164977401996765,0.8752561075486511,0.9329708475862579
USP51,0.0007058792063503461,0.8752509118565363,0.9329708475862579
SLFN11,0.0025367017584958518,0.8755617968266332,0.9330908001793065
ACKR4,-0.0004983129402393871,0.8757132666284388,0.9331835604654435
EFHD1,-0.0010432231248280743,0.8758792240405445,0.9331941073329258
SLC6A10P,0.005835859086110062,0.8758115674441164,0.9331941073329258
OXCT2,0.0011260992065018627,0.87591645189113,0.9331941073329258
TEX264,-0.0020708941559917093,0.8764998712981921,0.9337469944015162
RHOXF1,-0.0006341297409759861,0.87680937489104,0.9340080154388339
FAT4,-0.0011003006228884615,0.8769389638713008,0.934077360840706
PURA,0.0017960691622445069,0.877192779493882,0.9341338435028586
MYL4,-0.005860132395035578,0.877145026924424,0.9341338435028586
MGC72080,-0.0012363214172603776,0.877204516805205,0.9341338435028586
GALNT12,0.0009416715450019097,0.8772499681942751,0.9341338435028586
ZNF185,0.004217825603996417,0.8775962151667765,0.9343137343579699
CADM1,0.0011712887717836296,0.8775679528060004,0.9343137343579699
CADPS2,-0.0007161250658089813,0.8776124244642489,0.9343137343579699
DNAJC30,-0.002685836624293003,0.8777803858081372,0.9344238650628444
RASSF6,-0.0008878062689383626,0.877922093716524,0.9345060340552754
CDC42EP1,-0.0007582862962376424,0.8781915459878177,0.9347241587365925
EARS2,0.0012534218152566723,0.8783482401295309,0.9348222433710138
CRMP1,-0.0006549290445274636,0.8784824527226591,0.9348277015087058
GNAL,0.0006251012579170379,0.8784358371968265,0.9348277015087058
DEPDC4,-0.0006337233983400026,0.8786848566899516,0.9349539465913659
DNAJC27,-0.0015555943820793061,0.8787301902063148,0.9349539465913659
PREP,0.0018997272306204849,0.8788505403265159,0.935013311744473
STPG2,0.00048045586387157613,0.8790346939737796,0.9350718645355629
TROAP,-0.000799075435515384,0.8789819805795325,0.9350718645355629
PPP2R2B,-0.0010436029386200474,0.8792498631189961,0.9350989666751962
F3,0.0007342294386027959,0.8792538544013737,0.9350989666751962
SPATA5L1,0.0018623368479495639,0.8791752717244801,0.9350989666751962
MTHFD1,0.000848869963667731,0.8795343139938889,0.9353190526783985
CCDC74A,0.0005839152818483129,0.8795899486697367,0.9353190526783985
MAP10,0.000718234408906504,0.8797916241457393,0.9353961597391829
FAM208A,0.002496139203275405,0.8797390554735468,0.9353961597391829
SLC7A9,-0.0009234443643926227,0.8799677261733537,0.9354460584143014
NIPAL2,-0.0007185738981929646,0.8799094386175411,0.9354460584143014
TPM1,-0.0020085196367540803,0.8802940747715796,0.9355739577165499
CYP4X1,0.0010171073996287916,0.880283792161494,0.9355739577165499
CLUL1,-0.0006713127470083791,0.8803238033431181,0.9355739577165499
TAS2R39,0.0005430109383821602,0.8804110082626744,0.9355739577165499
ZNF883,0.0007507895328977554,0.8804107054717949,0.9355739577165499
TEKT1,0.0012523696874948698,0.8808757866819301,0.9359991852616151
LRRN4,-0.0005372745324123684,0.8809644314733,0.9360019036482863
MBD3L2,0.0008628777805981258,0.8810075913033062,0.9360019036482863
ZNF669,0.0019087452175741149,0.8813349516771544,0.9362123535087571
RNF125,0.0021196483876710914,0.8813330436141797,0.9362123535087571
NYX,-0.0006852090158213642,0.881602374750211,0.936293858773127
GPAT2,0.0009226187551174547,0.8816529113479834,0.936293858773127
RPP30,0.0006180960626451792,0.8817348960001002,0.936293858773127
DCLK3,-0.0006518054327333545,0.8817069156925551,0.936293858773127
POM121L9P,-0.0007690419060928377,0.8815573661185706,0.936293858773127
GUCD1,0.006358493825375788,0.8819191588225259,0.9363522281472999
DENND1A,0.001222784634430596,0.8818607480649868,0.9363522281472999
ZBTB25,0.001186184341784191,0.8820526305604153,0.9364252950991024
FAM25A,-0.0005471913064543088,0.8822594380596825,0.9365075632727331
NXPE3,-0.0012330854415480985,0.88222842223785,0.9365075632727331
CCL5,0.00582787446112043,0.8825571373108199,0.936549020207335
PCDHGA1,-0.0005287429454403636,0.8825341940785759,0.936549020207335
SLC6A3,0.0004569730088945789,0.8824479404123486,0.936549020207335
COX8A,0.0025265468719926076,0.8825570341212142,0.936549020207335
ENPP7,-0.0006597225231814718,0.8826839453972802,0.9366149644786964
SPPL2C,-0.0009128269656955013,0.8829129907981592,0.9366521466872144
EXTL2,0.0008544687708615939,0.8828849211104268,0.9366521466872144
PIP5K1A,0.000978701693529871,0.882881033015559,0.9366521466872144
CHAD,-0.0005697299053721849,0.8830643264767855,0.9367440826636707
RRAD,0.0004437653267101993,0.8832008083850689,0.9368202496264619
SGMS1,0.0008935055477303777,0.8832887428301696,0.9368449144077458
HYPK,-0.002325793661890785,0.8833716067767092,0.9368641980342576
LRRC37A2,0.0007506144744846566,0.8836175751065681,0.9369878437545598
CNIH1,0.0024820820226096885,0.8835856725550839,0.9369878437545598
GUF1,-0.0010343510864627703,0.8838236365321589,0.937137741693396
TXNDC2,0.0006202205380159143,0.8847873164343235,0.9377070300302993
MINCR,0.0007404285346970241,0.8849713495634248,0.9377070300302993
HOXB4,-0.0007383618320409013,0.8848575623431061,0.9377070300302993
TFAP2A,-0.0006806385411337601,0.8848337900982023,0.9377070300302993
NELFCD,-0.002611167667062375,0.8845533560482501,0.9377070300302993
PSMD9,0.0010130168527089367,0.8847720275208422,0.9377070300302993
ERMARD,-0.001484213096758502,0.8847350973213247,0.9377070300302993
SPRYD3,-0.008127118439809067,0.8850079467353074,0.9377070300302993
OLR1,0.002338796976642854,0.8849234902504826,0.9377070300302993
ZNF43,0.0005825350272985474,0.884762286016906,0.9377070300302993
LOC105376365,-0.0007137513340289559,0.8851404537002502,0.9377788260840044
DNAJC18,0.0008199900763683488,0.8853787242987955,0.9379626567249674
ARVCF,-0.0008277402217000684,0.8854969973005032,0.938019345344876
FOXD4,0.001780286529384334,0.8857149419254836,0.9381816014954443
PCDH18,0.0007621604031280427,0.8858010093500064,0.9382041549854108
HOOK3,-0.0008157471468352995,0.8859261654882915,0.9382187636204365
FOSB,0.00224705119230606,0.8859443544626285,0.9382187636204365
TENM1,0.0008990316233186135,0.8861127854079196,0.9383268262116625
CHST3,0.001388824102606101,0.8861759635286752,0.9383268262116625
NAA25,0.0007920469486837334,0.8862693678658405,0.9383571289597101
LRP12,0.001161601379760846,0.8865691611342454,0.9384687371094359
TGS1,-0.001049857561462808,0.8865363848443316,0.9384687371094359
FOXD4L3,-0.000784218453584451,0.8864522242877312,0.9384687371094359
VAPB,-0.0006194457656336638,0.8869596240308149,0.9384839096984823
DNAH14,0.0004446305586203181,0.8869596894152985,0.9384839096984823
FAM83A,-0.0004868566072095959,0.8869722617966393,0.9384839096984823
EFNA3,0.0006020448435926085,0.8868369805655967,0.9384839096984823
OGFR,0.0026960272532328133,0.8869485069032536,0.9384839096984823
GPT2,-0.0015710011350629216,0.8869458439424172,0.9384839096984823
KCNJ12,0.0006578115423536701,0.8870963332053855,0.9385466245541858
THEM5,0.00081941737909208,0.8872165457698632,0.9386052478950185
SPRR2D,0.0005599273042946606,0.8876490153163011,0.9387884876116325
ZNF430,-0.0020053581921821717,0.8874935806764317,0.9387884876116325
MCTP1,-0.001147104042211744,0.8875894588117449,0.9387884876116325
DDIT4L,0.0008998048155568483,0.8876018371487703,0.9387884876116325
IKZF4,0.000689843957778713,0.8877816765138897,0.9387916918031086
SUPV3L1,0.0015259296263980815,0.8877244431851973,0.9387916918031086
IL21R,-0.0005538314683111167,0.8879256292786611,0.9388753697234726
FECH,0.004131676361916803,0.8880026214700407,0.938888237781741
LPAR3,0.0006792945237492631,0.8881541291415285,0.9389113500099189
MED21,0.0006585153344627059,0.8881118580676391,0.9389113500099189
CMA1,0.000776154320936584,0.8883085702291975,0.9390060816814843
VGLL1,0.0008940550770297762,0.8884113513095097,0.9390461951665283
ALS2,-0.0016146238675904812,0.8885838518823587,0.9390914637478353
NMNAT3,-0.0007517437535540239,0.8885684935394231,0.9390914637478353
B3GNT4,-0.0008228978873958681,0.8888780701803007,0.9393338660799267
MAFF,-0.0010269424234943259,0.8889774806513457,0.9393703822684827
TMX2,0.0019983722912595425,0.8890472627538767,0.9393755875202181
TUBA3FP,0.0014219446124297264,0.8891687537705382,0.9394153585944462
TAS2R41,-0.0008171607448961282,0.8892146207076677,0.9394153585944462
ACSL5,-0.0012907590236928002,0.8893106599379154,0.9394482968813921
TAC3,0.0007525422293301887,0.8897232403264287,0.9398155931219364
HLA-DRB3,0.005901500636907642,0.8899177368103792,0.9399524903348306
IRS4,-0.001112017617444394,0.8900010142590807,0.9399719039323703
CCL4L1,-0.003439794828808296,0.8901103287738387,0.9400188116631629
PGF,0.0007098227790516276,0.8902864417947765,0.9401362513090946
SPATC1L,-0.00120480294882519,0.8904990633271685,0.9401978158461868
SLC12A8,0.0007384227303663948,0.890539480502198,0.9401978158461868
ZKSCAN3,-0.0008900601999819457,0.8904338534754263,0.9401978158461868
WDR5,0.0007356845784141086,0.8907486204300387,0.9403500742207492
SPEG,-0.0009146861308595433,0.8908910165210642,0.9404318550609353
AKR1A1,0.0014031737322444116,0.8911230573533605,0.9406082468084881
SNX17,-0.0021694227600228544,0.8914665904518155,0.9409022878455219
VCAM1,0.0003672166777315411,0.8915524895678588,0.9409243849388566
PEG10,0.0004084523353435898,0.8917050977978502,0.9409483197219921
PUM1,0.001996476735392605,0.8916516355959005,0.9409483197219921
RFX3,-0.0003713598083256997,0.8921774973321627,0.9413782233087379
CRADD,-0.0014470625276254978,0.8922914466671975,0.9414298742371567
HIPK3,-0.0006385236448593901,0.8926032200006044,0.9416902205906297
MYO5C,-0.0009319673499694758,0.8928733417589453,0.9417694059158581
CXCL13,-0.0005543154019056473,0.8928614955830859,0.9417694059158581
JAK3,-0.00082636484299492,0.8927569464539848,0.9417694059158581
ACSBG1,-0.0011949595319959982,0.892967665046645,0.9418003102407053
FAM126A,-0.0005362466705216562,0.8930930357042275,0.9418639529008324
C3orf67,-0.0008037064932340243,0.8932100045385682,0.9419187263004458
PCED1B,-0.004033694917961128,0.8933533366153703,0.9420012905894746
KIAA1328,0.0007104008213136837,0.8935584564711041,0.9421489905749051
C9orf72,-0.0013475549760686434,0.8937592194751288,0.9421549152021663
MAN1A1,0.0014759410763307557,0.8937352978630309,0.9421549152021663
ZNF117,0.0004760800240850571,0.8936946157542561,0.9421549152021663
LIMS3,0.00099471293381459,0.893874674859527,0.9422080482254122
PPP2R1B,0.00044903368965343304,0.8941299146349969,0.942408505572209
TANGO2,0.004834196567108151,0.894432488967716,0.9426588205055954
CHP2,0.0005176188258824155,0.8946647674245461,0.9428350182899539
DDX52,-0.0008857844919072377,0.89482821821932,0.9429386622545385
SLC10A2,0.0005634870911661594,0.8949365330538999,0.942984195020565
POSTN,0.000460924986233735,0.8950256065987708,0.9430094483142938
GABBR1,-0.0005750310499479383,0.8951897628499224,0.9431138001977215
ZNF510,-0.000578325482427644,0.8953870020713441,0.9431843882182799
LINC00968,0.0007096929428405119,0.895353589748973,0.9431843882182799
ZNF718,0.0007465550677761001,0.8954902575326166,0.9432245574941762
ANXA2,-0.0021562390881690874,0.8958524439485972,0.9435374344205557
CLTC,-0.0008252299189051016,0.8959585578428859,0.9435805825489972
SSX1,-0.0004953868684367535,0.896059198426369,0.9436179605938294
UBXN1,0.0022248903094972405,0.8962095841390478,0.9437077147706265
PLEK2,-0.005201480671995107,0.8964593284002808,0.9439020727355093
NHLRC4,0.0009057377928733956,0.8967007155301724,0.9440876036736946
CDHR2,0.0007344480973703327,0.8968843139291762,0.9442122694396126
LRRK2,0.00247902634914432,0.8970967073318111,0.9443672293766954
FBXL12,0.001118715576770235,0.8973502818625794,0.9444968739552068
CCM2,0.0014430869323796003,0.8972941775301895,0.9444968739552068
DNMT3B,0.00048342215345531514,0.8975229013821597,0.9446099188794653
HOXA10,0.0005338340147851284,0.8978862158575139,0.9448330480723965
YIPF5,-0.0006628722011718935,0.8979306066498577,0.9448330480723965
P3H2,0.0007413896305150658,0.8978997816851602,0.9448330480723965
KBTBD4,0.0007104769016299528,0.8981179837456126,0.9449615630227701
TESC,-0.007064046024142456,0.8981921083091267,0.9449709084585887
GPRC5D,0.0009321293139841202,0.8983307047546484,0.9450480772564154
MCM2,-0.0011300582749766974,0.8988500045123622,0.9455257074120891
MUC21,-0.0004904719286038528,0.8989586561932873,0.9455713272551615
DRD2,-0.00047071524849240376,0.899207892213609,0.9456415434618145
MRPS16,0.001523742759208524,0.8994419801891258,0.9456415434618145
GOT1,0.0016230538168917619,0.8994824319437599,0.9456415434618145
CXXC5,0.0029768921213655375,0.8994448119786074,0.9456415434618145
CREB3L2,0.0017210950360677657,0.8993058298584147,0.9456415434618145
FZD6,-0.0004867371275372179,0.899278808538023,0.9456415434618145
HSPB1,0.003888383571299059,0.899279921655459,0.9456415434618145
EIF5B,0.0024469255326424744,0.8996606245748903,0.9457602327146691
DDX31,0.0005650392036065099,0.8997449268349834,0.945780210485369
BRF2,0.0015918370071377197,0.8999336741977093,0.9459099664063586
FSIP1,-0.0006017790928707356,0.9002147543395624,0.9461367463793791
DLG1,0.0007740452518909535,0.9004331334499033,0.9462975986713394
NLGN2,0.000811529197543237,0.9005913337313616,0.9463951881132584
AP3S2,-0.0012130381297481563,0.9010959818876226,0.9464673674601202
PARP9,-0.0030069208698844108,0.900817092266123,0.9464673674601202
DUSP14,0.0013010086990759007,0.9011174397455853,0.9464673674601202
BHMT2,0.0005256940250024655,0.9010708690482303,0.9464673674601202
TKTL1,-0.0030152292201668374,0.9008344834898323,0.9464673674601202
BARX1,0.0005515373137816582,0.9008606696220322,0.9464673674601202
C1QTNF3,-0.0004774352233560819,0.9009607938090601,0.9464673674601202
ARIH1,0.0012133629578405802,0.9013463085307514,0.946639107588964
DDX27,0.0016741754896418826,0.9017239479756083,0.9469670578943381
SPATA6L,0.0005356223789938497,0.9019195010921465,0.9470350916208967
CEP55,0.0007422891832105094,0.901868809284217,0.9470350916208967
KLHL34,-0.0006237819334407035,0.9020807101977788,0.9471357018125863
HSPA13,-0.0005229015449650376,0.9021691587846509,0.9471599083674169
NYAP1,-0.0005153286282526537,0.9022423855912501,0.9471681316883139
DET1,0.0008741764377715455,0.9024432971783994,0.9473103867467703
C6orf25,0.0005711348958978846,0.902545581882516,0.9473490983394711
CDKN2AIPNL,0.002890886301173623,0.9027788287719126,0.9475124105738925
PHF3,0.0014280015136458601,0.9028974241052792,0.9475124105738925
ADAM10,0.001231960102384022,0.902869995453521,0.9475124105738925
PHGDH,0.002163591602516668,0.9032153704310358,0.9477117422693113
PPP2R2D,0.0010897911929754756,0.9032182332425831,0.9477117422693113
ZDHHC2,0.0009797170442524816,0.9034542249421638,0.9478331868221838
HSD17B10,0.0013706672843021295,0.9034648562045754,0.9478331868221838
ZNF441,-0.0004906115897362895,0.9036686582379839,0.9479783331584674
PGAP1,-0.0005670729999334156,0.9038211135755769,0.9480617570430444
KRT9,0.0007338568096111331,0.9038790943805164,0.9480617570430444
COLGALT2,-0.001155149029499647,0.9039595978491158,0.9480775391199561
AGO3,0.0006189806102918638,0.9041453918941211,0.9482037402211607
KCTD17,0.0008530314841221909,0.9043127603714801,0.9482419475291768
FBP1,-0.0028312683340079303,0.904291601962311,0.9482419475291768
PBX1,0.0018128914707231658,0.9044059298844517,0.9482709923589401
PFN1P2,-0.0005270090793469961,0.9046923628357089,0.9485026553248214
MAPK8IP1,-0.0034535233438957036,0.9049511277595959,0.9487052789859574
RPL7L1,0.0016405210261911662,0.9053991372689546,0.9490375672458777
GPR180,0.0007623161548035995,0.9053625478012781,0.9490375672458777
NUDT6,0.0003141629205609675,0.9054937846210087,0.9490579760687872
OGT,-0.0034216017263482,0.9055496568123887,0.9490579760687872
CCDC138,-0.0004553413165000464,0.9058423977849392,0.9492274120617176
DIS3,-0.0009080001617274291,0.9058041115016157,0.9492274120617176
TFPI,0.0006054578236831532,0.9060222736052256,0.9493472191925115
KIF7,-0.0005393311628303366,0.9062717105365532,0.9495079532374912
ZNF131,-0.001831510389375346,0.9063067835893617,0.9495079532374912
MCM3AP-AS1,0.001047178941489868,0.9065850169293752,0.9497079840143912
LOC286083,0.0006003964327012667,0.9066288521794384,0.9497079840143912
OR4K13,0.00048647991153139003,0.907215485163116,0.9501205317949386
UCP3,0.0005392149501597387,0.9072194804421432,0.9501205317949386
CLEC4GP1,0.0005915192007988068,0.9071010950714538,0.9501205317949386
SLC19A2,0.001491730093624355,0.9073693078481561,0.9502087379706957
SAMD12,0.0006400971380884357,0.9075996030581415,0.9503811922132823
ZNF829,-0.0003579719826900529,0.9077522121179382,0.9504035738265301
CNR2,0.00048393210946784393,0.9077349768562518,0.9504035738265301
SLC25A23,-0.002834342707632942,0.9079159117814866,0.9505062570468414
EPN2,0.0004275286997055261,0.9080763859557565,0.9506055488712907
ZNF805,0.0012562228741037629,0.9082433778879465,0.9507116488638445
H1F0,0.0035760193524190242,0.9084505747765755,0.9508598153681109
CCR5,0.0007169423366537586,0.90853680727936,0.9508813582364514
ZKSCAN7,0.0004114781575683679,0.9088002008663373,0.9510774048128986
RRP7A,-0.0021437062312008592,0.9088554515337842,0.9510774048128986
FRA10AC1,-0.0005203923558125823,0.9089859011687264,0.951145195241138
ACP6,-0.00074455236275206,0.909416388522066,0.9513894526076997
LUZP2,0.0006823334709213924,0.9094020203174574,0.9513894526076997
IL15,0.0012424475931860357,0.909391774158769,0.9513894526076997
HIST1H2BD,0.00334597100629086,0.9099897802443467,0.9518631720114724
BLVRB,-0.005058604370528741,0.9100006450457648,0.9518631720114724
SP7,-0.0006231177315676462,0.9101944634803097,0.9519152042661129
SERPINE1,-0.0004802427451791047,0.9101431576858866,0.9519152042661129
TP53,0.0013267513174257672,0.9102475544798165,0.9519152042661129
SMIM8,-0.0004139327339300891,0.9106314224944384,0.9520094894409843
CCDC51,-0.0010846551951066985,0.9105091302795386,0.9520094894409843
EFCAB11,-0.0006328607781673767,0.9107764289167808,0.9520094894409843
ZNF585A,-0.0007711644352967895,0.910650592301135,0.9520094894409843
C14orf93,0.001289963113888959,0.9107978110455481,0.9520094894409843
TNS4,0.0004027366743848404,0.9106408312995269,0.9520094894409843
SIN3A,0.0019653204829541693,0.9106931684746881,0.9520094894409843
LOC102724552,-0.00052714215007299,0.9108811248499342,0.9520225551012191
FILIP1L,-0.00028869257004870974,0.9109417696180472,0.9520225551012191
LOC102724479,0.0004344179805872983,0.9111035710168185,0.9521229525690909
PSMD3,0.0009071567986564943,0.9113245886548771,0.9522831953108274
NEK10,-0.000511207191141061,0.9113884046809368,0.9522831953108274
ANKRD35,-0.0008228618415353495,0.9114660451318112,0.9522956212716694
DEFB106A,-0.000509821039954339,0.9116199853217573,0.9523877573139305
KCNA7,0.0006526456486337651,0.9117883644827244,0.952494963661578
RPRM,0.0006843765549016112,0.9119344829299396,0.952510207741923
ZNF575,0.0006242782638263833,0.9119331647478632,0.952510207741923
SNX6,-0.0008046656913931471,0.9122369063343516,0.9526821796850404
ATP10D,0.0007230930058224061,0.9122767156768772,0.9526821796850404
PRR27,0.0003090705368418156,0.9122964534818773,0.9526821796850404
CLEC12B,0.0006707502194185366,0.912418664524742,0.9527411100119936
MFSD8,-0.0011496912594139985,0.9129420639221503,0.953081907025578
PKIG,-0.00043260687637758366,0.9129424453240037,0.953081907025578
YTHDF3,-0.0017117947189886351,0.9128919584029647,0.953081907025578
MMP28,-0.0003840775396630747,0.9136899396420487,0.9537935196955267
TSPAN7,-0.0009692769761393549,0.9140752841012222,0.9538056524039548
SLC19A3,-0.000560996125964941,0.914162528767723,0.9538056524039548
P3H4,-0.0007823894737857273,0.9140065391234481,0.9538056524039548
CRIP3,-0.0006712950216503089,0.9139481127325257,0.9538056524039548
STMND1,0.0009886811516786054,0.9138116543408025,0.9538056524039548
SAG,-0.0004062379448503961,0.9141011330963035,0.9538056524039548
UHRF1BP1,-0.0007410057278365301,0.9140458779778508,0.9538056524039548
USP8,-0.0012833016824389532,0.9145604663933856,0.954077310873469
CIB1,0.002605538969003618,0.9146205096298066,0.954077310873469
FMO1,0.000497301237130543,0.9145776481844741,0.954077310873469
PDCD7,0.0013976346879776003,0.9149330234042243,0.9542277156256515
PKNOX1,-0.0009953371738182781,0.9150856303768242,0.9542277156256515
HAS2,0.00050549754866136,0.9148869683963645,0.9542277156256515
THNSL2,0.001105310025482531,0.9150941017702499,0.9542277156256515
ATG4B,0.0020220949991163195,0.9150778835701033,0.9542277156256515
RIIAD1,0.0005347445895393932,0.9153202000680571,0.95439477199523
SLC5A3,0.0005589560157615026,0.9154864229122194,0.9544993773006467
QRFPR,0.0010087158558773623,0.9157463352689645,0.9545901563028094
AMPH,0.0004209073552967624,0.9156566544075938,0.9545901563028094
PITPNM2,-0.001864700644279793,0.9157712111176151,0.9545901563028094
KRT78,-0.0005221894426146179,0.9162805363473518,0.9550523379717216
RPL36A,0.0005525847587266597,0.916434637135259,0.9551442242402742
MICAL2,-0.002179243306159151,0.9173307938632111,0.955252199688421
FGF14,0.0004692853430556809,0.9174250894297765,0.955252199688421
FARSA-AS1,0.000416537628338709,0.9168834132422016,0.955252199688421
PERP,0.0005418373969741097,0.9173452553266853,0.955252199688421
TNFSF12-TNFSF13,0.0004801554500435401,0.9174615679277565,0.955252199688421
SNORD14B,-0.0004667948149918999,0.917335559672694,0.955252199688421
SOX6,0.00036807393487059414,0.9166293637888403,0.955252199688421
HADHA,-0.0012592505556483502,0.9172128105031221,0.955252199688421
NUBP1,-0.0012658100022830965,0.9174098820405796,0.955252199688421
IL15RA,-0.00033010368395647305,0.9173397206623718,0.955252199688421
EIF2AK1,-0.003335009603395278,0.916768902061242,0.955252199688421
CD3E,-0.003157995444016848,0.9170798634901213,0.955252199688421
ELP3,-0.001452121681216667,0.9173364238535056,0.955252199688421
TCTEX1D4,-0.000408247643725268,0.9167763978985676,0.955252199688421
SPAG11A,-0.0004395597260238304,0.9176543805959732,0.9553156076009541
GGTLC1,0.0003201250061044547,0.9176104177096812,0.9553156076009541
KIF5A,-0.00057964190909221,0.9177847648634998,0.9553826745927074
GTF2H1,-0.0008549295701483217,0.9179287412169944,0.9554638798265863
ABLIM2,-0.0005066156351931639,0.9181660960798118,0.9555049386133061
GOLGB1,-0.0016764871896981504,0.9180510506470111,0.9555049386133061
RHOXF2B,-0.0004494295279870997,0.9181451415122881,0.9555049386133061
ARHGAP8,0.0004222657222374693,0.9184448547113263,0.9557263650864897
FAAP24,0.001040646947460644,0.9186351234152322,0.9558556844501597
DUSP19,-0.0028500521947183444,0.9192550577712153,0.9562683323796547
PPEF1,0.0004504593186398509,0.9191442417049955,0.9562683323796547
LHX3,0.0004751471085713277,0.9192957926024794,0.9562683323796547
PALD1,0.001053027459067657,0.919220235084926,0.9562683323796547
OAZ1,0.0012023964285958755,0.9195359383507297,0.9564494456784178
BCHE,-0.0005387187946030991,0.9196343620492076,0.9564831322648802
ZFP69,-0.0006330020147373716,0.9197192648944703,0.9565027524040718
FAM222A,0.0004561867107835127,0.9200180550670418,0.9567447953468576
CYP51A1,0.0005869891753684797,0.9202240454603948,0.9568216133846632
NDUFA4L2,-0.0003777034753804642,0.9201661539724895,0.9568216133846632
MB21D1,0.0007557213402140661,0.9205564391591983,0.9570298209002173
CCP110,0.001701940059497531,0.9205035168146714,0.9570298209002173
PRAMEF4,-0.00041238068107585235,0.9208947704798314,0.9573128440127666
T,-0.000337975705887672,0.9212926872367998,0.9576577638824321
ACOT4,-0.0008414780376186926,0.9213744416631289,0.9576740160063695
GATA1,0.003079947448629383,0.9215761083396719,0.9578148933116968
DDX55,-0.0017058844400121842,0.9216624467741005,0.957835895750597
PTP4A3,-0.001548088881168752,0.9218307123222531,0.9579307166518692
FGGY,0.0007620126008207606,0.9218859610197739,0.9579307166518692
TMEM244,-0.0004161539180760343,0.9221790798023743,0.958166556087345
MRAS,0.0005188550021664184,0.9225599214738309,0.9584247527346842
CHRM2,0.00042030096234846326,0.9225466656714558,0.9584247527346842
PLB1,0.0006471804358536559,0.9228051431400889,0.9584732659190425
PHLDA1,-0.0005279194191158965,0.9227500613273533,0.9584732659190425
PAX9,0.0006299041304727027,0.9227244111139911,0.9584732659190425
OR10A4,0.0003558159108658643,0.92290132445206,0.9585044301852601
C1orf210,-0.0005812278122734327,0.9229908040028202,0.958528630184043
SCG3,0.0005033763394548529,0.9232048983249795,0.9586822302365217
DRAM1,0.001380271459741067,0.9233521090628017,0.9587663594283189
UGT2B17,-0.00036320770155917614,0.923514527770134,0.9588662666826252
ADAMTS17,0.0005913667438619541,0.923678069540922,0.9589673255845971
DNM3,-0.0008156367143232757,0.9238407836143904,0.9590675107418887
ERCC6L,-0.00028844965423857616,0.9240346895279237,0.9591383954043549
EPHA3,-0.0004296254675102418,0.9240415057630742,0.9591383954043549
YPEL4,-0.0007676838572452382,0.9242912036707838,0.9592600884184317
EIF3A,0.0021018686659406427,0.92429021548881,0.9592600884184317
KCNRG,0.00045044689573803254,0.9243716951321255,0.9592748894671996
WFDC5,-0.0004695731149562121,0.9245353988835753,0.959376036497328
PDZK1IP1,-0.0055632465496380235,0.9246918742944815,0.9594307199019203
OSGEP,-0.0011734275586077203,0.9247205778673576,0.9594307199019203
APOLD1,-0.00037213655145151847,0.9250433845406558,0.959696897191237
LOC105370941,-0.0006497947639436674,0.9253371502699882,0.9599329096483676
ADAMDEC1,-0.0003164161509561225,0.925436904641555,0.9599676378162488
SLC46A3,-0.0012996272555838573,0.9256586376717958,0.9601288819849821
ATF3,0.00040475077235058166,0.9258659013351799,0.9602750959497849
SNORA33,-0.0006231540731764795,0.9260067990929056,0.9603524615538912
GPR1,0.0021919879921181717,0.9261615394129846,0.9604104177877639
GIMAP8,-0.001898500857359764,0.9262449033903859,0.9604104177877639
INTS6L,-0.0006993752727142422,0.926261607710389,0.9604104177877639
GART,-0.0006767408021328691,0.9264061517168152,0.9604227830124079
TRIM74,0.000399237453240886,0.926387597473109,0.9604227830124079
HOXB5,0.0005207959456976496,0.9270248763783084,0.9607244278546448
KIAA0430,-0.0019264362174791216,0.9268762214431798,0.9607244278546448
CCL8,0.002060843289876324,0.927057214587641,0.9607244278546448
ZBTB6,0.0008601828244270138,0.9269149277543659,0.9607244278546448
LYPD5,0.00034223450294934565,0.9270950930767999,0.9607244278546448
ZNF273,0.00025708112620392853,0.9268371645731299,0.9607244278546448
MGST1,0.0008099755568133915,0.9273127081384879,0.960826474168376
IPP,0.000987300113970413,0.9273262415354686,0.960826474168376
SUMO4,0.0006036518553438341,0.9274980259315329,0.9609357230037426
MYLK4,-0.00034728126631033973,0.9278171309142049,0.9611975770088939
OTUB2,0.0003740473014746115,0.928101419173936,0.9613604864236488
FBLN1,-0.00039635429722917337,0.9281071307416378,0.9613604864236488
NEBL,0.00037341337470842006,0.9281911583829779,0.9613787713114311
DMRT2,0.0003099826811405748,0.9285386648835535,0.9616699336555874
NCOA7,-0.0018832827774240002,0.9286718582910781,0.9617338141150018
SPATA9,-0.00034343669232228535,0.9287331440228204,0.9617338141150018
LDLRAD3,0.0003933246254499423,0.92881895825694,0.9617539170284186
EFCAB1,0.00039496255005211367,0.9296335774807543,0.9624072428038069
POM121L12,-0.000602925425318368,0.9296626062838974,0.9624072428038069
TAS2R5,-0.0003491204667565029,0.9295571827866707,0.9624072428038069
AP4E1,0.0008726990218050901,0.9297156960308524,0.9624072428038069
TNNT3,0.00030088948455908593,0.9300138092219778,0.9626470387172964
KLRD1,-0.0027894588094508066,0.9302776877044687,0.9628513669223613
EZR-AS1,0.0005268314596698076,0.9303698209619298,0.9628779197436649
NATD1,0.0006762120134808924,0.9306376390687922,0.962948675830289
TRMT61A,0.0007456983657734284,0.9306096909503152,0.962948675830289
ADGRF1,-0.0003916854637999734,0.9305455685039261,0.962948675830289
EYA1,-0.00031226391450633884,0.9307269670211364,0.9629723116175541
C2orf70,0.0004782894321575526,0.9308217454782469,0.9630015829647807
KRT18,0.00036002105096599735,0.9310311886621064,0.9630119072043097
FAM86C1,-0.0005908965951508804,0.9310139556683497,0.9630119072043097
ZNF236,-0.0003390881977338722,0.9309374485395739,0.9630119072043097
LOC100130798,0.0003993944326552423,0.9317947338290774,0.9634823477163607
OR11H4,0.0004406899797935182,0.9316699516712935,0.9634823477163607
KRTAP9-4,0.0004079456894707789,0.9318186085895319,0.9634823477163607
ZNF776,0.0006971925769141407,0.9316378899129057,0.9634823477163607
ZC3HC1,0.0012087878478217462,0.9316932309043992,0.9634823477163607
COL2A1,0.0004410633796867458,0.9320545839539038,0.9634956761875137
MIPOL1,-0.000248010220774475,0.9320500729171306,0.9634956761875137
ARHGEF35,0.0005823379398641748,0.9319137525883889,0.9634956761875137
CD8A,-0.003987008460399011,0.9320975845580945,0.9634956761875137
MAPK11,0.0008797035771541672,0.9322170902482931,0.9635504413870175
OR2A14,-0.0005943234991505619,0.9324298618888149,0.9637015926643068
INPP5K,-0.0010022541376688565,0.9325220868282653,0.9637281416782444
DIABLO,0.0006620649628823472,0.932596705792726,0.9637364930580654
ALOX15,0.00032920951435766455,0.9327974854971893,0.9638752072441528
LIPE,0.0005200456633813744,0.9330883850406483,0.9641070173297724
ALDH9A1,0.0015868743380078598,0.9332849000162335,0.9642412791094319
SPIN3,0.0005578399887253838,0.9335588148192487,0.9642571808648548
H3F3A,0.001206939619834202,0.9335976958503218,0.9642571808648548
TGFBR2,0.0013222532243268859,0.9336331610362277,0.9642571808648548
SERINC4,-0.0006317619862699075,0.9334325025963552,0.9642571808648548
RCCD1,-0.0002723565340456702,0.9335576247095388,0.9642571808648548
HIST1H2BO,-0.0004021004715415444,0.9339425831768052,0.9645079768080461
AK8,-0.0005038686216556343,0.9343860176231226,0.9648971252854205
FAM13B,-0.001509050157869396,0.934553655040325,0.9649326446823544
ATP12A,0.0005242367634092915,0.9344974918564352,0.9649326446823544
DPYSL4,0.0008153762846445645,0.9347522965197654,0.9650689473798761
HK2,-0.0011335220169197413,0.9350641780201535,0.9653221350280758
GLS2,0.00029088169753421766,0.9352769582156557,0.9654041806439252
USP54,0.00044750747990196516,0.9352531491251833,0.9654041806439252
TAF4B,0.0003633766468711386,0.9356087099652577,0.9656777991261164
FN1,0.0004272421415025818,0.9359118885400083,0.9656943299645586
CST8,0.0002353091345552727,0.9359410017417001,0.9656943299645586
TMEM134,-0.0008869675022182832,0.935940082909554,0.9656943299645586
MBTPS2,-0.0002760433117225958,0.9359580919664785,0.9656943299645586
SKIL,0.0002826629902594746,0.9358708711378747,0.9656943299645586
MCRIP2,-0.0007650781257613204,0.9360855721955402,0.9657570644405018
S100A9,0.0015770945587174623,0.9361617843517037,0.9657669006089799
PDF,-0.00019011539050151072,0.9367106179967216,0.965857871417332
CCDC87,0.0003896847212434551,0.936783442258401,0.965857871417332
ZNF782,-0.00035341043785397375,0.936750926735287,0.965857871417332
DDX25,0.00032625814567044387,0.9366305154221362,0.965857871417332
NOP56,0.0012895885906480942,0.9363310835577852,0.965857871417332
DEFB123,0.0008312670472605532,0.9366004442854295,0.965857871417332
GLCE,-0.000889864768468307,0.9364673239806156,0.965857871417332
RBM20,0.00029448878797566636,0.936483530645294,0.965857871417332
HDAC8,-0.0004208180207410095,0.9368761297277847,0.9658846795485253
SEC24A,0.0006425687669384672,0.9371252874719317,0.9660413759644115
KCNK1,-0.00032811776150065697,0.9371615143383006,0.9660413759644115
HRK,-0.001056316178369876,0.9374039480825821,0.9662225152311499
CABP4,0.00047041739332343013,0.9375046302690381,0.9662322979275381
GAS5,-0.00039314205243190514,0.9375468596433043,0.9662322979275381
GLB1L,-0.0006303831423801753,0.937687166102008,0.9663081404355378
ZFAT-AS1,-0.00031585844133541485,0.9378047251769481,0.9663529936276118
BAGE5,0.0011458020370449518,0.9378791305006738,0.9663529936276118
PELI1,0.002608719563939488,0.9379308467562115,0.9663529936276118
SNORD32A,0.00046486244440924196,0.938031901453841,0.9663883676404746
ST7L,-0.00021672161534436185,0.9382242249396133,0.9663909330495513
NUDT4,-0.0003670614966431174,0.9382345554089194,0.9663909330495513
HTR4,-0.00036599208217769075,0.9381596318050811,0.9663909330495513
RNF39,-0.00040403033226699137,0.9383552342084174,0.9664465058859929
REL,0.0006637189286733403,0.9384553519164797,0.9664808957023813
JADE2,-0.0016006262835297491,0.9386633517657523,0.9664889448336644
CDH9,-0.0008654495173781029,0.9386607056949904,0.9664889448336644
PAOX,0.0004713398588336304,0.938573514100698,0.9664889448336644
CCR9,-0.0004062730452885077,0.9387860354917597,0.9665465551651014
SLC35F5,0.0006299546310195581,0.9389345846486611,0.9666307857026943
CAB39L,0.00024680755185180203,0.9392167010255208,0.9668525016100671
LOC389834,0.00041902388719528005,0.9393203360582357,0.9668904660271116
GTF2A1L,0.0003530989981737065,0.9398076416092693,0.9671909475681358
BMP8B,0.0006889643210321594,0.9397699273973975,0.9671909475681358
SPRR1B,0.0004513985693392897,0.9398125791268948,0.9671909475681358
UNCX,-0.0002040563883056734,0.9400315851624311,0.9673476006744336
GATSL3,-0.003318518850193186,0.9402334676199197,0.9674709770070229
TET1,-0.0002465271366887123,0.9403469296942533,0.9674709770070229
PCDHGA10,-0.00039077913701124345,0.9403518651135645,0.9674709770070229
RRM2,-0.0003112348286959943,0.9406316976798625,0.9675655572858186
ZBTB4,0.001232011412012568,0.9406453824945885,0.9675655572858186
TSR3,-0.0006761169800233446,0.9408446084516342,0.9675655572858186
NDN,-0.0006672890272900744,0.9407555007082817,0.9675655572858186
CCL26,0.0004583418935304451,0.940714699863166,0.9675655572858186
CDH24,0.00042034864259488103,0.9407917656626468,0.9675655572858186
TMEM161A,0.00038005473251345734,0.9409971568204903,0.9675850361627135
UBE2Q1,0.0008057722234893205,0.9409377997185625,0.9675850361627135
PIN1,0.00121883092197983,0.9412439555076892,0.967770103753345
PGAM1,-0.0015496147869331622,0.9413574974231916,0.967818142580743
COL28A1,0.00023917840428033799,0.9416655736972606,0.9679430870322258
TMEM174,-0.00039680797531005396,0.9417463395787162,0.9679430870322258
KLC3,-0.0013302419981346958,0.9415614483302914,0.9679430870322258
ABCB8,-0.0002515764945263399,0.9417358583547862,0.9679430870322258
AKR7A3,0.0007522867502656183,0.9423027277754591,0.9679437703246695
SLC25A43,-0.0005496690442319263,0.942257538779393,0.9679437703246695
KRT3,-0.0007268742063430977,0.9420654111137025,0.9679437703246695
CES3,-0.002003640971082632,0.9420301905128418,0.9679437703246695
HGH1,0.00025492439363539177,0.9423598265923212,0.9679437703246695
RFK,0.00025641872772830254,0.9420312680799134,0.9679437703246695
COL13A1,-0.00038016627934389646,0.9418984400311989,0.9679437703246695
SYNPO,-0.00041973850381005207,0.9423391805797501,0.9679437703246695
GRHL3,0.0002620032260196581,0.942482117708424,0.9679437703246695
CHRDL2,-0.0002959810652569672,0.9422885117363369,0.9679437703246695
SPTBN1,-0.0007586610482750444,0.9424583521555125,0.9679437703246695
ECD,0.00043531309309674526,0.9429647930043821,0.9683568578155306
ANKRD45,-0.00038431746736300454,0.9430849099935014,0.9683568578155306
HUNK,0.00026543116625976637,0.9430779944164043,0.9683568578155306
ANKRD13B,-0.0004002382437935381,0.9431674773883024,0.9683729880550204
MOS,-0.0005971399885833506,0.9435738877703902,0.9686708027541726
ZNF2,-0.0004614711532680005,0.9435912977118628,0.9686708027541726
METTL2B,0.00021017822474611592,0.9438793493556359,0.9688291755415654
MGAT2,0.0006402350492802356,0.9438764214994199,0.9688291755415654
IL20RB,-0.0003452218738155821,0.944032207687847,0.9689174104415232
PTPRF,-0.0002885547204325434,0.9442227931193766,0.9689756933215993
NPHP1,0.00025466330550028005,0.9441661036870475,0.9689756933215993
PAPD7,-0.0008116585984030422,0.9444254433840553,0.969114992701003
HIST1H4B,-0.00024020684383696533,0.9444931044786898,0.9691157640457172
KEL,0.0017615659855847454,0.9446441739513153,0.9692021120288199
RCBTB2,-0.0011150855847592567,0.9448770413224756,0.9692352357736607
TTTY6,0.000310526983851922,0.9448932713490166,0.9692352357736607
SOWAHC,-0.0007828928315936068,0.9449441289947433,0.9692352357736607
EIF3G,0.0014483859232683471,0.9448790388007835,0.9692352357736607
PARVB,0.0008633449168549134,0.9450402868358048,0.9692605794207757
RPAP1,-0.0005754248730385214,0.9451026762744833,0.9692605794207757
CSMD1,0.0003602541409035709,0.9452826139326217,0.9693764783489162
HYAL4,-0.00060356206233525,0.9453777344225381,0.9694053879912242
USP7,-0.0014660392769378916,0.9457370633802107,0.969705197932817
NEFH,-0.0004407240176647065,0.9460355797669201,0.9699426160787195
SRCAP,-0.0006035964419126572,0.9462584111337098,0.9701024084697517
MMAB,-0.0004306347136990851,0.9463469810674905,0.9701245434058696
GOLGA7B,-0.0003291629864179413,0.9465639982621712,0.9701816580260533
CLDN23,0.0005421258231406156,0.9466036447959255,0.9701816580260533
HERC5,0.00396696870121005,0.9464873337832665,0.9701816580260533
MAGEA4,0.0002425634149867406,0.9470621569801425,0.9702473286398684
KCNJ6,-0.00026690038310661635,0.9468689249856936,0.9702473286398684
PRKCG,0.00030661030820855473,0.9471366321208989,0.9702473286398684
LCA5L,0.00029473259867618395,0.9469800870266004,0.9702473286398684
KBTBD6,-0.00024350120879201853,0.9468681772114681,0.9702473286398684
NUP58,0.0005062031784124343,0.9467379131444353,0.9702473286398684
FSCB,0.0002635867695364169,0.9470911086255793,0.9702473286398684
RTKN,-0.0003509626215363326,0.9474690537171855,0.970519220229117
ERCC8,0.00021478513018458045,0.9475695183229218,0.9705534900918746
TLDC1,0.00018734431346612013,0.9477726474065746,0.9706242681918141
RFX5,-0.0006587060163525393,0.9477569968028396,0.9706242681918141
SPTB,0.00040366078091214064,0.94838454584096,0.9709981388761512
HMCES,-0.0004715480941692718,0.9484058734245313,0.9709981388761512
SLC29A1,0.0004106764686007125,0.9483297000732305,0.9709981388761512
TAF6,0.00048362900102016937,0.9483786313511615,0.9709981388761512
MROH7,-0.00033467024121769384,0.948621791778111,0.9710132884886331
ORM2,-0.0007243438452659845,0.9484890652106348,0.9710132884886331
CADPS,-0.000474111907361241,0.9486094300754474,0.9710132884886331
FANCC,0.00023600254217459593,0.9488152941991717,0.9711427263925377
ANXA4,-0.0003971451343502963,0.9489807898354635,0.971243482191694
F7,-0.0002652952601049918,0.9490751311291661,0.9712714053045179
TP53TG3,-0.00041577892623934076,0.9491844114500243,0.9713146118017628
GABARAP,0.0011730902918989372,0.9493077506577721,0.9713721978472039
IGFBP3,-0.00044910785986740365,0.9494156953599434,0.9714140245544942
ZNF691,0.0004224039170921401,0.9495505057402562,0.9714414553390033
MUC6,0.0011415880926515243,0.9495766448971009,0.9714414553390033
KIAA1468,-0.001075859129623602,0.9496908206147895,0.9714896423324112
L1CAM,0.00029324085122617305,0.9497910469824421,0.9715235539896675
OR4N4,0.00026144538931394123,0.9499665498519748,0.9716344543503993
OR4F5,0.0002972165577972419,0.9500398041706456,0.9716407656833519
FIRRE,-0.00026177586114428664,0.9503667624591422,0.971906530216636
MR1,0.0008704401272359163,0.9506231333533658,0.9719862510244227
NUTF2,-0.0007100671460511521,0.950533786878387,0.9719862510244227
CD59,0.00041925494227079696,0.9506460392165129,0.9719862510244227
KLF15,0.000361428573481426,0.9507889602078373,0.9720637608280028
POGLUT1,-0.0009187117687208257,0.9509057791595036,0.9721145754761611
BOLL,0.0001689743096662255,0.951199717513814,0.9722671055692519
NCAPG2,0.0007301829758379341,0.9511561426880265,0.9722671055692519
HNRNPKP3,0.0006323602204085788,0.9512563624013993,0.9722671055692519
PPP4R1,-0.0014424326733966097,0.9513927398833602,0.9723378806428583
RGL3,0.00044825249306246207,0.9515927068516551,0.9724736305679371
AQP1,0.000354344361751302,0.9516901358518074,0.9725045807589655
OR52E6,0.0004553242770626298,0.9517859420491446,0.9725338684049248
NSF,0.0003338313222336353,0.9519098560676323,0.9725918704347903
KIAA1429,0.00039958822323704624,0.9522257893757828,0.9728460417097298
ZNF699,0.00028325142008522874,0.9523102527719769,0.9728637114648973
SEZ6L2,0.00022986296188420852,0.9526923909295769,0.9731168258267978
DAP,-0.001192141009164871,0.952674413215887,0.9731168258267978
PPP2R3B,0.00027752931760005595,0.952896108592453,0.9731190324228365
GOLPH3L,-0.0006173618481000176,0.9528646891036411,0.9731190324228365
NLRP8,-0.0020912291218397883,0.9527948140244052,0.9731190324228365
ROGDI,0.001092547502642205,0.9529820766715308,0.9731382119649219
DENND4C,-0.0007685356603737148,0.9534654320192634,0.973494523993163
AFAP1L2,-0.0002899452157310023,0.9534336234812733,0.973494523993163
TDRD6,0.0004029488456671615,0.9537485813664534,0.9737149822028414
NAP1L5,0.0003181635559137419,0.9539930612870853,0.9738959331605683
C19orf45,0.0003824324962087289,0.9541405415580396,0.9739778422670129
DCDC2B,-0.00021615857021650697,0.9542940390296994,0.9740658816988137
SPC25,0.00017870105178907636,0.9544311618049858,0.9740749563256097
RASSF3,-0.00028665576066977394,0.9545046848335667,0.9740749563256097
REEP6,-0.00033857091223410407,0.9544959560414433,0.9740749563256097
PTPRR,-0.0003990611839483904,0.9546298545038066,0.9741340575336856
SNX31,0.000330212723457457,0.9549147337649614,0.9742874756164907
EXOSC6,0.0009310410217837628,0.9548641050425247,0.9742874756164907
TMEM232,0.00018014575614522244,0.9550422031797146,0.9743488956015345
PRKACA,0.00042587859242182446,0.9551520103996725,0.9743922889582234
TUBGCP4,0.0006005785902543082,0.9554561934310184,0.9745653172996388
CCDC171,-0.00018650141959941635,0.955405333431072,0.9745653172996388
IPO8,0.0015765468043831277,0.9556223046665474,0.974568966293751
PDE8B,0.00028345532513363025,0.9555407112065749,0.974568966293751
CYP27C1,0.0003408502979214134,0.9556749276765323,0.974568966293751
UHRF2,0.0006463467758832664,0.9557289144736564,0.974568966293751
GBP2,0.0015364753308997336,0.9560546578155074,0.974773328294428
DLX3,0.00034416037285822654,0.9561985258497122,0.974773328294428
OXA1L,-0.0008611701609488875,0.9561336407545699,0.974773328294428
PKDCC,0.00024591444512012117,0.9561788178149208,0.974773328294428
EMSY,-0.000523070819722804,0.9565150631697339,0.9750273893272169
SWI5,-0.0005629102402116004,0.9567669069366069,0.9752154736150468
PCDHB17P,0.00027926105701947534,0.9568580277431177,0.9752397209085438
TDRKH,0.00028600033072034847,0.9569493472607691,0.9752641673040374
ERCC6,-0.00027092696008157446,0.9572506680162054,0.9755026156016828
NXNL1,-0.0003945518586645491,0.957340990115395,0.9755260236971564
KCNH1,0.00018466289908047884,0.957425949371471,0.9755439641713954
PALM2-AKAP2,-0.0002759571721888676,0.9576085095125714,0.9756613429783402
APPL2,0.0007908250765300551,0.9579825187681555,0.9758364724550225
CDHR4,-0.00038341596715785187,0.9579373899061012,0.9758364724550225
ALDH7A1,0.00018724539498826687,0.9579683619487657,0.9758364724550225
TRPV3,-0.0002772857862956002,0.9584833275045398,0.9762779546818393
ZNF470,-0.00030776818032851594,0.9587772825537859,0.976508695626822
NECTIN3,0.00028826426178163445,0.9595261947462514,0.9771483511453738
FEN1,0.00045654231005975987,0.9595402511972281,0.9771483511453738
ZNF436,-0.00020870023888441835,0.9598337889753252,0.9773785573339855
FAR1,0.0013194217059409041,0.95995866113169,0.9774369945751422
ATP2B1,-0.00030154361570478017,0.9601106328636875,0.9775230146490685
PNPLA7,-0.0012556933253042857,0.9604830094115198,0.9778334088927007
WDR11,0.00043786472277407285,0.9606002220461178,0.9778840045063234
ETFDH,0.0005636820934666886,0.9610432750206745,0.9779432483458024
OR3A1,0.00027609956342100617,0.9608639245038719,0.9779432483458024
ZNF337,-0.000753902987583821,0.9610417857613673,0.9779432483458024
ZNF815P,0.00043914437665470984,0.9611310508286728,0.9779432483458024
DDX3Y,-0.00025553312438031384,0.961112973732543,0.9779432483458024
ZNF536,-0.00024659285106576334,0.9610959643508732,0.9779432483458024
C20orf141,0.0002615082839767524,0.9610262721009261,0.9779432483458024
JADE3,-0.00029255217555501645,0.9614023910061219,0.9779517068525012
TARDBP,0.0008218369286296934,0.961386999832465,0.9779517068525012
CACNB2,-0.00018123653535173645,0.9613400242716986,0.9779517068525012
TNFSF9,0.0004472002968167743,0.9614094417200196,0.9779517068525012
KLHL1,-0.0002312005592344235,0.9616133008423268,0.9780217013833481
SEMA6D,0.00020635643779076673,0.9615972097521993,0.9780217013833481
GFOD2,0.0009369002681420824,0.9617873029903727,0.9781299885207526
CRK,0.0005987286531077274,0.9619905035516046,0.9781992736198709
MEG3,0.0005362322174597978,0.9619382860084675,0.9781992736198709
ZNF205,-0.00021468362307963673,0.962195871566489,0.9783394176040032
PER1,-0.00043557627906221086,0.9624790154551239,0.978558617145305
ZNF702P,-0.0002031396396491303,0.9627508318915241,0.9787662700299596
MORC2,0.0006340256720758219,0.963619624007007,0.9791684182767987
POLQ,0.00032863344712730225,0.9635623914214608,0.9791684182767987
CLEC11A,0.000547462372722407,0.9635949462024922,0.9791684182767987
ZFAND2A,0.0007721796929249791,0.9633622095396516,0.9791684182767987
NCALD,-0.0010845585782766065,0.9632733104684894,0.9791684182767987
DEFB114,0.00016339979802992843,0.9636032718497417,0.9791684182767987
OXTR,-0.0004390006822507786,0.9634808853501562,0.9791684182767987
PON2,-0.0004919323265593079,0.9637689153276597,0.9791827279465364
OR2A9P,0.000313855505262417,0.9637683295316273,0.9791827279465364
PHIP,0.001003344628605518,0.9642227397843672,0.9794619276058173
PCDHA1,0.00023988244789840962,0.9643089884839706,0.9794619276058173
MDN1,-0.0002871959160843929,0.964381838551958,0.9794619276058173
SAMM50,-0.0007952498409977693,0.9642976548978234,0.9794619276058173
CCNT1,0.0003552629703591492,0.9643535635732451,0.9794619276058173
BCL11B,0.0005971369572757013,0.9648959032843185,0.9795032424425336
C11orf57,-0.0004441166465971591,0.9648880808368088,0.9795032424425336
MAD1L1,0.0007732636239747848,0.9645602460744354,0.9795032424425336
RABGEF1,-0.00029488083496076456,0.9645321718387643,0.9795032424425336
TSPAN19,-0.0001620727128432975,0.9648406499869799,0.9795032424425336
HHATL,-0.0002616722357720036,0.9646283570482069,0.9795032424425336
TRIM31,0.00019575410391237114,0.9648948266693117,0.9795032424425336
MRGPRE,-0.0002182020217063041,0.9653799134672689,0.9799258999691586
MYBPC1,-0.00013646185711468917,0.9654695501148602,0.9799482105020068
PNMAL1,-0.0002282133035356182,0.9659367381683207,0.980285013707256
CDC25B,0.0012638765379708872,0.9658709764197355,0.980285013707256
SNAPIN,0.00046229169277633986,0.9661058358468594,0.9803879301062083
DLX1,0.00021275683457044892,0.9663325602714585,0.9805493066394708
APOM,0.0002622232073914432,0.9665834206727429,0.980666451738863
PNMA1,-0.00034269317394741705,0.9665628051394549,0.980666451738863
NRXN1,-0.0001486400112957753,0.9668855183788019,0.9808557955728526
PSMG3,-0.0002887261000603658,0.9669054853071796,0.9808557955728526
ANKK1,-0.0001280738692548411,0.9672072216478902,0.9809751244230279
BCL2L1,0.002359589895148062,0.9671735367485226,0.9809751244230279
SMCO4,-0.0009346018699769587,0.967226301566229,0.9809751244230279
SNRNP35,-0.00038769540615302134,0.9673948020169052,0.9810086335092666
QRSL1,0.00020641773136098607,0.967337378098234,0.9810086335092666
C1QA,0.0002810873550087578,0.9680967488942522,0.9816517299765016
CASP8,-0.0004694146060764126,0.9682709343533977,0.981759622903368
ABHD1,-0.00020979152169697812,0.968521188700474,0.9819446239071584
DCLK2,0.00012133440117167993,0.9686685019368938,0.9820252384723154
CHCHD10,-0.0008651330361288956,0.9688241122510359,0.9821142526486565
SNORD46,0.0001897552793019841,0.9689709339512125,0.9821256128306062
PRRX1,-0.00017736161106718384,0.9689137173313184,0.9821256128306062
CA5B,0.0007808809411455897,0.9691264511486369,0.9822145069230185
SNX29P2,0.00047117349688718946,0.9691951036339895,0.9822153569153865
RPL18A,0.0009207147273588845,0.9694008018032092,0.9823536284456504
RAI14,-0.00020821793130920696,0.969467188967283,0.9823536284456504
FBXO30,0.0004115444355390352,0.9698380807015494,0.9826607038042141
OR10AD1,0.0002483406444842018,0.970000206249979,0.982706900538173
TACO1,0.0004028926223584861,0.9700193701321637,0.982706900538173
MSC,0.00044126980598591103,0.9701979024660876,0.9827502915811465
ZBTB41,-0.00015027711179893544,0.9701944266983223,0.9827502915811465
TBX21,-0.0004423991800965865,0.9704131537285557,0.9828995887135945
NCOA5,-0.0004875987031223161,0.9705264900168291,0.9829456458571956
DDX51,-0.0005700847301817191,0.9706794420916645,0.9830318164771129
MDM1,-0.00014335137336285442,0.9708848341405564,0.983171078633281
RNF121,0.00025002734771106816,0.971084705362547,0.983304731017277
CTAG2,-0.00021368373400232343,0.9713745089083325,0.9833232028954633
TMPRSS7,0.0002457817183909583,0.9712786220929602,0.9833232028954633
SOX12,0.0006245516984293431,0.971259481689996,0.9833232028954633
CLK2P1,0.0001991306448552166,0.9713504497249741,0.9833232028954633
STAC3,0.0002959431148434888,0.9715214880614833,0.9833403945993436
ZNF576,-0.0004354515611009191,0.9715272746973632,0.9833403945993436
BAALC,-0.00022318674798427196,0.9720028695503434,0.9836842902855767
NAV1,-0.00018831962063803331,0.9719407747721652,0.9836842902855767
SWT1,-0.00030246032596803474,0.9721242757415233,0.9837384203060311
CHMP6,-0.00023863558589543032,0.972270478480129,0.9837489074611379
MUC16,0.0001751824978608596,0.9722494060419851,0.9837489074611379
C1orf87,-0.0001731350136147114,0.9725876169703089,0.9840010508660209
CCNB1,0.00015227038888543376,0.9727559027170277,0.9841025700183998
CNKSR3,-0.0002451706604826853,0.9729151708222391,0.9841949527999239
LAMTOR5-AS1,-0.00014311584760395846,0.9730221483093174,0.9842344295070992
PIF1,-0.00013555301537504505,0.9732139811295616,0.9843027264516725
TAF2,-0.00044648740898267647,0.9732255830926817,0.9843027264516725
ZNF112,-0.00024421971569665857,0.973301243361363,0.9843105159088104
INTU,0.0001153822456059217,0.9739280402914794,0.9846006655672358
PTPRCAP,0.0009011381574630661,0.9736585707486225,0.9846006655672358
TNKS2,0.00031485715537726833,0.973837370086727,0.9846006655672358
F11,0.00017340473453320016,0.973920302754538,0.9846006655672358
LOC101928150,0.000359172843419131,0.9738451261066973,0.9846006655672358
ITGA9,0.0002322215141417061,0.9740418606368061,0.9846470065231365
SPATA32,-0.0001328158095024179,0.9742462770422344,0.9847849170688621
RAB39B,-9.721042454025053e-05,0.9743302595484135,0.9848010802023182
TBATA,0.00014030367138673228,0.9744487570486163,0.9848521245615909
ZNF474,-0.00011872293895098807,0.9745555422223631,0.9848913252545847
SLC22A6,0.0001093814959496342,0.9751722513076093,0.9854063034295778
MELK,0.00011710006047227495,0.9752011842971257,0.9854063034295778
DDX49,0.00014326317332180594,0.9758861215246487,0.9860296187068721
EPSTI1,-0.0017817178082246699,0.9759730961940236,0.9860487113054016
PODXL2,0.0001366498214290246,0.9761634555697968,0.986172245970073
ZNF664,-0.00017500044893470346,0.9763181543472914,0.9862355569626
PTER,0.00024357899979587927,0.9765665809139471,0.9862355569626
COL17A1,0.0001870366159275605,0.9764462091945465,0.9862355569626
SPATA31A1,0.000160818058108525,0.9764964782500659,0.9862355569626
APPL1,-0.00032478162159410573,0.9765507967209819,0.9862355569626
ART4,0.00022548156306889666,0.9768202450472041,0.9864229540029076
FBXL16,0.00037601833337586044,0.9769113320927763,0.9864461610451598
TXNRD3NB,-0.00011037618907927538,0.9770284501884771,0.9864956481373233
DOHH,-0.00027374490085119163,0.9771519405782274,0.9865515619221418
TCF21,-9.577258650139697e-05,0.9772369534961758,0.9865686230179557
GRB7,0.00012238354235272197,0.9778737760133643,0.9870051408904229
FAM71C,-0.00010654155114941943,0.9777479788999396,0.9870051408904229
SLC5A8,0.0004652881710116574,0.9778418448289676,0.9870051408904229
MED12L,8.8946885682617e-05,0.978213378452077,0.9872791145913096
JPH2,-0.0003341353185328799,0.9784974738556085,0.9874970325616383
RUSC1-AS1,-0.00018222859623673315,0.9786952023809081,0.9876277650167264
SPTA1,-0.0002559254090686025,0.9790377218086076,0.9878357619418929
PDK2,0.0002256580810371389,0.9789934786250233,0.9878357619418929
PKD1L1,-0.00010407810604906587,0.9793319143218349,0.9879949465095392
SSRP1,0.00026011143765902744,0.9792713966851049,0.9879949465095392
ACRC,-0.0001956122208071065,0.9796546124695754,0.9882516650654221
ZNF831,0.00027130905498129465,0.9798370409748504,0.9883668571265223
ADAM2,0.00014292997432985288,0.9799735252154995,0.9884356921463298
GNAO1,-7.838783729940957e-05,0.9801562504919029,0.9885511546636531
EIF3K,0.0005028109256208779,0.9803557127000156,0.9886834802079812
PIK3R4,0.00017977520262224544,0.980527409125791,0.9887877876333605
BMP3,0.0001272050251932555,0.980782694285844,0.9889763675881484
PTGER2,0.0005869611746209813,0.9813671831811007,0.9893591063684181
ZNF225,-0.00014923482196493865,0.9812780970961694,0.9893591063684181
BRMS1L,-0.00010683616026696541,0.9813526952391812,0.9893591063684181
TMEM220,8.938547876979897e-05,0.9815329845739157,0.9894078320822851
ELL2,0.00014266382595717886,0.9816243425914462,0.9894078320822851
MAP2K5,0.00014089394144178868,0.981757067294021,0.9894078320822851
TMPO,-9.454841999811947e-05,0.9817351347152309,0.9894078320822851
PACRG,-8.297029946824352e-05,0.9817110007057299,0.9894078320822851
PNMA5,7.321273646176962e-05,0.9819040458762656,0.9894871078043436
ANXA7,0.00019729559101300254,0.9819773990202338,0.9894921836238394
COMMD4,0.00038295947198285774,0.9823397810548541,0.9897884792207657
ITIH2,-9.681201671529749e-05,0.9826237689315989,0.9898183605481411
LOC101928858,-7.623936898237815e-05,0.9825028842605138,0.9898183605481411
TRIL,7.98002352171423e-05,0.9826427924828584,0.9898183605481411
SNORD68,-0.00017914756864900738,0.9825555830196595,0.9898183605481411
IPMK,9.716088663669353e-05,0.9828091874496463,0.9899171259402418
TLE2,-0.0002198105800710337,0.9832763205653414,0.9899745743826224
NPNT,0.00010134725344190798,0.9829913233808864,0.9899745743826224
KRTAP11-1,-0.00012299219243505632,0.9832529717093927,0.9899745743826224
SIGLEC11,7.028302012823673e-05,0.9831808074734388,0.9899745743826224
ZNF592,0.00012267007891431092,0.9832413140423562,0.9899745743826224
NFYB,0.00021469188983758158,0.9830519684104533,0.9899745743826224
MARCH3,0.00019622879193281761,0.9834214007043717,0.9900518223258581
SPATA31D1,7.091990970398143e-05,0.9837214275139421,0.990285040041141
SPOP,0.00015814120009594035,0.9838194316976483,0.990314868907411
C19orf48,0.00012464611303464324,0.9839405295096634,0.9903679381110468
CYP2J2,9.460748811385145e-05,0.9844927249220473,0.9905137235184689
MLC1,-6.401317495985381e-05,0.984364733068593,0.9905137235184689
AKR1B15,-7.342086988693097e-05,0.9844845071081584,0.9905137235184689
C1orf109,0.00018359466710116124,0.9843030474057907,0.9905137235184689
UBB,-0.0006699475735985061,0.9842707840730546,0.9905137235184689
PI4KAP1,-0.0002726659473450965,0.9844956892965947,0.9905137235184689
UGT1A6,-0.0001282557735988732,0.9847189024448904,0.9905318829788036
LINC00563,-8.261519433272468e-05,0.9846683441626618,0.9905318829788036
RBMY1J,-0.00010101915897564595,0.9847031922804266,0.9905318829788036
LCN12,7.32492550818975e-05,0.9848761267658737,0.9906212375053413
TRPS1,0.00019327882591646528,0.9849878379746827,0.9906648041959103
RBBP5,0.00022642015745244493,0.9852423588881295,0.9908519876500256
DIO3,9.40996201785893e-05,0.98550300057213,0.9910453003045707
GOLGA6D,0.00012087065164045896,0.9856666220349749,0.9911410270448886
PXMP2,9.228493179858077e-05,0.9857557298521389,0.9911618182005123
NUDT13,-9.709833891768938e-05,0.9859385397380432,0.9912080106591115
CST9,0.00010245940054876002,0.9858851491026795,0.9912080106591115
ZNF696,0.00016347305568054082,0.9861944395541882,0.9912588662389217
PCDHB16,-6.130856961572562e-05,0.9860681250195452,0.9912588662389217
NEDD1,7.443111894644971e-05,0.9861812695531014,0.9912588662389217
HIST1H2BM,-7.139860887850347e-05,0.9865322093811322,0.9915295621869626
RNASEH2A,0.00015382375214834099,0.9867047799614084,0.9916341960145044
ENHO,9.41583111355726e-05,0.9869171227903712,0.991778783493772
EHD2,8.343622770112802e-05,0.9870140837257886,0.9918074086779743
RAB25,-7.233667932027288e-05,0.9871789015251919,0.9919042115637101
TAF10,0.0002314003978494128,0.9872989441741135,0.9919560146655008
VWA5B1,8.537751278225869e-05,0.9875722539409496,0.9921617899757726
FCGR3B,-0.0005988439442976556,0.9879252061153384,0.9923467336979114
PCDHB6,5.854248485714919e-05,0.9880335146493736,0.9923467336979114
AGAP4,-0.0001031429417031049,0.9881410684531291,0.9923467336979114
HN1,-0.00023556635206389842,0.9882359352981687,0.9923467336979114
TBR1,6.204813061394532e-05,0.9878866842060898,0.9923467336979114
OXLD1,0.00017698849339531364,0.9882037333505567,0.9923467336979114
CCS,-0.00023450347941178507,0.9881693115076831,0.9923467336979114
CDKL1,-0.0001529787023057949,0.9885718225177424,0.9926152012025637
FCGR1A,0.0005345174933077956,0.9887760828529722,0.9927514753945966
C2orf40,-7.713659980090881e-05,0.9888805934114495,0.992787586814406
PICALM,-0.00024900708375064085,0.9889997855897371,0.9928384318326693
CD164,0.00017984362987899516,0.9890955249798605,0.9928657276185667
ZNF347,-6.404766192513733e-05,0.9893061254367228,0.9930083105215172
DUSP22,0.000134956624227911,0.9894639528220963,0.9930979067753616
SSTR3,4.945707937586974e-05,0.9901181229684889,0.993685621748586
GBE1,0.00014206800487670534,0.9902170173213483,0.9937160173825544
MRPS31P5,-8.200192928953243e-05,0.9904932839740815,0.99392439553004
SIM2,-0.00010656630211780538,0.9907287121504075,0.9940229057070172
SLC16A13,-9.285122178948058e-05,0.9906992747087997,0.9940229057070172
RIC3,4.2265104215566396e-05,0.9910428402799799,0.9942692040323633
WDTC1,-9.346207449123511e-05,0.9914047386770235,0.9945633907049459
ATP6V0E2,0.00027408335348688695,0.9915598174147529,0.9946500724035793
WDR87,-4.9430427948138345e-05,0.9916400945693076,0.9946617125860008
SLC26A7,3.867695803005944e-05,0.9920130244805582,0.9949668753255595
PDE1A,2.904944737913695e-05,0.9923279535257111,0.9952138262613489
VIT,-3.9741120257730245e-05,0.9925631297067481,0.9953561300215995
CDC42EP3,0.00012475900934738604,0.9930431541843728,0.9953561300215995
COL10A1,3.2482588872895235e-05,0.9930472702235492,0.9953561300215995
PHB,0.0001152560810302461,0.9930894935890291,0.9953561300215995
FAM151A,-4.031533479675886e-05,0.992732860742221,0.9953561300215995
NRN1,-3.654446976231185e-05,0.9927124509053494,0.9953561300215995
RBM28,-7.185376033014279e-05,0.9931295590853639,0.9953561300215995
MPI,-7.10894793769512e-05,0.992854128890037,0.9953561300215995
MFSD11,-0.0001730292732737837,0.9931179448719427,0.9953561300215995
ELK4,-2.1484425289486353e-05,0.9931570554454678,0.9953561300215995
PKP2,5.2971980552207754e-05,0.9934719958116276,0.9953962636507757
ZNF573,8.47651109241454e-05,0.993401543272831,0.9953962636507757
ATP2C1,4.7011701295396335e-05,0.9934545516682529,0.9953962636507757
RACK1,0.00015864537867393835,0.9934122617222889,0.9953962636507757
LOC101927505,3.4477736583049534e-05,0.9939306553561839,0.9957869275907151
TMEM8C,-3.330662430567344e-05,0.9940508804138651,0.9958384943916464
HIRA,5.823340197874671e-05,0.9941899346479156,0.9959089157922684
EFNB1,-4.2806512875692704e-05,0.9945287903670915,0.9961794605585722
BECN1,9.156626012618574e-05,0.9948518137447033,0.99627006244322
TRAF4,2.6500651399530284e-05,0.9947632849282706,0.99627006244322
VWCE,-0.00041597368760726283,0.9949305102090122,0.99627006244322
ALOX15B,3.967968922236054e-05,0.9949631630241078,0.99627006244322
KLK11,2.2683914993493204e-05,0.9949228698393209,0.99627006244322
TMEM225,-2.8816161870892643e-05,0.9953946943559118,0.9966332609602535
SNX19,5.108543023002454e-05,0.9958441414082064,0.9970143460397084
PCOLCE2,-2.1868405488234544e-05,0.9963270198217667,0.9974288467720811
CDK19,-8.37694924609167e-05,0.9965484960614057,0.9975816170401134
TRIM65,-3.396125968624375e-05,0.9967360896153505,0.9976315059075901
GTSF1L,-1.0832191503773458e-05,0.9967311625318359,0.9976315059075901
LRRC20,1.6368307957925765e-05,0.9973982667184512,0.9982252967903571
FAT1,1.1755254124778958e-05,0.9979296448139762,0.9986643858085943
B3GNT2,2.100883725653091e-05,0.9979748909274782,0.9986643858085943
GPC4,-9.824526490120888e-06,0.9980893018114263,0.9987098754705837
ALS2CL,-7.212081260199454e-06,0.9984326348543039,0.9989844075179426
KRTAP4-7,-1.2548980298454637e-05,0.9985841234564962,0.9990669644362707
SAPCD1,5.838582697315076e-06,0.9989944855720861,0.9993394660560878
TPI1,1.9214559907609896e-05,0.9989598682560731,0.9993394660560878
NLE1,4.027080543700379e-06,0.9991795383843989,0.999451114374299
GEMIN8,-5.174220234493987e-06,0.9992441029587285,0.999451114374299
CHID1,-3.5151025219448684e-06,0.9993618166011898,0.9994998309385191
MPP1,-6.984750964278419e-06,0.9998830060304871,0.9999520444207398
NDUFS2,3.3322811177072253e-07,0.9999726604190716,0.9999726604190716
